/*******************************************************************************
 * Size: 14 px
 * Bpp: 4
 * Opts: --no-compress --no-prefilter --bpp 4 --size 14 --font assets/fonts/atkinson-hyperlegible-next/AtkinsonHyperlegibleNext-Medium.ttf -r 0x20-0x7F,0xA0-0xFF,0x100-0x17F --font assets/fonts/atkinson-hyperlegible-next/FontAwesome5-Solid+Brands+Regular.woff -r 0xF0E0 --format lvgl --lv-include lvgl.h -o src/fonts/lv_font_ratdeck_14.c --force-fast-kern-format
 ******************************************************************************/

#ifdef LV_LVGL_H_INCLUDE_SIMPLE
#include "lvgl.h"
#else
#include "lvgl.h"
#endif

#ifndef LV_FONT_RATDECK_14
#define LV_FONT_RATDECK_14 1
#endif

#if LV_FONT_RATDECK_14

/*-----------------
 *    BITMAPS
 *----------------*/

/*Store the image of the glyphs*/
static LV_ATTRIBUTE_LARGE_CONST const uint8_t glyph_bitmap[] = {
    /* U+0020 " " */

    /* U+0021 "!" */
    0xcd, 0xc, 0xd0, 0xbd, 0xa, 0xb0, 0x9a, 0x8,
    0x90, 0x23, 0xd, 0xe0, 0xcd, 0x0,

    /* U+0022 "\"" */
    0x6e, 0x3f, 0x15, 0xd2, 0xf1, 0x4c, 0x1f, 0x0,
    0x10, 0x10,

    /* U+0023 "#" */
    0x0, 0xd, 0x90, 0xac, 0x0, 0x0, 0xf, 0x60,
    0xc9, 0x0, 0xe, 0xff, 0xff, 0xff, 0xf3, 0x6,
    0x9f, 0x77, 0xf9, 0x60, 0x0, 0x6f, 0x3, 0xf3,
    0x0, 0x1, 0x9e, 0x16, 0xf3, 0x10, 0x6f, 0xff,
    0xff, 0xff, 0xb0, 0x24, 0xeb, 0x4c, 0xd4, 0x20,
    0x0, 0xf6, 0xc, 0x90, 0x0,

    /* U+0024 "$" */
    0x0, 0x3, 0x60, 0x0, 0x0, 0x4, 0x90, 0x0,
    0x2, 0xae, 0xfd, 0x70, 0x1e, 0xc8, 0xa9, 0xf5,
    0x4f, 0x44, 0x90, 0x10, 0x1e, 0xea, 0xa0, 0x0,
    0x2, 0x9e, 0xff, 0xa1, 0x0, 0x4, 0xa6, 0xfb,
    0x16, 0x4, 0x90, 0xae, 0x3f, 0xb7, 0xa6, 0xf8,
    0x3, 0xbf, 0xfd, 0x70, 0x0, 0x4, 0x90, 0x0,

    /* U+0025 "%" */
    0x5, 0xee, 0x70, 0x0, 0x4f, 0x30, 0x4, 0xf6,
    0x5f, 0x60, 0x1e, 0x70, 0x0, 0x7c, 0x0, 0x9a,
    0xb, 0xb0, 0x0, 0x5, 0xf3, 0x2d, 0x86, 0xe1,
    0x0, 0x0, 0x9, 0xff, 0xb3, 0xf4, 0x6e, 0xf8,
    0x0, 0x1, 0x20, 0xd8, 0x4f, 0x65, 0xe6, 0x0,
    0x0, 0x9c, 0x8, 0xb0, 0x9, 0xa0, 0x0, 0x5f,
    0x20, 0x4f, 0x32, 0xe6, 0x0, 0x1e, 0x50, 0x0,
    0x6e, 0xf8, 0x0,

    /* U+0026 "&" */
    0x0, 0x3b, 0xfd, 0x70, 0x0, 0x0, 0xc, 0xd4,
    0x8f, 0x30, 0x0, 0x0, 0xab, 0x2, 0xf2, 0x0,
    0x0, 0x3, 0xf8, 0xa4, 0x1, 0x0, 0x6, 0xfa,
    0xde, 0x17, 0xe0, 0x1, 0xf8, 0x2, 0xed, 0xda,
    0x0, 0x3f, 0x60, 0x2, 0xff, 0x30, 0x0, 0xee,
    0x65, 0xaf, 0xfb, 0x0, 0x2, 0xbf, 0xfb, 0x44,
    0xf9, 0x0,

    /* U+0027 "'" */
    0x6e, 0x5d, 0x4c, 0x1,

    /* U+0028 "(" */
    0x0, 0xca, 0x4, 0xf2, 0xa, 0xb0, 0xf, 0x60,
    0x2f, 0x30, 0x3f, 0x20, 0x3f, 0x20, 0x2f, 0x30,
    0xf, 0x60, 0xa, 0xb0, 0x4, 0xf2, 0x0, 0xca,

    /* U+0029 ")" */
    0x4f, 0x20, 0xb, 0xa0, 0x5, 0xf1, 0x1, 0xf5,
    0x0, 0xd8, 0x0, 0xca, 0x0, 0xca, 0x0, 0xd8,
    0x1, 0xf5, 0x5, 0xf1, 0xb, 0xa0, 0x4f, 0x20,

    /* U+002A "*" */
    0x0, 0x1d, 0x0, 0x9, 0x7e, 0x77, 0x5, 0xcf,
    0xa3, 0x1, 0xe9, 0xb0, 0x1, 0x50, 0x60,

    /* U+002B "+" */
    0x0, 0x7, 0xe0, 0x0, 0x0, 0x7, 0xe0, 0x0,
    0x1, 0x17, 0xe1, 0x10, 0x4f, 0xff, 0xff, 0xfb,
    0x14, 0x49, 0xe4, 0x42, 0x0, 0x7, 0xe0, 0x0,
    0x0, 0x7, 0xe0, 0x0,

    /* U+002C "," */
    0x2b, 0x54, 0xfa, 0xb, 0x41, 0xd0,

    /* U+002D "-" */
    0x1, 0x11, 0x8, 0xff, 0xfb, 0x24, 0x44, 0x20,

    /* U+002E "." */
    0x0, 0x3, 0xf8, 0x3f, 0x70,

    /* U+002F "/" */
    0x0, 0x3, 0xf4, 0x0, 0x8, 0xe0, 0x0, 0xd,
    0x90, 0x0, 0x3f, 0x40, 0x0, 0x8e, 0x0, 0x0,
    0xd9, 0x0, 0x3, 0xf4, 0x0, 0x8, 0xe0, 0x0,
    0xe, 0x90, 0x0, 0x3f, 0x40, 0x0, 0x8e, 0x0,
    0x0,

    /* U+0030 "0" */
    0x0, 0x7d, 0xfe, 0x80, 0x0, 0x6f, 0x93, 0x7f,
    0x80, 0xe, 0xfb, 0x0, 0x9f, 0x11, 0xf7, 0xb7,
    0x5, 0xf3, 0x3f, 0x51, 0xe4, 0x3f, 0x51, 0xf7,
    0x3, 0xe6, 0xf3, 0xe, 0xb0, 0x7, 0xff, 0x10,
    0x6f, 0x84, 0x7f, 0x80, 0x0, 0x7d, 0xfe, 0x80,
    0x0,

    /* U+0031 "1" */
    0x0, 0x4f, 0x67, 0xff, 0xf6, 0x12, 0x3f, 0x60,
    0x1, 0xf6, 0x0, 0x1f, 0x60, 0x1, 0xf6, 0x0,
    0x1f, 0x60, 0x1, 0xf6, 0x0, 0x1f, 0x60,

    /* U+0032 "2" */
    0x2, 0xbe, 0xfb, 0x20, 0xe, 0xc4, 0x4d, 0xd0,
    0x4, 0x20, 0x7, 0xf1, 0x0, 0x0, 0xc, 0xe0,
    0x0, 0x0, 0x8f, 0x50, 0x0, 0x9, 0xf6, 0x0,
    0x1, 0xce, 0x40, 0x0, 0x4e, 0xd5, 0x55, 0x51,
    0x9f, 0xff, 0xff, 0xf4,

    /* U+0033 "3" */
    0x4, 0xcf, 0xec, 0x40, 0x1e, 0x93, 0x4b, 0xf1,
    0x0, 0x0, 0x2a, 0xe0, 0x0, 0xf, 0xfe, 0x30,
    0x0, 0x3, 0x5d, 0xd0, 0x0, 0x0, 0x3, 0xf5,
    0x2a, 0x10, 0x3, 0xf5, 0x1e, 0xc4, 0x4d, 0xe1,
    0x2, 0xbf, 0xfb, 0x20,

    /* U+0034 "4" */
    0x0, 0x0, 0x5f, 0x90, 0x0, 0x0, 0x2f, 0xf9,
    0x0, 0x0, 0xc, 0xbe, 0x90, 0x0, 0x9, 0xe1,
    0xe9, 0x0, 0x5, 0xf3, 0xe, 0x90, 0x2, 0xf7,
    0x11, 0xe9, 0x10, 0x8f, 0xff, 0xff, 0xff, 0x22,
    0x44, 0x44, 0xfa, 0x40, 0x0, 0x0, 0xe, 0x90,
    0x0,

    /* U+0035 "5" */
    0x8, 0xff, 0xff, 0xf2, 0xa, 0xc4, 0x44, 0x40,
    0xc, 0x90, 0x0, 0x0, 0xe, 0xbd, 0xfc, 0x40,
    0xd, 0xc4, 0x4c, 0xf2, 0x0, 0x0, 0x1, 0xf7,
    0x5, 0x10, 0x1, 0xf7, 0xe, 0xc4, 0x4c, 0xf2,
    0x2, 0xbe, 0xfb, 0x30,

    /* U+0036 "6" */
    0x0, 0x5d, 0xfe, 0x70, 0x4, 0xf8, 0x48, 0xb1,
    0xb, 0xb0, 0x0, 0x0, 0xf, 0x9c, 0xfe, 0x70,
    0x1f, 0xf6, 0x39, 0xf6, 0x1f, 0x90, 0x0, 0xeb,
    0xe, 0x90, 0x0, 0xea, 0x8, 0xf6, 0x39, 0xf4,
    0x0, 0x8e, 0xfd, 0x50,

    /* U+0037 "7" */
    0xcf, 0xff, 0xff, 0xd3, 0x55, 0x55, 0xfb, 0x0,
    0x0, 0x6f, 0x40, 0x0, 0xd, 0xc0, 0x0, 0x6,
    0xf4, 0x0, 0x0, 0xec, 0x0, 0x0, 0x6f, 0x40,
    0x0, 0xe, 0xc0, 0x0, 0x7, 0xf4, 0x0, 0x0,

    /* U+0038 "8" */
    0x0, 0x5d, 0xfb, 0x10, 0x2, 0xf9, 0x5c, 0xc0,
    0x2, 0xf5, 0x19, 0xc0, 0x1, 0xdf, 0xff, 0x80,
    0xc, 0xe6, 0x48, 0xf7, 0x3f, 0x60, 0x0, 0xcd,
    0x3f, 0x60, 0x0, 0xcd, 0xc, 0xe6, 0x49, 0xf7,
    0x1, 0x9e, 0xfd, 0x60,

    /* U+0039 "9" */
    0x1, 0x9e, 0xfa, 0x10, 0xc, 0xf8, 0x8e, 0xd0,
    0x3f, 0x50, 0x3, 0xf5, 0x3f, 0x30, 0x1, 0xf6,
    0xd, 0xd4, 0x4c, 0xf1, 0x2, 0xcf, 0xff, 0x90,
    0x0, 0x2, 0xbf, 0x10, 0x0, 0x4, 0xf6, 0x0,
    0x0, 0xd, 0xc0, 0x0,

    /* U+003A ":" */
    0x3e, 0x74, 0xf8, 0x0, 0x0, 0x0, 0x0, 0x3,
    0xf8, 0x3f, 0x70,

    /* U+003B ";" */
    0x3e, 0x74, 0xf8, 0x0, 0x0, 0x0, 0x0, 0x3,
    0xe7, 0x3f, 0x90, 0xb3, 0x1a, 0x0,

    /* U+003C "<" */
    0x0, 0x0, 0x2, 0x93, 0x0, 0x4, 0xbf, 0xd2,
    0x6, 0xdf, 0xa4, 0x0, 0x6f, 0xd2, 0x0, 0x0,
    0x18, 0xee, 0x82, 0x0, 0x0, 0x6, 0xdf, 0xb2,
    0x0, 0x0, 0x4, 0xb4, 0x0, 0x0, 0x0, 0x0,

    /* U+003D "=" */
    0x1, 0x11, 0x11, 0x10, 0x2f, 0xff, 0xff, 0xfd,
    0x4, 0x44, 0x44, 0x43, 0x1, 0x11, 0x11, 0x10,
    0x2f, 0xff, 0xff, 0xfd, 0x4, 0x44, 0x44, 0x43,

    /* U+003E ">" */
    0x58, 0x10, 0x0, 0x0, 0x4e, 0xfa, 0x30, 0x0,
    0x0, 0x5b, 0xfc, 0x50, 0x0, 0x0, 0x3e, 0xf4,
    0x0, 0x39, 0xfe, 0x70, 0x3c, 0xfc, 0x50, 0x0,
    0x6a, 0x30, 0x0, 0x0, 0x0, 0x0, 0x0, 0x0,

    /* U+003F "?" */
    0x6, 0xdf, 0xd9, 0x15, 0xf8, 0x46, 0xfa, 0x14,
    0x0, 0xc, 0xb0, 0x0, 0x1a, 0xf4, 0x0, 0x3f,
    0xc2, 0x0, 0x9, 0xf0, 0x0, 0x0, 0x1, 0x0,
    0x0, 0xb, 0xe1, 0x0, 0x0, 0xad, 0x0, 0x0,

    /* U+0040 "@" */
    0x0, 0x8, 0xde, 0xd8, 0x10, 0x0, 0x1d, 0x81,
    0x1, 0x8d, 0x10, 0xc, 0x60, 0x9d, 0xd4, 0x6c,
    0x3, 0xd0, 0xaa, 0x2b, 0x70, 0xd2, 0x69, 0xf,
    0x30, 0xa7, 0xa, 0x56, 0x91, 0xf1, 0xb, 0x70,
    0xa4, 0x3d, 0xd, 0x62, 0xf9, 0x1e, 0x10, 0xc7,
    0x3e, 0xe7, 0xce, 0x50, 0x1, 0xd9, 0x10, 0x11,
    0x0, 0x0, 0x0, 0x8d, 0xed, 0x40, 0x0,

    /* U+0041 "A" */
    0x0, 0x8, 0xfa, 0x0, 0x0, 0x0, 0xef, 0xf0,
    0x0, 0x0, 0x5f, 0x5f, 0x60, 0x0, 0xb, 0xd0,
    0xcc, 0x0, 0x2, 0xf7, 0x7, 0xf3, 0x0, 0x8f,
    0x31, 0x2f, 0x90, 0xe, 0xff, 0xff, 0xfe, 0x4,
    0xf8, 0x44, 0x48, 0xf5, 0xbf, 0x10, 0x0, 0xf,
    0xc0,

    /* U+0042 "B" */
    0xff, 0xff, 0xea, 0x10, 0xfb, 0x55, 0x7f, 0xb0,
    0xf9, 0x0, 0xb, 0xe0, 0xf9, 0x0, 0x2e, 0xa0,
    0xff, 0xff, 0xff, 0x30, 0xfb, 0x33, 0x4c, 0xe1,
    0xf9, 0x0, 0x5, 0xf4, 0xfb, 0x55, 0x6d, 0xf1,
    0xff, 0xff, 0xfb, 0x30,

    /* U+0043 "C" */
    0x0, 0x4c, 0xff, 0xb3, 0x0, 0x6f, 0xc6, 0x6c,
    0xf4, 0x1f, 0xc0, 0x0, 0x6, 0x15, 0xf5, 0x0,
    0x0, 0x0, 0x6f, 0x30, 0x0, 0x0, 0x5, 0xf5,
    0x0, 0x0, 0x0, 0x1f, 0xc0, 0x0, 0x5, 0x10,
    0x7f, 0xc6, 0x6b, 0xf5, 0x0, 0x5c, 0xff, 0xb4,
    0x0,

    /* U+0044 "D" */
    0xff, 0xff, 0xc8, 0x10, 0xfb, 0x56, 0x9f, 0xd1,
    0xf9, 0x0, 0x4, 0xf8, 0xf9, 0x0, 0x0, 0xdc,
    0xf9, 0x0, 0x0, 0xce, 0xf9, 0x0, 0x0, 0xdd,
    0xf9, 0x0, 0x3, 0xf8, 0xfb, 0x56, 0x9f, 0xd1,
    0xff, 0xfe, 0xc8, 0x10,

    /* U+0045 "E" */
    0xff, 0xff, 0xff, 0x9f, 0xc6, 0x66, 0x63, 0xf9,
    0x0, 0x0, 0xf, 0xa1, 0x11, 0x0, 0xff, 0xff,
    0xf1, 0xf, 0xb4, 0x44, 0x0, 0xf9, 0x0, 0x0,
    0xf, 0xc6, 0x66, 0x63, 0xff, 0xff, 0xff, 0x90,

    /* U+0046 "F" */
    0xff, 0xff, 0xff, 0x4f, 0xc6, 0x66, 0x61, 0xf9,
    0x0, 0x0, 0xf, 0xa1, 0x11, 0x10, 0xff, 0xff,
    0xff, 0x3f, 0xb4, 0x44, 0x40, 0xf9, 0x0, 0x0,
    0xf, 0x90, 0x0, 0x0, 0xf9, 0x0, 0x0, 0x0,

    /* U+0047 "G" */
    0x0, 0x4b, 0xef, 0xc5, 0x0, 0x6, 0xfc, 0x66,
    0xbf, 0x60, 0x1f, 0xc0, 0x0, 0x4, 0x0, 0x5f,
    0x50, 0x0, 0x11, 0x10, 0x6f, 0x30, 0xf, 0xff,
    0xf1, 0x5f, 0x50, 0x3, 0x49, 0xf1, 0x1f, 0xc0,
    0x0, 0xb, 0xf1, 0x7, 0xfc, 0x66, 0xbf, 0xf1,
    0x0, 0x5c, 0xff, 0xb2, 0xf1,

    /* U+0048 "H" */
    0xf9, 0x0, 0x0, 0xdc, 0xf9, 0x0, 0x0, 0xdc,
    0xf9, 0x0, 0x0, 0xdc, 0xfa, 0x11, 0x11, 0xdc,
    0xff, 0xff, 0xff, 0xfc, 0xfb, 0x44, 0x44, 0xec,
    0xf9, 0x0, 0x0, 0xdc, 0xf9, 0x0, 0x0, 0xdc,
    0xf9, 0x0, 0x0, 0xdc,

    /* U+0049 "I" */
    0x4f, 0xff, 0xf0, 0x2f, 0xb2, 0x0, 0xfa, 0x0,
    0xf, 0xa0, 0x0, 0xfa, 0x0, 0xf, 0xa0, 0x0,
    0xfa, 0x0, 0x2f, 0xb2, 0x4f, 0xff, 0xf0,

    /* U+004A "J" */
    0x0, 0x0, 0x2f, 0x70, 0x0, 0x2, 0xf7, 0x0,
    0x0, 0x2f, 0x70, 0x0, 0x2, 0xf7, 0x0, 0x0,
    0x2f, 0x70, 0x0, 0x2, 0xf7, 0x9c, 0x0, 0x4f,
    0x57, 0xf8, 0x5c, 0xf1, 0x8, 0xef, 0xc3, 0x0,

    /* U+004B "K" */
    0xf9, 0x0, 0x1d, 0xe2, 0xf9, 0x0, 0xce, 0x20,
    0xf9, 0xc, 0xf3, 0x0, 0xfa, 0xbf, 0x30, 0x0,
    0xff, 0xff, 0x70, 0x0, 0xff, 0x5b, 0xf3, 0x0,
    0xfa, 0x1, 0xee, 0x10, 0xf9, 0x0, 0x3f, 0xb0,
    0xf9, 0x0, 0x7, 0xf7,

    /* U+004C "L" */
    0xf9, 0x0, 0x0, 0xf, 0x90, 0x0, 0x0, 0xf9,
    0x0, 0x0, 0xf, 0x90, 0x0, 0x0, 0xf9, 0x0,
    0x0, 0xf, 0x90, 0x0, 0x0, 0xf9, 0x0, 0x0,
    0xf, 0xc6, 0x66, 0x62, 0xff, 0xff, 0xff, 0x70,

    /* U+004D "M" */
    0xff, 0xb0, 0x0, 0xf, 0xfb, 0xff, 0xf1, 0x0,
    0x4f, 0xfb, 0xfa, 0xf5, 0x0, 0xac, 0xdb, 0xf9,
    0xbb, 0x0, 0xf7, 0xdb, 0xf9, 0x6f, 0x4, 0xf2,
    0xdb, 0xf9, 0x1f, 0x5a, 0xc0, 0xdb, 0xf9, 0xb,
    0xbe, 0x70, 0xdb, 0xf9, 0x6, 0xff, 0x10, 0xdb,
    0xf9, 0x1, 0xfc, 0x0, 0xdb,

    /* U+004E "N" */
    0xff, 0x70, 0x0, 0xbd, 0xff, 0xf1, 0x0, 0xbd,
    0xfa, 0xe9, 0x0, 0xbd, 0xf9, 0x6f, 0x20, 0xbd,
    0xf9, 0xd, 0xb0, 0xbd, 0xf9, 0x5, 0xf4, 0xbd,
    0xf9, 0x0, 0xcd, 0xbd, 0xf9, 0x0, 0x3f, 0xfd,
    0xf9, 0x0, 0xa, 0xfd,

    /* U+004F "O" */
    0x0, 0x4b, 0xef, 0xc5, 0x0, 0x5, 0xfc, 0x66,
    0xbf, 0x80, 0xf, 0xc0, 0x0, 0xa, 0xf2, 0x5f,
    0x50, 0x0, 0x3, 0xf8, 0x6f, 0x30, 0x0, 0x1,
    0xf9, 0x5f, 0x50, 0x0, 0x3, 0xf8, 0xf, 0xc0,
    0x0, 0xa, 0xf3, 0x6, 0xfc, 0x66, 0xbf, 0x80,
    0x0, 0x4b, 0xff, 0xc6, 0x0,

    /* U+0050 "P" */
    0xff, 0xff, 0xea, 0x20, 0xfb, 0x55, 0x8f, 0xd0,
    0xf9, 0x0, 0x9, 0xf1, 0xfa, 0x11, 0x3d, 0xf0,
    0xff, 0xff, 0xfe, 0x50, 0xfb, 0x44, 0x30, 0x0,
    0xf9, 0x0, 0x0, 0x0, 0xf9, 0x0, 0x0, 0x0,
    0xf9, 0x0, 0x0, 0x0,

    /* U+0051 "Q" */
    0x0, 0x4b, 0xef, 0xc6, 0x0, 0x0, 0x5f, 0xc6,
    0x6b, 0xf9, 0x0, 0xf, 0xc0, 0x0, 0xa, 0xf3,
    0x5, 0xf5, 0x0, 0x0, 0x3f, 0x80, 0x6f, 0x30,
    0x1a, 0x21, 0xf9, 0x5, 0xf5, 0x1, 0xce, 0x6f,
    0x70, 0xf, 0xc0, 0x0, 0xbf, 0xf2, 0x0, 0x6f,
    0xc6, 0x6b, 0xff, 0x70, 0x0, 0x4b, 0xff, 0xc4,
    0x7f, 0x50, 0x0, 0x0, 0x0, 0x0, 0x30,

    /* U+0052 "R" */
    0xff, 0xff, 0xea, 0x20, 0xfb, 0x55, 0x7f, 0xd0,
    0xf9, 0x0, 0x8, 0xf2, 0xfa, 0x11, 0x3d, 0xf0,
    0xff, 0xff, 0xfe, 0x40, 0xfb, 0x4d, 0xe1, 0x0,
    0xf9, 0x3, 0xfb, 0x0, 0xf9, 0x0, 0x7f, 0x60,
    0xf9, 0x0, 0xc, 0xf2,

    /* U+0053 "S" */
    0x2, 0xae, 0xfc, 0x50, 0x1e, 0xd6, 0x6a, 0xf5,
    0x4f, 0x50, 0x0, 0x20, 0x1e, 0xe7, 0x30, 0x0,
    0x1, 0x8d, 0xff, 0xa1, 0x0, 0x0, 0x15, 0xfb,
    0x28, 0x10, 0x0, 0xce, 0x2f, 0xd7, 0x59, 0xf9,
    0x2, 0xae, 0xfd, 0x70,

    /* U+0054 "T" */
    0xdf, 0xff, 0xff, 0xfe, 0x56, 0x6d, 0xe6, 0x65,
    0x0, 0xc, 0xd0, 0x0, 0x0, 0xc, 0xd0, 0x0,
    0x0, 0xc, 0xd0, 0x0, 0x0, 0xc, 0xd0, 0x0,
    0x0, 0xc, 0xd0, 0x0, 0x0, 0xc, 0xd0, 0x0,
    0x0, 0xc, 0xd0, 0x0,

    /* U+0055 "U" */
    0xf, 0x90, 0x0, 0xf, 0xa0, 0xf9, 0x0, 0x0,
    0xfa, 0xf, 0x90, 0x0, 0xf, 0xa0, 0xf9, 0x0,
    0x0, 0xfa, 0xf, 0x90, 0x0, 0xf, 0xa0, 0xf9,
    0x0, 0x0, 0xf9, 0xd, 0xd0, 0x0, 0x3f, 0x70,
    0x7f, 0xb6, 0x7d, 0xf1, 0x0, 0x7d, 0xff, 0xc4,
    0x0,

    /* U+0056 "V" */
    0xaf, 0x10, 0x0, 0x7f, 0x35, 0xf5, 0x0, 0xc,
    0xe0, 0xe, 0xb0, 0x2, 0xf8, 0x0, 0x9f, 0x10,
    0x7f, 0x20, 0x4, 0xf5, 0xc, 0xd0, 0x0, 0xe,
    0xb2, 0xf7, 0x0, 0x0, 0x8f, 0x8f, 0x10, 0x0,
    0x3, 0xff, 0xc0, 0x0, 0x0, 0xd, 0xf6, 0x0,
    0x0,

    /* U+0057 "W" */
    0xaf, 0x0, 0xe, 0xf1, 0x0, 0xec, 0x6f, 0x40,
    0x2f, 0xf4, 0x2, 0xf8, 0x1f, 0x80, 0x6e, 0xc8,
    0x5, 0xf4, 0xd, 0xc0, 0x9b, 0x8c, 0x9, 0xf0,
    0x9, 0xf0, 0xd7, 0x5f, 0xd, 0xc0, 0x5, 0xf4,
    0xf3, 0x1f, 0x4f, 0x80, 0x1, 0xfb, 0xf0, 0xd,
    0xcf, 0x30, 0x0, 0xdf, 0xb0, 0x9, 0xff, 0x0,
    0x0, 0x9f, 0x80, 0x5, 0xfb, 0x0,

    /* U+0058 "X" */
    0x4f, 0x90, 0x0, 0x9f, 0x50, 0x8f, 0x50, 0x5f,
    0x90, 0x0, 0xcf, 0x4e, 0xd0, 0x0, 0x2, 0xff,
    0xf2, 0x0, 0x0, 0xa, 0xfb, 0x0, 0x0, 0x4,
    0xfe, 0xf5, 0x0, 0x1, 0xed, 0x1d, 0xf2, 0x0,
    0xbf, 0x30, 0x2f, 0xc0, 0x7f, 0x70, 0x0, 0x6f,
    0x90,

    /* U+0059 "Y" */
    0xbf, 0x20, 0x0, 0xaf, 0x21, 0xfb, 0x0, 0x3f,
    0x80, 0x7, 0xf4, 0xd, 0xd0, 0x0, 0xc, 0xd7,
    0xf4, 0x0, 0x0, 0x3f, 0xfa, 0x0, 0x0, 0x0,
    0xaf, 0x10, 0x0, 0x0, 0x9, 0xf0, 0x0, 0x0,
    0x0, 0x9f, 0x0, 0x0, 0x0, 0x9, 0xf0, 0x0,
    0x0,

    /* U+005A "Z" */
    0x3f, 0xff, 0xff, 0xfc, 0x1, 0x66, 0x66, 0xaf,
    0x90, 0x0, 0x0, 0x2f, 0xc0, 0x0, 0x0, 0x1d,
    0xe1, 0x0, 0x0, 0xc, 0xf3, 0x0, 0x0, 0x9,
    0xf5, 0x0, 0x0, 0x7, 0xf7, 0x0, 0x0, 0x4,
    0xfe, 0x66, 0x66, 0x60, 0x7f, 0xff, 0xff, 0xff,
    0x0,

    /* U+005B "[" */
    0xff, 0xf1, 0xf7, 0x30, 0xf5, 0x0, 0xf5, 0x0,
    0xf5, 0x0, 0xf5, 0x0, 0xf5, 0x0, 0xf5, 0x0,
    0xf5, 0x0, 0xf5, 0x0, 0xf7, 0x30, 0xff, 0xf1,

    /* U+005C "\\" */
    0x8e, 0x0, 0x0, 0x3f, 0x30, 0x0, 0xe, 0x90,
    0x0, 0x8, 0xe0, 0x0, 0x3, 0xf3, 0x0, 0x0,
    0xd9, 0x0, 0x0, 0x8e, 0x0, 0x0, 0x3f, 0x40,
    0x0, 0xd, 0x90, 0x0, 0x8, 0xe0, 0x0, 0x3,
    0xf4,

    /* U+005D "]" */
    0x4f, 0xfd, 0x3, 0x9d, 0x0, 0x8d, 0x0, 0x8d,
    0x0, 0x8d, 0x0, 0x8d, 0x0, 0x8d, 0x0, 0x8d,
    0x0, 0x8d, 0x0, 0x8d, 0x3, 0x9d, 0x4f, 0xfd,

    /* U+005E "^" */
    0x0, 0xe, 0xd0, 0x0, 0x0, 0x7f, 0xf5, 0x0,
    0x0, 0xe8, 0xad, 0x0, 0x7, 0xf1, 0x2f, 0x60,
    0x1f, 0x70, 0x9, 0xd0,

    /* U+005F "_" */
    0x1, 0x11, 0x11, 0x0, 0xff, 0xff, 0xf6, 0x4,
    0x44, 0x44, 0x10,

    /* U+0060 "`" */
    0x4c, 0x0, 0xa, 0xa0,

    /* U+0061 "a" */
    0x4, 0xcf, 0xe8, 0x0, 0xc9, 0x25, 0xf4, 0x0,
    0x2, 0x4e, 0x80, 0x8e, 0xeb, 0xf8, 0x7f, 0x40,
    0xe, 0x88, 0xf5, 0x28, 0xf9, 0x1a, 0xfe, 0x8b,
    0xb0,

    /* U+0062 "b" */
    0x1f, 0x60, 0x0, 0x0, 0x1f, 0x60, 0x0, 0x0,
    0x1f, 0x60, 0x0, 0x0, 0x1f, 0x7b, 0xfd, 0x40,
    0x1f, 0xf6, 0x4c, 0xf2, 0x1f, 0x80, 0x2, 0xf7,
    0x1f, 0x60, 0x0, 0xf9, 0x1f, 0x80, 0x2, 0xf7,
    0x1f, 0xf6, 0x4c, 0xf2, 0x1f, 0x5c, 0xfd, 0x40,

    /* U+0063 "c" */
    0x2, 0xbf, 0xe8, 0x0, 0xed, 0x56, 0xe5, 0x6f,
    0x30, 0x0, 0x8, 0xf0, 0x0, 0x0, 0x6f, 0x30,
    0x0, 0x1, 0xed, 0x56, 0xe5, 0x2, 0xbf, 0xe8,
    0x0,

    /* U+0064 "d" */
    0x0, 0x0, 0x5, 0xf2, 0x0, 0x0, 0x5, 0xf2,
    0x0, 0x0, 0x5, 0xf2, 0x3, 0xcf, 0xc6, 0xf2,
    0x1e, 0xd4, 0x5e, 0xf2, 0x6f, 0x40, 0x7, 0xf2,
    0x8f, 0x10, 0x4, 0xf2, 0x6f, 0x40, 0x7, 0xf2,
    0x1e, 0xd4, 0x5e, 0xf3, 0x3, 0xcf, 0xc5, 0xf5,

    /* U+0065 "e" */
    0x2, 0xbf, 0xe9, 0x0, 0xe, 0xd4, 0x4e, 0xa0,
    0x6f, 0x20, 0x5, 0xf1, 0x8f, 0xee, 0xee, 0xf4,
    0x6f, 0x31, 0x11, 0x10, 0xe, 0xc4, 0x4a, 0x50,
    0x2, 0xbf, 0xfa, 0x10,

    /* U+0066 "f" */
    0x3, 0xef, 0x50, 0x9e, 0x31, 0xa, 0xd0, 0xd,
    0xff, 0xf5, 0x2b, 0xd2, 0x0, 0xad, 0x0, 0xa,
    0xd0, 0x0, 0xad, 0x0, 0xa, 0xd0, 0x0, 0xad,
    0x0,

    /* U+0067 "g" */
    0x3, 0xdf, 0xb4, 0xf1, 0x1f, 0xd4, 0x6e, 0xf1,
    0x6f, 0x30, 0x7, 0xf1, 0x8f, 0x10, 0x5, 0xf1,
    0x6f, 0x30, 0x7, 0xf1, 0x1f, 0xd4, 0x5e, 0xf1,
    0x3, 0xdf, 0xc7, 0xf1, 0x0, 0x0, 0x6, 0xf0,
    0x8, 0xb1, 0x1c, 0xc0, 0x3, 0xdf, 0xfd, 0x20,
    0x0, 0x1, 0x10, 0x0,

    /* U+0068 "h" */
    0x1f, 0x60, 0x0, 0x1, 0xf6, 0x0, 0x0, 0x1f,
    0x60, 0x0, 0x1, 0xf8, 0xcf, 0xd3, 0x1f, 0xe5,
    0x4f, 0xb1, 0xf8, 0x0, 0xae, 0x1f, 0x60, 0x9,
    0xf1, 0xf6, 0x0, 0x9f, 0x1f, 0x60, 0x9, 0xf1,
    0xf6, 0x0, 0x9f,

    /* U+0069 "i" */
    0xc, 0xc0, 0xbb, 0x0, 0xa, 0xfd, 0x1b, 0xd0,
    0xad, 0xa, 0xd0, 0xad, 0xa, 0xd0, 0xad,

    /* U+006A "j" */
    0x1, 0xe9, 0x0, 0xd9, 0x0, 0x0, 0x0, 0xe9,
    0x0, 0xe9, 0x0, 0xe9, 0x0, 0xe9, 0x0, 0xe9,
    0x0, 0xe9, 0x0, 0xe8, 0x35, 0xf7, 0xef, 0xb1,

    /* U+006B "k" */
    0x1f, 0x60, 0x0, 0x0, 0x1f, 0x60, 0x0, 0x0,
    0x1f, 0x60, 0x0, 0x0, 0x1f, 0x60, 0x6f, 0x60,
    0x1f, 0x64, 0xf7, 0x0, 0x1f, 0x9f, 0x90, 0x0,
    0x1f, 0xff, 0x90, 0x0, 0x1f, 0xb7, 0xf5, 0x0,
    0x1f, 0x60, 0xbe, 0x10, 0x1f, 0x60, 0x1e, 0xc0,

    /* U+006C "l" */
    0x2f, 0x50, 0x2f, 0x50, 0x2f, 0x50, 0x2f, 0x50,
    0x2f, 0x50, 0x2f, 0x50, 0x2f, 0x50, 0x2f, 0x50,
    0x1f, 0x92, 0xb, 0xfb,

    /* U+006D "m" */
    0x1f, 0x6c, 0xfc, 0x3a, 0xee, 0x50, 0x1f, 0xe3,
    0x3f, 0xf6, 0x2c, 0xe0, 0x1f, 0x80, 0xc, 0xd0,
    0x6, 0xf1, 0x1f, 0x60, 0xb, 0xc0, 0x5, 0xf2,
    0x1f, 0x60, 0xb, 0xc0, 0x5, 0xf2, 0x1f, 0x60,
    0xb, 0xc0, 0x5, 0xf2, 0x1f, 0x60, 0xb, 0xc0,
    0x5, 0xf2,

    /* U+006E "n" */
    0x1f, 0x6c, 0xfd, 0x31, 0xfe, 0x32, 0xeb, 0x1f,
    0x80, 0x9, 0xe1, 0xf6, 0x0, 0x9f, 0x1f, 0x60,
    0x9, 0xf1, 0xf6, 0x0, 0x9f, 0x1f, 0x60, 0x9,
    0xf0,

    /* U+006F "o" */
    0x2, 0xae, 0xe9, 0x10, 0xd, 0xd5, 0x6e, 0xb0,
    0x6f, 0x30, 0x6, 0xf3, 0x8f, 0x0, 0x3, 0xf5,
    0x6f, 0x30, 0x6, 0xf3, 0xd, 0xd5, 0x6e, 0xb0,
    0x2, 0xae, 0xe9, 0x10,

    /* U+0070 "p" */
    0x1f, 0x5c, 0xfd, 0x40, 0x1f, 0xe4, 0x2b, 0xf2,
    0x1f, 0x80, 0x2, 0xf7, 0x1f, 0x60, 0x0, 0xf9,
    0x1f, 0x80, 0x2, 0xf7, 0x1f, 0xf6, 0x4c, 0xf2,
    0x1f, 0x8c, 0xfd, 0x40, 0x1f, 0x60, 0x0, 0x0,
    0x1f, 0x60, 0x0, 0x0,

    /* U+0071 "q" */
    0x3, 0xcf, 0xc4, 0xf2, 0x1, 0xed, 0x45, 0xef,
    0x20, 0x6f, 0x40, 0x7, 0xf2, 0x8, 0xf1, 0x0,
    0x4f, 0x20, 0x6f, 0x40, 0x7, 0xf2, 0x1, 0xfd,
    0x45, 0xef, 0x20, 0x3, 0xcf, 0xc7, 0xf2, 0x0,
    0x0, 0x0, 0x4f, 0xa6, 0x0, 0x0, 0x0, 0xaf,
    0xe0,

    /* U+0072 "r" */
    0x1f, 0x4b, 0xc1, 0xff, 0xa5, 0x1f, 0xa0, 0x1,
    0xf7, 0x0, 0x1f, 0x60, 0x1, 0xf6, 0x0, 0x1f,
    0x60, 0x0,

    /* U+0073 "s" */
    0x7, 0xdf, 0xd6, 0x5, 0xf6, 0x38, 0xb0, 0x4f,
    0x83, 0x0, 0x0, 0x6c, 0xff, 0x90, 0x0, 0x0,
    0x5f, 0x55, 0xf6, 0x37, 0xf4, 0x7, 0xdf, 0xd6,
    0x0,

    /* U+0074 "t" */
    0x4, 0x70, 0x0, 0x9e, 0x0, 0xcf, 0xff, 0x51,
    0xae, 0x20, 0x9, 0xe0, 0x0, 0x9e, 0x0, 0x9,
    0xe0, 0x0, 0x9f, 0x41, 0x4, 0xef, 0x50,

    /* U+0075 "u" */
    0x1f, 0x60, 0xb, 0xc1, 0xf6, 0x0, 0xbc, 0x1f,
    0x60, 0xb, 0xc1, 0xf6, 0x0, 0xbc, 0x1f, 0x60,
    0xd, 0xc0, 0xed, 0x47, 0xfc, 0x5, 0xef, 0x98,
    0xc0,

    /* U+0076 "v" */
    0xae, 0x0, 0xf, 0x85, 0xf3, 0x5, 0xf2, 0xf,
    0x80, 0xad, 0x0, 0x9d, 0xf, 0x70, 0x4, 0xf8,
    0xf1, 0x0, 0xe, 0xfc, 0x0, 0x0, 0x8f, 0x60,
    0x0,

    /* U+0077 "w" */
    0xad, 0x0, 0xec, 0x0, 0xf8, 0x6f, 0x12, 0xff,
    0x3, 0xf4, 0x1f, 0x56, 0xbd, 0x47, 0xf0, 0xd,
    0x9a, 0x79, 0x8b, 0xb0, 0x9, 0xde, 0x35, 0xcf,
    0x70, 0x4, 0xff, 0x1, 0xff, 0x30, 0x0, 0xfb,
    0x0, 0xde, 0x0,

    /* U+0078 "x" */
    0x5f, 0x50, 0x4f, 0x60, 0xae, 0x3e, 0xb0, 0x0,
    0xef, 0xe1, 0x0, 0x7, 0xf8, 0x0, 0x2, 0xfe,
    0xf2, 0x0, 0xcd, 0x1c, 0xd0, 0x8f, 0x30, 0x2f,
    0x90,

    /* U+0079 "y" */
    0xae, 0x0, 0x3f, 0x54, 0xf4, 0x8, 0xf0, 0xe,
    0x90, 0xda, 0x0, 0x8e, 0x3f, 0x40, 0x2, 0xfc,
    0xe0, 0x0, 0xc, 0xf9, 0x0, 0x0, 0x6f, 0x30,
    0x0, 0x3b, 0xd0, 0x0, 0x3f, 0xd3, 0x0, 0x0,

    /* U+007A "z" */
    0x5f, 0xff, 0xff, 0x21, 0x33, 0x4e, 0xd0, 0x0,
    0xb, 0xf2, 0x0, 0x9, 0xf4, 0x0, 0x6, 0xf6,
    0x0, 0x4, 0xfc, 0x33, 0x31, 0x7f, 0xff, 0xff,
    0x50,

    /* U+007B "{" */
    0x0, 0xbf, 0x80, 0x3f, 0x71, 0x3, 0xf3, 0x0,
    0x3f, 0x30, 0x7, 0xf2, 0x8, 0xf8, 0x0, 0x2a,
    0xf1, 0x0, 0x3f, 0x30, 0x3, 0xf3, 0x0, 0x3f,
    0x30, 0x2, 0xf7, 0x10, 0xa, 0xf8,

    /* U+007C "|" */
    0xf6, 0xf6, 0xf6, 0xf6, 0xf6, 0xf6, 0xf6, 0xf6,
    0xf6, 0xf6, 0xf6, 0xf6, 0xf6, 0xf6,

    /* U+007D "}" */
    0x8f, 0xb0, 0x1, 0x6f, 0x30, 0x3, 0xf4, 0x0,
    0x3f, 0x40, 0x1, 0xf7, 0x0, 0x7, 0xf9, 0x0,
    0xfa, 0x20, 0x2f, 0x40, 0x3, 0xf4, 0x0, 0x3f,
    0x40, 0x16, 0xf3, 0x8, 0xfb, 0x0,

    /* U+007E "~" */
    0x0, 0x0, 0x0, 0x10, 0xc, 0xfb, 0x33, 0xf0,
    0x5e, 0x49, 0xff, 0xa0, 0x13, 0x0, 0x2, 0x0,

    /* U+00A0 " " */

    /* U+00A1 "¡" */
    0xbd, 0xd, 0xe0, 0x23, 0x8, 0x90, 0x9a, 0xa,
    0xc0, 0xbd, 0xc, 0xd0, 0xcd, 0x0,

    /* U+00A2 "¢" */
    0x0, 0xa, 0x20, 0x0, 0x2b, 0xff, 0x90, 0xe,
    0xdc, 0x7e, 0x56, 0xf3, 0xa2, 0x0, 0x8f, 0xa,
    0x20, 0x6, 0xf2, 0xa2, 0x0, 0x1f, 0xbb, 0x4a,
    0x40, 0x5f, 0xff, 0xc1, 0x0, 0xb, 0x40, 0x0,
    0x0, 0x30, 0x0,

    /* U+00A3 "£" */
    0x5, 0xdf, 0xe9, 0x0, 0x4f, 0xa4, 0x6e, 0xa0,
    0x6f, 0x30, 0x2, 0x0, 0x2f, 0x70, 0x0, 0x0,
    0xce, 0xfd, 0xd5, 0x0, 0x4, 0xf5, 0x0, 0x0,
    0x6, 0xe1, 0x0, 0x0, 0x6f, 0xfd, 0x75, 0x90,
    0x65, 0x47, 0xdf, 0xa0,

    /* U+00A4 "¤" */
    0x1, 0x0, 0x0, 0x10, 0x1c, 0x9e, 0xfa, 0xc2,
    0x8, 0xf6, 0x4e, 0xb0, 0xe, 0x70, 0x4, 0xf1,
    0xe, 0x60, 0x3, 0xf1, 0x9, 0xe3, 0x2c, 0xc0,
    0xb, 0xcf, 0xfd, 0xc2, 0x3, 0x1, 0x20, 0x21,

    /* U+00A5 "¥" */
    0xaf, 0x20, 0x0, 0xaf, 0x21, 0xeb, 0x0, 0x4f,
    0x80, 0x6, 0xf5, 0xd, 0xd0, 0x0, 0xb, 0xe8,
    0xf3, 0x0, 0x0, 0x2f, 0xf9, 0x0, 0x0, 0x7d,
    0xef, 0xdd, 0x0, 0x0, 0x9, 0xf0, 0x0, 0x0,
    0x7d, 0xef, 0xdd, 0x0, 0x0, 0x9, 0xf0, 0x0,
    0x0,

    /* U+00A6 "¦" */
    0xf6, 0xf6, 0xf6, 0xf6, 0xf6, 0x73, 0x0, 0x0,
    0x73, 0xf6, 0xf6, 0xf6, 0xf6, 0xf6,

    /* U+00A7 "§" */
    0x2, 0xbf, 0xe9, 0x0, 0xd, 0xc4, 0x5f, 0x60,
    0xd, 0xc1, 0x0, 0x0, 0x9, 0xff, 0x91, 0x0,
    0x7f, 0x46, 0xef, 0x70, 0x8e, 0x10, 0xa, 0xf1,
    0x1c, 0xe6, 0x6, 0xe1, 0x0, 0x5c, 0xef, 0x20,
    0x0, 0x0, 0x5f, 0x60, 0xd, 0xb3, 0x6f, 0x60,
    0x3, 0xcf, 0xd8, 0x0,

    /* U+00A8 "¨" */
    0x19, 0x5, 0x73, 0xe2, 0x8b,

    /* U+00A9 "©" */
    0x0, 0x7, 0xce, 0xd8, 0x10, 0x0, 0xc, 0xa1,
    0x1, 0x8d, 0x10, 0x9, 0x80, 0xae, 0xc2, 0x5b,
    0x0, 0xe0, 0x9c, 0x6, 0x40, 0xc3, 0x3b, 0xd,
    0x60, 0x0, 0x8, 0x63, 0xb0, 0xd6, 0x0, 0x0,
    0x86, 0xe, 0x9, 0xc0, 0x53, 0xc, 0x20, 0x98,
    0x1b, 0xfc, 0x36, 0xb0, 0x0, 0xca, 0x20, 0x18,
    0xd1, 0x0, 0x0, 0x7c, 0xed, 0x80, 0x0,

    /* U+00AA "ª" */
    0x8, 0xcb, 0x10, 0x35, 0xd6, 0x2e, 0x5d, 0x71,
    0xdd, 0xc7,

    /* U+00AB "«" */
    0x0, 0x6d, 0x35, 0xd4, 0x2, 0xf9, 0x1e, 0xa0,
    0xd, 0xd0, 0xbe, 0x10, 0x1e, 0xc0, 0xdc, 0x0,
    0x4, 0xf7, 0x3f, 0x80, 0x0, 0x8f, 0x37, 0xf4,

    /* U+00AC "¬" */
    0x1, 0x11, 0x11, 0x10, 0x4f, 0xff, 0xff, 0xfc,
    0x14, 0x44, 0x44, 0xbc, 0x0, 0x0, 0x0, 0x9c,
    0x0, 0x0, 0x0, 0x9c, 0x0, 0x0, 0x0, 0x23,

    /* U+00AE "®" */
    0x0, 0x7, 0xce, 0xd8, 0x10, 0x0, 0xc, 0xa1,
    0x1, 0x8d, 0x10, 0x9, 0x86, 0xfe, 0xc2, 0x5b,
    0x0, 0xe0, 0x6c, 0x9, 0xa0, 0xc3, 0x3b, 0x6,
    0xc0, 0x9a, 0x8, 0x63, 0xb0, 0x6f, 0xed, 0x20,
    0x86, 0xe, 0x6, 0xc4, 0xe2, 0xc, 0x20, 0x98,
    0x48, 0x5, 0x76, 0xb0, 0x0, 0xca, 0x20, 0x18,
    0xd1, 0x0, 0x0, 0x7c, 0xed, 0x80, 0x0,

    /* U+00AF "¯" */
    0x6f, 0xff, 0x80, 0x22, 0x21,

    /* U+00B0 "°" */
    0x9, 0xfb, 0x5, 0xc0, 0x98, 0x5c, 0x9, 0x80,
    0x9f, 0xb0,

    /* U+00B1 "±" */
    0x0, 0x8, 0xd0, 0x0, 0x0, 0x8, 0xd0, 0x0,
    0x4f, 0xff, 0xff, 0xf8, 0x3, 0x3a, 0xd3, 0x31,
    0x0, 0x7, 0xb0, 0x0, 0x15, 0x55, 0x55, 0x52,
    0x4f, 0xff, 0xff, 0xf8,

    /* U+00B2 "²" */
    0x8, 0xdd, 0x40, 0x50, 0x99, 0x0, 0x3d, 0x20,
    0x6c, 0x20, 0x4f, 0xff, 0xa0,

    /* U+00B3 "³" */
    0xa, 0xdd, 0x30, 0x40, 0xa8, 0x0, 0xbf, 0x30,
    0x40, 0x8a, 0xa, 0xed, 0x40,

    /* U+00B4 "´" */
    0x3, 0xe0, 0x1e, 0x50,

    /* U+00B6 "¶" */
    0x6, 0xef, 0xef, 0xc4, 0xff, 0xb0, 0xf3, 0x8f,
    0xfb, 0xf, 0x34, 0xff, 0xb0, 0xf3, 0x6, 0xeb,
    0xf, 0x30, 0x7, 0xb0, 0xf3, 0x0, 0x7b, 0xf,
    0x30, 0x7, 0xb0, 0xf3, 0x0, 0x7b, 0xf, 0x30,
    0x7, 0xb0, 0xf3, 0x0, 0x7b, 0xf, 0x30,

    /* U+00B7 "·" */
    0x0, 0x1, 0xfb, 0x1e, 0xa0,

    /* U+00B8 "¸" */
    0x0, 0x0, 0xa, 0x30, 0x4, 0xd3, 0x39, 0xa0,

    /* U+00B9 "¹" */
    0x3d, 0xf0, 0x1f, 0x1, 0xf0, 0x1f, 0x1, 0xf0,

    /* U+00BA "º" */
    0x7, 0xdb, 0x12, 0xe0, 0x8a, 0x3e, 0x8, 0xa0,
    0x8d, 0xc2,

    /* U+00BB "»" */
    0xc, 0xa0, 0xba, 0x0, 0x5, 0xf6, 0x3f, 0x70,
    0x0, 0x9f, 0x28, 0xf3, 0x0, 0x7f, 0x46, 0xf5,
    0x3, 0xf8, 0x2f, 0x90, 0xd, 0xd0, 0xcd, 0x0,

    /* U+00BC "¼" */
    0x0, 0x20, 0x0, 0x0, 0x21, 0x3, 0xef, 0x0,
    0x0, 0x5e, 0x10, 0x1, 0xf0, 0x0, 0x2f, 0x50,
    0x0, 0x1f, 0x0, 0xc, 0xa0, 0x0, 0x1, 0xf0,
    0x7, 0xd0, 0x2, 0x0, 0x1f, 0x3, 0xf3, 0xa,
    0xf0, 0x0, 0x0, 0xd8, 0x7, 0xcf, 0x0, 0x0,
    0xac, 0x3, 0xd2, 0xf0, 0x0, 0x5f, 0x20, 0xae,
    0xef, 0xc0, 0x1f, 0x50, 0x0, 0x2, 0xf0,

    /* U+00BD "½" */
    0x0, 0x20, 0x0, 0x0, 0x21, 0x3, 0xef, 0x0,
    0x0, 0x5e, 0x10, 0x1, 0xf0, 0x0, 0x2f, 0x50,
    0x0, 0x1f, 0x0, 0xc, 0xa0, 0x0, 0x1, 0xf0,
    0x8, 0xd0, 0x0, 0x0, 0x1f, 0x3, 0xf3, 0x6c,
    0xc5, 0x0, 0x0, 0xe7, 0x2, 0x16, 0xc0, 0x0,
    0xac, 0x0, 0x1, 0xc5, 0x0, 0x5f, 0x10, 0x4,
    0xc4, 0x0, 0x1e, 0x50, 0x0, 0xff, 0xfd,

    /* U+00BE "¾" */
    0x8, 0xdc, 0x30, 0x0, 0x5d, 0x10, 0x5, 0xa,
    0x90, 0x1, 0xe5, 0x0, 0x0, 0xbf, 0x30, 0xc,
    0xa0, 0x0, 0x5, 0x8, 0xb0, 0x8d, 0x1, 0x20,
    0x9, 0xdc, 0x34, 0xf3, 0xc, 0xd0, 0x0, 0x0,
    0x1e, 0x60, 0x9b, 0xd0, 0x0, 0x0, 0xba, 0x6,
    0xb4, 0xd0, 0x0, 0x7, 0xe1, 0xd, 0xee, 0xfa,
    0x0, 0x3f, 0x30, 0x0, 0x4, 0xd0,

    /* U+00BF "¿" */
    0x0, 0xd, 0xc0, 0x0, 0x0, 0xed, 0x0, 0x0,
    0x1, 0x10, 0x0, 0x0, 0xea, 0x0, 0x2, 0xbf,
    0x40, 0x3, 0xfb, 0x20, 0x0, 0xae, 0x0, 0x4,
    0x18, 0xf6, 0x37, 0xf7, 0x9, 0xdf, 0xd7, 0x0,

    /* U+00C0 "À" */
    0x0, 0x5d, 0x20, 0x0, 0x0, 0x0, 0x46, 0x0,
    0x0, 0x0, 0x0, 0x0, 0x0, 0x0, 0x0, 0x8f,
    0xa0, 0x0, 0x0, 0xe, 0xff, 0x0, 0x0, 0x5,
    0xf5, 0xf6, 0x0, 0x0, 0xbd, 0xc, 0xc0, 0x0,
    0x2f, 0x70, 0x7f, 0x30, 0x8, 0xf3, 0x12, 0xf9,
    0x0, 0xef, 0xff, 0xff, 0xe0, 0x4f, 0x84, 0x44,
    0x8f, 0x5b, 0xf1, 0x0, 0x0, 0xfc,

    /* U+00C1 "Á" */
    0x0, 0x0, 0x1c, 0x60, 0x0, 0x0, 0x6, 0x50,
    0x0, 0x0, 0x0, 0x0, 0x0, 0x0, 0x0, 0x8f,
    0xa0, 0x0, 0x0, 0xe, 0xff, 0x0, 0x0, 0x5,
    0xf5, 0xf6, 0x0, 0x0, 0xbd, 0xc, 0xc0, 0x0,
    0x2f, 0x70, 0x7f, 0x30, 0x8, 0xf3, 0x12, 0xf9,
    0x0, 0xef, 0xff, 0xff, 0xe0, 0x4f, 0x84, 0x44,
    0x8f, 0x5b, 0xf1, 0x0, 0x0, 0xfc,

    /* U+00C2 "Â" */
    0x0, 0x8, 0xd8, 0x0, 0x0, 0x4, 0x60, 0x64,
    0x0, 0x0, 0x0, 0x0, 0x0, 0x0, 0x0, 0x8f,
    0xa0, 0x0, 0x0, 0xe, 0xff, 0x0, 0x0, 0x5,
    0xf5, 0xf6, 0x0, 0x0, 0xbd, 0xc, 0xc0, 0x0,
    0x2f, 0x70, 0x7f, 0x30, 0x8, 0xf3, 0x12, 0xf9,
    0x0, 0xef, 0xff, 0xff, 0xe0, 0x4f, 0x84, 0x44,
    0x8f, 0x5b, 0xf1, 0x0, 0x0, 0xfc,

    /* U+00C3 "Ã" */
    0x0, 0x4e, 0x91, 0xb0, 0x0, 0xb, 0x57, 0xe6,
    0x0, 0x0, 0x0, 0x0, 0x0, 0x0, 0x0, 0x8f,
    0xa0, 0x0, 0x0, 0xe, 0xff, 0x0, 0x0, 0x5,
    0xf5, 0xf6, 0x0, 0x0, 0xbd, 0xc, 0xc0, 0x0,
    0x2f, 0x70, 0x7f, 0x30, 0x8, 0xf3, 0x12, 0xf9,
    0x0, 0xef, 0xff, 0xff, 0xe0, 0x4f, 0x84, 0x44,
    0x8f, 0x5b, 0xf1, 0x0, 0x0, 0xfc,

    /* U+00C4 "Ä" */
    0x0, 0x7d, 0xc, 0x70, 0x0, 0x4, 0x80, 0x74,
    0x0, 0x0, 0x0, 0x0, 0x0, 0x0, 0x0, 0x8f,
    0xa0, 0x0, 0x0, 0xe, 0xff, 0x0, 0x0, 0x5,
    0xf5, 0xf6, 0x0, 0x0, 0xbd, 0xc, 0xc0, 0x0,
    0x2f, 0x70, 0x7f, 0x30, 0x8, 0xf3, 0x12, 0xf9,
    0x0, 0xef, 0xff, 0xff, 0xe0, 0x4f, 0x84, 0x44,
    0x8f, 0x5b, 0xf1, 0x0, 0x0, 0xfc,

    /* U+00C5 "Å" */
    0x0, 0x7, 0xe8, 0x0, 0x0, 0x0, 0xe1, 0xe1,
    0x0, 0x0, 0xc, 0x1c, 0x0, 0x0, 0x0, 0xbf,
    0xc0, 0x0, 0x0, 0x1f, 0xff, 0x20, 0x0, 0x7,
    0xf6, 0xf8, 0x0, 0x0, 0xdd, 0xd, 0xe0, 0x0,
    0x3f, 0x80, 0x7f, 0x40, 0x9, 0xf3, 0x12, 0xfa,
    0x0, 0xef, 0xff, 0xff, 0xf0, 0x5f, 0x84, 0x44,
    0x8f, 0x6b, 0xf1, 0x0, 0x0, 0xfc,

    /* U+00C6 "Æ" */
    0x0, 0x0, 0x1f, 0xff, 0xff, 0xff, 0x60, 0x0,
    0x9, 0xfe, 0xd6, 0x66, 0x62, 0x0, 0x3, 0xf7,
    0xdc, 0x0, 0x0, 0x0, 0x0, 0xce, 0xd, 0xc1,
    0x11, 0x0, 0x0, 0x5f, 0x50, 0xdf, 0xff, 0xd0,
    0x0, 0xe, 0xd1, 0x1d, 0xd4, 0x43, 0x0, 0x8,
    0xff, 0xff, 0xfc, 0x0, 0x0, 0x2, 0xfb, 0x44,
    0x4d, 0xd6, 0x66, 0x62, 0xbf, 0x10, 0x0, 0xdf,
    0xff, 0xff, 0x60,

    /* U+00C7 "Ç" */
    0x0, 0x4c, 0xff, 0xb3, 0x0, 0x6f, 0xc6, 0x6c,
    0xf4, 0x1f, 0xc0, 0x0, 0x6, 0x15, 0xf5, 0x0,
    0x0, 0x0, 0x6f, 0x30, 0x0, 0x0, 0x5, 0xf5,
    0x0, 0x0, 0x0, 0x1f, 0xc0, 0x0, 0x5, 0x10,
    0x7f, 0xc5, 0x5b, 0xf5, 0x0, 0x5c, 0xff, 0xc4,
    0x0, 0x0, 0xc, 0x81, 0x0, 0x0, 0x2, 0x9c,
    0x20, 0x0,

    /* U+00C8 "È" */
    0x8, 0xb0, 0x0, 0x0, 0x6, 0x50, 0x0, 0x0,
    0x0, 0x0, 0xf, 0xff, 0xff, 0xf9, 0xfc, 0x66,
    0x66, 0x3f, 0x90, 0x0, 0x0, 0xfa, 0x11, 0x10,
    0xf, 0xff, 0xff, 0x10, 0xfb, 0x44, 0x40, 0xf,
    0x90, 0x0, 0x0, 0xfc, 0x66, 0x66, 0x3f, 0xff,
    0xff, 0xf9,

    /* U+00C9 "É" */
    0x0, 0x3, 0xe3, 0x0, 0x0, 0x73, 0x0, 0x0,
    0x0, 0x0, 0xf, 0xff, 0xff, 0xf9, 0xfc, 0x66,
    0x66, 0x3f, 0x90, 0x0, 0x0, 0xfa, 0x11, 0x10,
    0xf, 0xff, 0xff, 0x10, 0xfb, 0x44, 0x40, 0xf,
    0x90, 0x0, 0x0, 0xfc, 0x66, 0x66, 0x3f, 0xff,
    0xff, 0xf9,

    /* U+00CA "Ê" */
    0x1, 0xad, 0x60, 0x0, 0x65, 0x17, 0x30, 0x0,
    0x0, 0x0, 0xf, 0xff, 0xff, 0xf9, 0xfc, 0x66,
    0x66, 0x3f, 0x90, 0x0, 0x0, 0xfa, 0x11, 0x10,
    0xf, 0xff, 0xff, 0x10, 0xfb, 0x44, 0x40, 0xf,
    0x90, 0x0, 0x0, 0xfc, 0x66, 0x66, 0x3f, 0xff,
    0xff, 0xf9,

    /* U+00CB "Ë" */
    0xa, 0xa1, 0xe4, 0x0, 0x66, 0x9, 0x20, 0x0,
    0x0, 0x0, 0xf, 0xff, 0xff, 0xf9, 0xfc, 0x66,
    0x66, 0x3f, 0x90, 0x0, 0x0, 0xfa, 0x11, 0x10,
    0xf, 0xff, 0xff, 0x10, 0xfb, 0x44, 0x40, 0xf,
    0x90, 0x0, 0x0, 0xfc, 0x66, 0x66, 0x3f, 0xff,
    0xff, 0xf9,

    /* U+00CC "Ì" */
    0x1e, 0x50, 0x0, 0x27, 0x10, 0x0, 0x0, 0x4,
    0xff, 0xff, 0x2, 0xfb, 0x20, 0xf, 0xa0, 0x0,
    0xfa, 0x0, 0xf, 0xa0, 0x0, 0xfa, 0x0, 0xf,
    0xa0, 0x2, 0xfb, 0x24, 0xff, 0xff,

    /* U+00CD "Í" */
    0x0, 0x9, 0xa0, 0x3, 0x60, 0x0, 0x0, 0x4,
    0xff, 0xff, 0x2, 0xfb, 0x20, 0xf, 0xa0, 0x0,
    0xfa, 0x0, 0xf, 0xa0, 0x0, 0xfa, 0x0, 0xf,
    0xa0, 0x2, 0xfb, 0x24, 0xff, 0xff,

    /* U+00CE "Î" */
    0x5, 0xdb, 0x10, 0x27, 0x14, 0x60, 0x0, 0x0,
    0x0, 0x4f, 0xff, 0xf0, 0x2, 0xfb, 0x20, 0x0,
    0xfa, 0x0, 0x0, 0xfa, 0x0, 0x0, 0xfa, 0x0,
    0x0, 0xfa, 0x0, 0x0, 0xfa, 0x0, 0x2, 0xfb,
    0x20, 0x4f, 0xff, 0xf0,

    /* U+00CF "Ï" */
    0x2e, 0x37, 0xc1, 0x91, 0x47, 0x0, 0x0, 0x4,
    0xff, 0xff, 0x2, 0xfb, 0x20, 0xf, 0xa0, 0x0,
    0xfa, 0x0, 0xf, 0xa0, 0x0, 0xfa, 0x0, 0xf,
    0xa0, 0x2, 0xfb, 0x24, 0xff, 0xff,

    /* U+00D0 "Ð" */
    0xb, 0xff, 0xfd, 0x92, 0x0, 0xb, 0xe5, 0x68,
    0xef, 0x30, 0xb, 0xe0, 0x0, 0x1e, 0xd0, 0xb,
    0xe1, 0x10, 0x9, 0xf1, 0xaf, 0xff, 0xf4, 0x7,
    0xf2, 0x2c, 0xe4, 0x41, 0x9, 0xf1, 0xb, 0xe0,
    0x0, 0x1e, 0xd0, 0xb, 0xe5, 0x68, 0xef, 0x40,
    0xb, 0xff, 0xfd, 0xa2, 0x0,

    /* U+00D1 "Ñ" */
    0x0, 0xcd, 0x29, 0x30, 0x5, 0xb3, 0xdb, 0x0,
    0x0, 0x0, 0x0, 0x0, 0xff, 0x70, 0x0, 0xbd,
    0xff, 0xf1, 0x0, 0xbd, 0xfa, 0xe9, 0x0, 0xbd,
    0xf9, 0x6f, 0x20, 0xbd, 0xf9, 0xd, 0xb0, 0xbd,
    0xf9, 0x5, 0xf4, 0xbd, 0xf9, 0x0, 0xcd, 0xbd,
    0xf9, 0x0, 0x3f, 0xfd, 0xf9, 0x0, 0xa, 0xfd,

    /* U+00D2 "Ò" */
    0x0, 0xb, 0x80, 0x0, 0x0, 0x0, 0x1, 0x73,
    0x0, 0x0, 0x0, 0x0, 0x0, 0x0, 0x0, 0x0,
    0x4b, 0xef, 0xc5, 0x0, 0x5, 0xfc, 0x66, 0xbf,
    0x80, 0xf, 0xc0, 0x0, 0xa, 0xf2, 0x5f, 0x50,
    0x0, 0x3, 0xf8, 0x6f, 0x30, 0x0, 0x1, 0xf9,
    0x5f, 0x50, 0x0, 0x3, 0xf8, 0xf, 0xc0, 0x0,
    0xa, 0xf3, 0x6, 0xfc, 0x66, 0xbf, 0x80, 0x0,
    0x4b, 0xff, 0xc6, 0x0,

    /* U+00D3 "Ó" */
    0x0, 0x0, 0x5, 0xe0, 0x0, 0x0, 0x0, 0x17,
    0x20, 0x0, 0x0, 0x0, 0x0, 0x0, 0x0, 0x0,
    0x4b, 0xef, 0xc5, 0x0, 0x5, 0xfc, 0x66, 0xbf,
    0x80, 0xf, 0xc0, 0x0, 0xa, 0xf2, 0x5f, 0x50,
    0x0, 0x3, 0xf8, 0x6f, 0x30, 0x0, 0x1, 0xf9,
    0x5f, 0x50, 0x0, 0x3, 0xf8, 0xf, 0xc0, 0x0,
    0xa, 0xf3, 0x6, 0xfc, 0x66, 0xbf, 0x80, 0x0,
    0x4b, 0xff, 0xc6, 0x0,

    /* U+00D4 "Ô" */
    0x0, 0x0, 0x45, 0x0, 0x0, 0x0, 0x5, 0xed,
    0x70, 0x0, 0x0, 0x7, 0x31, 0x72, 0x0, 0x0,
    0x0, 0x0, 0x0, 0x0, 0x0, 0x4b, 0xef, 0xc5,
    0x0, 0x5, 0xfc, 0x66, 0xbf, 0x80, 0xf, 0xc0,
    0x0, 0xa, 0xf2, 0x5f, 0x50, 0x0, 0x3, 0xf8,
    0x6f, 0x30, 0x0, 0x1, 0xf9, 0x5f, 0x50, 0x0,
    0x3, 0xf8, 0xf, 0xc0, 0x0, 0xa, 0xf3, 0x6,
    0xfc, 0x66, 0xbf, 0x80, 0x0, 0x4b, 0xff, 0xc6,
    0x0,

    /* U+00D5 "Õ" */
    0x0, 0xa, 0xe4, 0x75, 0x0, 0x0, 0x2d, 0x2b,
    0xd1, 0x0, 0x0, 0x0, 0x0, 0x0, 0x0, 0x0,
    0x4b, 0xef, 0xc5, 0x0, 0x5, 0xfc, 0x66, 0xbf,
    0x80, 0xf, 0xc0, 0x0, 0xa, 0xf2, 0x5f, 0x50,
    0x0, 0x3, 0xf8, 0x6f, 0x30, 0x0, 0x1, 0xf9,
    0x5f, 0x50, 0x0, 0x3, 0xf8, 0xf, 0xc0, 0x0,
    0xa, 0xf3, 0x6, 0xfc, 0x66, 0xbf, 0x80, 0x0,
    0x4b, 0xff, 0xc6, 0x0,

    /* U+00D6 "Ö" */
    0x0, 0xd, 0x63, 0xe1, 0x0, 0x0, 0x8, 0x32,
    0x90, 0x0, 0x0, 0x0, 0x0, 0x0, 0x0, 0x0,
    0x4b, 0xef, 0xc5, 0x0, 0x5, 0xfc, 0x66, 0xbf,
    0x80, 0xf, 0xc0, 0x0, 0xa, 0xf2, 0x5f, 0x50,
    0x0, 0x3, 0xf8, 0x6f, 0x30, 0x0, 0x1, 0xf9,
    0x5f, 0x50, 0x0, 0x3, 0xf8, 0xf, 0xc0, 0x0,
    0xa, 0xf3, 0x6, 0xfc, 0x66, 0xbf, 0x80, 0x0,
    0x4b, 0xff, 0xc6, 0x0,

    /* U+00D7 "×" */
    0x3, 0x0, 0x2, 0x1, 0xf9, 0x3, 0xf8, 0x4,
    0xfb, 0xfb, 0x0, 0x7, 0xfe, 0x0, 0x3, 0xfc,
    0xfa, 0x1, 0xfb, 0x4, 0xf8, 0x4, 0x0, 0x3,
    0x0,

    /* U+00D8 "Ø" */
    0x0, 0x4b, 0xee, 0xb4, 0xa1, 0x6, 0xfc, 0x66,
    0xbf, 0xb0, 0x1f, 0xc0, 0x0, 0x8e, 0xf2, 0x5f,
    0x50, 0x7, 0x93, 0xf7, 0x6f, 0x30, 0x6a, 0x1,
    0xf9, 0x5f, 0x56, 0xa0, 0x3, 0xf8, 0xe, 0xeb,
    0x0, 0xa, 0xf3, 0x7, 0xfc, 0x66, 0xbf, 0x90,
    0xa, 0x4b, 0xef, 0xc6, 0x0,

    /* U+00D9 "Ù" */
    0x0, 0x1e, 0x50, 0x0, 0x0, 0x0, 0x27, 0x10,
    0x0, 0x0, 0x0, 0x0, 0x0, 0x0, 0xf9, 0x0,
    0x0, 0xfa, 0xf, 0x90, 0x0, 0xf, 0xa0, 0xf9,
    0x0, 0x0, 0xfa, 0xf, 0x90, 0x0, 0xf, 0xa0,
    0xf9, 0x0, 0x0, 0xfa, 0xf, 0x90, 0x0, 0xf,
    0x90, 0xdd, 0x0, 0x3, 0xf7, 0x7, 0xfb, 0x67,
    0xdf, 0x10, 0x7, 0xdf, 0xfc, 0x40,

    /* U+00DA "Ú" */
    0x0, 0x0, 0x9, 0xa0, 0x0, 0x0, 0x3, 0x60,
    0x0, 0x0, 0x0, 0x0, 0x0, 0x0, 0xf9, 0x0,
    0x0, 0xfa, 0xf, 0x90, 0x0, 0xf, 0xa0, 0xf9,
    0x0, 0x0, 0xfa, 0xf, 0x90, 0x0, 0xf, 0xa0,
    0xf9, 0x0, 0x0, 0xfa, 0xf, 0x90, 0x0, 0xf,
    0x90, 0xdd, 0x0, 0x3, 0xf7, 0x7, 0xfb, 0x67,
    0xdf, 0x10, 0x7, 0xdf, 0xfc, 0x40,

    /* U+00DB "Û" */
    0x0, 0x0, 0x63, 0x0, 0x0, 0x0, 0x9d, 0xe4,
    0x0, 0x0, 0x27, 0x13, 0x70, 0x0, 0x0, 0x0,
    0x0, 0x0, 0xf, 0x90, 0x0, 0xf, 0xa0, 0xf9,
    0x0, 0x0, 0xfa, 0xf, 0x90, 0x0, 0xf, 0xa0,
    0xf9, 0x0, 0x0, 0xfa, 0xf, 0x90, 0x0, 0xf,
    0xa0, 0xf9, 0x0, 0x0, 0xf9, 0xd, 0xd0, 0x0,
    0x3f, 0x70, 0x7f, 0xb6, 0x7d, 0xf1, 0x0, 0x7d,
    0xff, 0xc4, 0x0,

    /* U+00DC "Ü" */
    0x0, 0x2e, 0x37, 0xc0, 0x0, 0x1, 0x91, 0x47,
    0x0, 0x0, 0x0, 0x0, 0x0, 0x0, 0xf9, 0x0,
    0x0, 0xfa, 0xf, 0x90, 0x0, 0xf, 0xa0, 0xf9,
    0x0, 0x0, 0xfa, 0xf, 0x90, 0x0, 0xf, 0xa0,
    0xf9, 0x0, 0x0, 0xfa, 0xf, 0x90, 0x0, 0xf,
    0x90, 0xdd, 0x0, 0x3, 0xf7, 0x7, 0xfb, 0x67,
    0xdf, 0x10, 0x7, 0xdf, 0xfc, 0x40,

    /* U+00DD "Ý" */
    0x0, 0x0, 0x4e, 0x20, 0x0, 0x0, 0x7, 0x30,
    0x0, 0x0, 0x0, 0x0, 0x0, 0xb, 0xf2, 0x0,
    0xa, 0xf2, 0x1f, 0xb0, 0x3, 0xf8, 0x0, 0x7f,
    0x40, 0xdd, 0x0, 0x0, 0xcd, 0x7f, 0x40, 0x0,
    0x3, 0xff, 0xa0, 0x0, 0x0, 0xa, 0xf1, 0x0,
    0x0, 0x0, 0x9f, 0x0, 0x0, 0x0, 0x9, 0xf0,
    0x0, 0x0, 0x0, 0x9f, 0x0, 0x0,

    /* U+00DE "Þ" */
    0xf9, 0x0, 0x0, 0x0, 0xfa, 0x11, 0x0, 0x0,
    0xff, 0xff, 0xfb, 0x20, 0xfb, 0x44, 0x6e, 0xd0,
    0xf9, 0x0, 0x9, 0xf1, 0xfa, 0x11, 0x3d, 0xf0,
    0xff, 0xff, 0xfe, 0x50, 0xfb, 0x44, 0x30, 0x0,
    0xf9, 0x0, 0x0, 0x0,

    /* U+00DF "ß" */
    0x1b, 0xee, 0xa1, 0xb, 0xe4, 0x3d, 0xa0, 0xf8,
    0x1, 0xd9, 0xf, 0x75, 0xff, 0x30, 0xf7, 0x14,
    0xbf, 0x5f, 0x70, 0x0, 0xcd, 0xf7, 0x0, 0xa,
    0xef, 0x70, 0x26, 0xf9, 0xf7, 0x3f, 0xe9, 0x0,

    /* U+00E0 "à" */
    0x2, 0xd2, 0x0, 0x0, 0x8, 0xc0, 0x0, 0x0,
    0x0, 0x0, 0x0, 0x4c, 0xfe, 0x80, 0xc, 0x92,
    0x5f, 0x40, 0x0, 0x24, 0xe8, 0x8, 0xee, 0xbf,
    0x87, 0xf4, 0x0, 0xe8, 0x8f, 0x52, 0x8f, 0x91,
    0xaf, 0xe8, 0xbb,

    /* U+00E1 "á" */
    0x0, 0x0, 0x98, 0x0, 0x0, 0x6d, 0x10, 0x0,
    0x0, 0x0, 0x0, 0x4c, 0xfe, 0x80, 0xc, 0x92,
    0x5f, 0x40, 0x0, 0x24, 0xe8, 0x8, 0xee, 0xbf,
    0x87, 0xf4, 0x0, 0xe8, 0x8f, 0x52, 0x8f, 0x91,
    0xaf, 0xe8, 0xbb,

    /* U+00E2 "â" */
    0x0, 0x4e, 0x90, 0x0, 0x3e, 0x5c, 0x90, 0x0,
    0x0, 0x0, 0x0, 0x4c, 0xfe, 0x80, 0xc, 0x92,
    0x5f, 0x40, 0x0, 0x24, 0xe8, 0x8, 0xee, 0xbf,
    0x87, 0xf4, 0x0, 0xe8, 0x8f, 0x52, 0x8f, 0x91,
    0xaf, 0xe8, 0xbb,

    /* U+00E3 "ã" */
    0x5, 0xef, 0xeb, 0x0, 0x0, 0x0, 0x0, 0x4,
    0xcf, 0xe8, 0x0, 0xc9, 0x25, 0xf4, 0x0, 0x2,
    0x4e, 0x80, 0x8e, 0xeb, 0xf8, 0x7f, 0x40, 0xe,
    0x88, 0xf5, 0x28, 0xf9, 0x1a, 0xfe, 0x8b, 0xb0,

    /* U+00E4 "ä" */
    0x4, 0xe1, 0x9a, 0x0, 0x29, 0x6, 0x60, 0x0,
    0x0, 0x0, 0x0, 0x4c, 0xfe, 0x80, 0xc, 0x92,
    0x5f, 0x40, 0x0, 0x24, 0xe8, 0x8, 0xee, 0xbf,
    0x87, 0xf4, 0x0, 0xe8, 0x8f, 0x52, 0x8f, 0x91,
    0xaf, 0xe8, 0xbb,

    /* U+00E5 "å" */
    0x0, 0x6d, 0xa0, 0x0, 0xd, 0x2c, 0x40, 0x0,
    0x6e, 0xb0, 0x0, 0x0, 0x0, 0x0, 0x4, 0xcf,
    0xe8, 0x0, 0xc9, 0x25, 0xf4, 0x0, 0x2, 0x4e,
    0x80, 0x8e, 0xeb, 0xf8, 0x7f, 0x40, 0xe, 0x88,
    0xf5, 0x28, 0xf9, 0x1a, 0xfe, 0x8b, 0xb0,

    /* U+00E6 "æ" */
    0x3, 0xcf, 0xe7, 0x4d, 0xfc, 0x40, 0xd, 0xa2,
    0x5f, 0xf6, 0x27, 0xf2, 0x0, 0x0, 0xe, 0xb0,
    0x0, 0xc9, 0x5, 0xad, 0xef, 0xfe, 0xee, 0xfc,
    0x6f, 0x83, 0x2e, 0xb1, 0x11, 0x11, 0x8f, 0x64,
    0x9e, 0xf8, 0x47, 0x91, 0x1a, 0xef, 0xb1, 0x6d,
    0xfd, 0x60,

    /* U+00E7 "ç" */
    0x2, 0xbf, 0xe8, 0x0, 0xed, 0x56, 0xe5, 0x6f,
    0x30, 0x0, 0x8, 0xf0, 0x0, 0x0, 0x6f, 0x30,
    0x0, 0x1, 0xec, 0x45, 0xd5, 0x3, 0xcf, 0xe9,
    0x0, 0x0, 0xd7, 0x0, 0x0, 0x39, 0xc1, 0x0,

    /* U+00E8 "è" */
    0x0, 0xc5, 0x0, 0x0, 0x0, 0x4e, 0x20, 0x0,
    0x0, 0x0, 0x0, 0x0, 0x2, 0xbf, 0xe9, 0x0,
    0xe, 0xd4, 0x4e, 0xa0, 0x6f, 0x20, 0x5, 0xf1,
    0x8f, 0xee, 0xee, 0xf4, 0x6f, 0x31, 0x11, 0x10,
    0xe, 0xc4, 0x4a, 0x50, 0x2, 0xbf, 0xfa, 0x10,

    /* U+00E9 "é" */
    0x0, 0x0, 0x5d, 0x0, 0x0, 0x2, 0xe5, 0x0,
    0x0, 0x0, 0x0, 0x0, 0x2, 0xbf, 0xe9, 0x0,
    0xe, 0xd4, 0x4e, 0xa0, 0x6f, 0x20, 0x5, 0xf1,
    0x8f, 0xee, 0xee, 0xf4, 0x6f, 0x31, 0x11, 0x10,
    0xe, 0xc4, 0x4a, 0x50, 0x2, 0xbf, 0xfa, 0x10,

    /* U+00EA "ê" */
    0x0, 0x1c, 0xc1, 0x0, 0x1, 0xc8, 0x8c, 0x10,
    0x0, 0x0, 0x0, 0x0, 0x2, 0xbf, 0xe9, 0x0,
    0xe, 0xd4, 0x4e, 0xa0, 0x6f, 0x20, 0x5, 0xf1,
    0x8f, 0xee, 0xee, 0xf4, 0x6f, 0x31, 0x11, 0x10,
    0xe, 0xc4, 0x4a, 0x50, 0x2, 0xbf, 0xfa, 0x10,

    /* U+00EB "ë" */
    0x0, 0xd5, 0x5e, 0x10, 0x0, 0x93, 0x29, 0x0,
    0x0, 0x0, 0x0, 0x0, 0x2, 0xbf, 0xe9, 0x0,
    0xe, 0xd4, 0x4e, 0xa0, 0x6f, 0x20, 0x5, 0xf1,
    0x8f, 0xee, 0xee, 0xf4, 0x6f, 0x31, 0x11, 0x10,
    0xe, 0xc4, 0x4a, 0x50, 0x2, 0xbf, 0xfa, 0x10,

    /* U+00EC "ì" */
    0xc5, 0x4, 0xd2, 0x0, 0xa, 0xfd, 0x1b, 0xd0,
    0xad, 0xa, 0xd0, 0xad, 0xa, 0xd0, 0xad,

    /* U+00ED "í" */
    0x0, 0x5c, 0x2, 0xd4, 0x0, 0x0, 0xaf, 0xd0,
    0x1b, 0xd0, 0xa, 0xd0, 0xa, 0xd0, 0xa, 0xd0,
    0xa, 0xd0, 0xa, 0xd0,

    /* U+00EE "î" */
    0x1, 0xdc, 0x10, 0x1b, 0x67, 0xb1, 0x0, 0x0,
    0x0, 0xa, 0xfd, 0x0, 0x1, 0xbd, 0x0, 0x0,
    0xad, 0x0, 0x0, 0xad, 0x0, 0x0, 0xad, 0x0,
    0x0, 0xad, 0x0, 0x0, 0xad, 0x0,

    /* U+00EF "ï" */
    0xd, 0x64, 0xe1, 0x8, 0x32, 0x90, 0x0, 0x0,
    0x0, 0x9, 0xff, 0x0, 0x1, 0x9f, 0x0, 0x0,
    0x8f, 0x0, 0x0, 0x8f, 0x0, 0x0, 0x8f, 0x0,
    0x0, 0x8f, 0x0, 0x0, 0x8f, 0x0,

    /* U+00F0 "ð" */
    0x0, 0x0, 0x0, 0x0, 0x0, 0x9e, 0x9a, 0x20,
    0x0, 0x36, 0xff, 0x30, 0x0, 0x6, 0x9d, 0xc0,
    0x0, 0x0, 0x6, 0xf2, 0x4, 0xcf, 0xd7, 0xf5,
    0x2f, 0xc4, 0x5d, 0xf6, 0x7f, 0x20, 0x5, 0xf4,
    0x7f, 0x20, 0x5, 0xf1, 0x1f, 0xc4, 0x5e, 0xa0,
    0x3, 0xcf, 0xea, 0x10,

    /* U+00F1 "ñ" */
    0x3, 0xdf, 0xfd, 0x10, 0x0, 0x0, 0x0, 0x1f,
    0x6c, 0xfd, 0x31, 0xfe, 0x32, 0xeb, 0x1f, 0x80,
    0x9, 0xe1, 0xf6, 0x0, 0x9f, 0x1f, 0x60, 0x9,
    0xf1, 0xf6, 0x0, 0x9f, 0x1f, 0x60, 0x9, 0xf0,

    /* U+00F2 "ò" */
    0x0, 0xd4, 0x0, 0x0, 0x0, 0x5e, 0x10, 0x0,
    0x0, 0x0, 0x0, 0x0, 0x2, 0xae, 0xe9, 0x10,
    0xd, 0xd5, 0x6e, 0xb0, 0x6f, 0x30, 0x6, 0xf3,
    0x8f, 0x0, 0x3, 0xf5, 0x6f, 0x30, 0x6, 0xf3,
    0xd, 0xd5, 0x6e, 0xb0, 0x2, 0xae, 0xe9, 0x10,

    /* U+00F3 "ó" */
    0x0, 0x0, 0x6b, 0x0, 0x0, 0x3, 0xe3, 0x0,
    0x0, 0x0, 0x0, 0x0, 0x2, 0xae, 0xe9, 0x10,
    0xd, 0xd5, 0x6e, 0xb0, 0x6f, 0x30, 0x6, 0xf3,
    0x8f, 0x0, 0x3, 0xf5, 0x6f, 0x30, 0x6, 0xf3,
    0xd, 0xd5, 0x6e, 0xb0, 0x2, 0xae, 0xe9, 0x10,

    /* U+00F4 "ô" */
    0x0, 0x2d, 0xb0, 0x0, 0x2, 0xd6, 0x9b, 0x0,
    0x0, 0x0, 0x0, 0x0, 0x2, 0xae, 0xe9, 0x10,
    0xd, 0xd5, 0x6e, 0xb0, 0x6f, 0x30, 0x6, 0xf3,
    0x8f, 0x0, 0x3, 0xf5, 0x6f, 0x30, 0x6, 0xf3,
    0xd, 0xd5, 0x6e, 0xb0, 0x2, 0xae, 0xe9, 0x10,

    /* U+00F5 "õ" */
    0x3, 0xdf, 0xfd, 0x10, 0x0, 0x0, 0x0, 0x0,
    0x2, 0xae, 0xe9, 0x10, 0xd, 0xd5, 0x6e, 0xb0,
    0x6f, 0x30, 0x6, 0xf3, 0x8f, 0x0, 0x3, 0xf5,
    0x6f, 0x30, 0x6, 0xf3, 0xd, 0xd5, 0x6e, 0xb0,
    0x2, 0xae, 0xe9, 0x10,

    /* U+00F6 "ö" */
    0x2, 0xe4, 0x6d, 0x0, 0x0, 0x92, 0x38, 0x0,
    0x0, 0x0, 0x0, 0x0, 0x2, 0xae, 0xe9, 0x10,
    0xd, 0xd5, 0x6e, 0xb0, 0x6f, 0x30, 0x6, 0xf3,
    0x8f, 0x0, 0x3, 0xf5, 0x6f, 0x30, 0x6, 0xf3,
    0xd, 0xd5, 0x6e, 0xb0, 0x2, 0xae, 0xe9, 0x10,

    /* U+00F7 "÷" */
    0x0, 0x8, 0xe1, 0x0, 0x0, 0x8, 0xd0, 0x0,
    0x1, 0x11, 0x11, 0x10, 0x4f, 0xff, 0xff, 0xfb,
    0x14, 0x44, 0x44, 0x42, 0x0, 0x8, 0xd0, 0x0,
    0x0, 0x8, 0xe1, 0x0,

    /* U+00F8 "ø" */
    0x0, 0x0, 0x0, 0x0, 0x2, 0xae, 0xe9, 0xc0,
    0xd, 0xd5, 0x6f, 0xc0, 0x6f, 0x30, 0xbb, 0xf2,
    0x8f, 0x19, 0x63, 0xf5, 0x5f, 0xb8, 0x6, 0xf3,
    0xe, 0xf4, 0x6e, 0xb0, 0x1b, 0xaf, 0xe9, 0x10,
    0x0, 0x0, 0x0, 0x0,

    /* U+00F9 "ù" */
    0x0, 0xe3, 0x0, 0x0, 0x5, 0xd1, 0x0, 0x0,
    0x0, 0x0, 0x1, 0xf6, 0x0, 0xbc, 0x1f, 0x60,
    0xb, 0xc1, 0xf6, 0x0, 0xbc, 0x1f, 0x60, 0xb,
    0xc1, 0xf6, 0x0, 0xdc, 0xe, 0xd4, 0x7f, 0xc0,
    0x5e, 0xf9, 0x8c,

    /* U+00FA "ú" */
    0x0, 0x0, 0x7a, 0x0, 0x0, 0x4d, 0x20, 0x0,
    0x0, 0x0, 0x1, 0xf6, 0x0, 0xbc, 0x1f, 0x60,
    0xb, 0xc1, 0xf6, 0x0, 0xbc, 0x1f, 0x60, 0xb,
    0xc1, 0xf6, 0x0, 0xdc, 0xe, 0xd4, 0x7f, 0xc0,
    0x5e, 0xf9, 0x8c,

    /* U+00FB "û" */
    0x0, 0x2d, 0xb0, 0x0, 0x2c, 0x59, 0xa0, 0x0,
    0x0, 0x0, 0x1, 0xf6, 0x0, 0xbc, 0x1f, 0x60,
    0xb, 0xc1, 0xf6, 0x0, 0xbc, 0x1f, 0x60, 0xb,
    0xc1, 0xf6, 0x0, 0xdc, 0xe, 0xd4, 0x7f, 0xc0,
    0x5e, 0xf9, 0x8c,

    /* U+00FC "ü" */
    0x2, 0xe3, 0x7c, 0x0, 0x19, 0x14, 0x70, 0x0,
    0x0, 0x0, 0x1, 0xf6, 0x0, 0xbc, 0x1f, 0x60,
    0xb, 0xc1, 0xf6, 0x0, 0xbc, 0x1f, 0x60, 0xb,
    0xc1, 0xf6, 0x0, 0xdc, 0xe, 0xd4, 0x7f, 0xc0,
    0x5e, 0xf9, 0x8c,

    /* U+00FD "ý" */
    0x0, 0x1, 0xd2, 0x0, 0x0, 0xb8, 0x0, 0x0,
    0x0, 0x0, 0xa, 0xe0, 0x3, 0xf5, 0x4f, 0x40,
    0x8f, 0x0, 0xe9, 0xd, 0xa0, 0x8, 0xe3, 0xf4,
    0x0, 0x2f, 0xce, 0x0, 0x0, 0xcf, 0x90, 0x0,
    0x6, 0xf3, 0x0, 0x3, 0xbd, 0x0, 0x3, 0xfd,
    0x30, 0x0,

    /* U+00FE "þ" */
    0x1f, 0x60, 0x0, 0x0, 0x1f, 0x60, 0x0, 0x0,
    0x1f, 0x60, 0x0, 0x0, 0x1f, 0x7b, 0xfd, 0x40,
    0x1f, 0xf6, 0x4c, 0xf2, 0x1f, 0x80, 0x2, 0xf7,
    0x1f, 0x60, 0x0, 0xf9, 0x1f, 0x80, 0x2, 0xf7,
    0x1f, 0xf6, 0x4c, 0xf2, 0x1f, 0x7b, 0xfd, 0x40,
    0x1f, 0x60, 0x0, 0x0, 0x1f, 0x60, 0x0, 0x0,

    /* U+00FF "ÿ" */
    0x9, 0xa0, 0xe5, 0x0, 0x56, 0x9, 0x20, 0x0,
    0x0, 0x0, 0xa, 0xe0, 0x3, 0xf5, 0x4f, 0x40,
    0x8f, 0x0, 0xe9, 0xd, 0xa0, 0x8, 0xe3, 0xf4,
    0x0, 0x2f, 0xce, 0x0, 0x0, 0xcf, 0x90, 0x0,
    0x6, 0xf3, 0x0, 0x3, 0xbd, 0x0, 0x3, 0xfd,
    0x30, 0x0,

    /* U+0100 "Ā" */
    0x0, 0x6f, 0xff, 0x70, 0x0, 0x0, 0x22, 0x21,
    0x0, 0x0, 0x0, 0x0, 0x0, 0x0, 0x0, 0x8f,
    0xa0, 0x0, 0x0, 0xe, 0xff, 0x0, 0x0, 0x5,
    0xf5, 0xf6, 0x0, 0x0, 0xbd, 0xc, 0xc0, 0x0,
    0x2f, 0x70, 0x7f, 0x30, 0x8, 0xf3, 0x12, 0xf9,
    0x0, 0xef, 0xff, 0xff, 0xe0, 0x4f, 0x84, 0x44,
    0x8f, 0x5b, 0xf1, 0x0, 0x0, 0xfc,

    /* U+0101 "ā" */
    0x4, 0xff, 0xfb, 0x0, 0x1, 0x11, 0x0, 0x4,
    0xcf, 0xe8, 0x0, 0xc9, 0x25, 0xf4, 0x0, 0x2,
    0x4e, 0x80, 0x8e, 0xeb, 0xf8, 0x7f, 0x40, 0xe,
    0x88, 0xf5, 0x28, 0xf9, 0x1a, 0xfe, 0x8b, 0xb0,

    /* U+0102 "Ă" */
    0x0, 0x5c, 0x1b, 0x60, 0x0, 0x0, 0xaf, 0xa0,
    0x0, 0x0, 0x0, 0x0, 0x0, 0x0, 0x0, 0x8f,
    0xa0, 0x0, 0x0, 0xe, 0xff, 0x0, 0x0, 0x5,
    0xf5, 0xf6, 0x0, 0x0, 0xbd, 0xc, 0xc0, 0x0,
    0x2f, 0x70, 0x7f, 0x30, 0x8, 0xf3, 0x12, 0xf9,
    0x0, 0xef, 0xff, 0xff, 0xe0, 0x4f, 0x84, 0x44,
    0x8f, 0x5b, 0xf1, 0x0, 0x0, 0xfc,

    /* U+0103 "ă" */
    0x2, 0xe1, 0x99, 0x0, 0x7, 0xfc, 0x10, 0x0,
    0x0, 0x0, 0x0, 0x4c, 0xfe, 0x80, 0xc, 0x92,
    0x5f, 0x40, 0x0, 0x24, 0xe8, 0x8, 0xee, 0xbf,
    0x87, 0xf4, 0x0, 0xe8, 0x8f, 0x52, 0x8f, 0x91,
    0xaf, 0xe8, 0xbb,

    /* U+0104 "Ą" */
    0x0, 0x8, 0xfa, 0x0, 0x0, 0x0, 0xed, 0xf0,
    0x0, 0x0, 0x5f, 0x1e, 0x60, 0x0, 0xb, 0x90,
    0x8c, 0x0, 0x2, 0xf3, 0x13, 0xf3, 0x0, 0x8f,
    0xff, 0xff, 0x90, 0xe, 0x94, 0x44, 0x8e, 0x4,
    0xf3, 0x0, 0x2, 0xf5, 0xbf, 0x0, 0x0, 0xe,
    0xc0, 0x0, 0x0, 0x4, 0xd2, 0x0, 0x0, 0x0,
    0x4e, 0xc0,

    /* U+0105 "ą" */
    0x4, 0xcf, 0xe8, 0x0, 0xc9, 0x25, 0xf4, 0x0,
    0x2, 0x4e, 0x80, 0x8e, 0xeb, 0xf8, 0x7f, 0x40,
    0xe, 0x88, 0xf5, 0x28, 0xf9, 0x1a, 0xfe, 0x8b,
    0xb0, 0x0, 0x8, 0xb0, 0x0, 0x0, 0x6e, 0xa0,

    /* U+0106 "Ć" */
    0x0, 0x0, 0x7, 0xd0, 0x0, 0x0, 0x2, 0x71,
    0x0, 0x0, 0x0, 0x0, 0x0, 0x0, 0x4, 0xcf,
    0xfb, 0x30, 0x6, 0xfc, 0x66, 0xcf, 0x41, 0xfc,
    0x0, 0x0, 0x61, 0x5f, 0x50, 0x0, 0x0, 0x6,
    0xf3, 0x0, 0x0, 0x0, 0x5f, 0x50, 0x0, 0x0,
    0x1, 0xfc, 0x0, 0x0, 0x51, 0x7, 0xfc, 0x66,
    0xbf, 0x50, 0x5, 0xcf, 0xfb, 0x40,

    /* U+0107 "ć" */
    0x0, 0x0, 0x7b, 0x0, 0x0, 0x3e, 0x30, 0x0,
    0x0, 0x0, 0x0, 0x2b, 0xfe, 0x80, 0xe, 0xd5,
    0x6e, 0x56, 0xf3, 0x0, 0x0, 0x8f, 0x0, 0x0,
    0x6, 0xf3, 0x0, 0x0, 0x1e, 0xd5, 0x6e, 0x50,
    0x2b, 0xfe, 0x80,

    /* U+010A "Ċ" */
    0x0, 0x0, 0xaa, 0x0, 0x0, 0x0, 0x6, 0x60,
    0x0, 0x0, 0x0, 0x0, 0x0, 0x0, 0x4, 0xcf,
    0xfb, 0x30, 0x6, 0xfc, 0x66, 0xcf, 0x41, 0xfc,
    0x0, 0x0, 0x61, 0x5f, 0x50, 0x0, 0x0, 0x6,
    0xf3, 0x0, 0x0, 0x0, 0x5f, 0x50, 0x0, 0x0,
    0x1, 0xfc, 0x0, 0x0, 0x51, 0x7, 0xfc, 0x66,
    0xbf, 0x50, 0x5, 0xcf, 0xfb, 0x40,

    /* U+010B "ċ" */
    0x0, 0xb, 0x80, 0x0, 0x0, 0x75, 0x0, 0x0,
    0x0, 0x0, 0x0, 0x2b, 0xfe, 0x80, 0xe, 0xd5,
    0x6e, 0x56, 0xf3, 0x0, 0x0, 0x8f, 0x0, 0x0,
    0x6, 0xf3, 0x0, 0x0, 0x1e, 0xd5, 0x6e, 0x50,
    0x2b, 0xfe, 0x80,

    /* U+010C "Č" */
    0x0, 0x1b, 0xaa, 0xa0, 0x0, 0x0, 0x5, 0x50,
    0x0, 0x0, 0x0, 0x0, 0x0, 0x0, 0x4, 0xcf,
    0xfb, 0x30, 0x6, 0xfc, 0x66, 0xcf, 0x41, 0xfc,
    0x0, 0x0, 0x61, 0x5f, 0x50, 0x0, 0x0, 0x6,
    0xf3, 0x0, 0x0, 0x0, 0x5f, 0x50, 0x0, 0x0,
    0x1, 0xfc, 0x0, 0x0, 0x51, 0x7, 0xfc, 0x66,
    0xbf, 0x50, 0x5, 0xcf, 0xfb, 0x40,

    /* U+010D "č" */
    0x2, 0xe7, 0xac, 0x0, 0x2, 0xdb, 0x0, 0x0,
    0x0, 0x0, 0x0, 0x2b, 0xfe, 0x80, 0xe, 0xd5,
    0x6e, 0x56, 0xf3, 0x0, 0x0, 0x8f, 0x0, 0x0,
    0x6, 0xf3, 0x0, 0x0, 0x1e, 0xd5, 0x6e, 0x50,
    0x2b, 0xfe, 0x80,

    /* U+010E "Ď" */
    0x6, 0xe4, 0xe6, 0x0, 0x0, 0x6f, 0x60, 0x0,
    0x0, 0x0, 0x0, 0x0, 0xff, 0xff, 0xc8, 0x10,
    0xfb, 0x56, 0x9f, 0xd1, 0xf9, 0x0, 0x4, 0xf8,
    0xf9, 0x0, 0x0, 0xdc, 0xf9, 0x0, 0x0, 0xce,
    0xf9, 0x0, 0x0, 0xdd, 0xf9, 0x0, 0x3, 0xf8,
    0xfb, 0x56, 0x9f, 0xd1, 0xff, 0xfe, 0xc8, 0x10,

    /* U+010F "ď" */
    0x0, 0x0, 0x5, 0xf2, 0xa5, 0x0, 0x0, 0x5,
    0xf2, 0xe2, 0x0, 0x0, 0x5, 0xf3, 0x50, 0x3,
    0xcf, 0xc6, 0xf2, 0x0, 0x1e, 0xd4, 0x5e, 0xf2,
    0x0, 0x6f, 0x40, 0x7, 0xf2, 0x0, 0x8f, 0x10,
    0x4, 0xf2, 0x0, 0x6f, 0x40, 0x7, 0xf2, 0x0,
    0x1e, 0xd4, 0x5e, 0xf3, 0x0, 0x3, 0xcf, 0xc5,
    0xf5, 0x0,

    /* U+0110 "Đ" */
    0xb, 0xff, 0xfd, 0x92, 0x0, 0xb, 0xe5, 0x68,
    0xef, 0x30, 0xb, 0xe0, 0x0, 0x1e, 0xd0, 0xb,
    0xe1, 0x10, 0x9, 0xf1, 0xaf, 0xff, 0xf4, 0x7,
    0xf2, 0x2c, 0xe4, 0x41, 0x9, 0xf1, 0xb, 0xe0,
    0x0, 0x1e, 0xd0, 0xb, 0xe5, 0x68, 0xef, 0x40,
    0xb, 0xff, 0xfd, 0xa2, 0x0,

    /* U+0111 "đ" */
    0x0, 0x0, 0x5, 0xf2, 0x0, 0x0, 0x6f, 0xff,
    0xf5, 0x0, 0x0, 0x5, 0xf2, 0x0, 0x3c, 0xfc,
    0x6f, 0x20, 0x1e, 0xd4, 0x5e, 0xf2, 0x6, 0xf4,
    0x0, 0x7f, 0x20, 0x8f, 0x10, 0x4, 0xf2, 0x6,
    0xf4, 0x0, 0x7f, 0x20, 0x1e, 0xd4, 0x5e, 0xf3,
    0x0, 0x3c, 0xfc, 0x5f, 0x50,

    /* U+0112 "Ē" */
    0x9, 0xff, 0xf4, 0x0, 0x12, 0x22, 0x0, 0x0,
    0x0, 0x0, 0xf, 0xff, 0xff, 0xf9, 0xfc, 0x66,
    0x66, 0x3f, 0x90, 0x0, 0x0, 0xfa, 0x11, 0x10,
    0xf, 0xff, 0xff, 0x10, 0xfb, 0x44, 0x40, 0xf,
    0x90, 0x0, 0x0, 0xfc, 0x66, 0x66, 0x3f, 0xff,
    0xff, 0xf9,

    /* U+0113 "ē" */
    0x0, 0xff, 0xff, 0x0, 0x0, 0x1, 0x11, 0x0,
    0x2, 0xbf, 0xe9, 0x0, 0xe, 0xd4, 0x4e, 0xa0,
    0x6f, 0x20, 0x5, 0xf1, 0x8f, 0xee, 0xee, 0xf4,
    0x6f, 0x31, 0x11, 0x10, 0xe, 0xc4, 0x4a, 0x50,
    0x2, 0xbf, 0xfa, 0x10,

    /* U+0116 "Ė" */
    0x0, 0x5e, 0x0, 0x0, 0x2, 0x90, 0x0, 0x0,
    0x0, 0x0, 0xf, 0xff, 0xff, 0xf9, 0xfc, 0x66,
    0x66, 0x3f, 0x90, 0x0, 0x0, 0xfa, 0x11, 0x10,
    0xf, 0xff, 0xff, 0x10, 0xfb, 0x44, 0x40, 0xf,
    0x90, 0x0, 0x0, 0xfc, 0x66, 0x66, 0x3f, 0xff,
    0xff, 0xf9,

    /* U+0117 "ė" */
    0x0, 0x9, 0xa0, 0x0, 0x0, 0x5, 0x60, 0x0,
    0x0, 0x0, 0x0, 0x0, 0x2, 0xbf, 0xe9, 0x0,
    0xe, 0xd4, 0x4e, 0xa0, 0x6f, 0x20, 0x5, 0xf1,
    0x8f, 0xee, 0xee, 0xf4, 0x6f, 0x31, 0x11, 0x10,
    0xe, 0xc4, 0x4a, 0x50, 0x2, 0xbf, 0xfa, 0x10,

    /* U+0118 "Ę" */
    0xff, 0xff, 0xff, 0x9f, 0xc6, 0x66, 0x63, 0xfa,
    0x11, 0x10, 0xf, 0xff, 0xff, 0x10, 0xfb, 0x44,
    0x40, 0xf, 0x90, 0x0, 0x0, 0xf9, 0x0, 0x0,
    0xf, 0xc6, 0x66, 0x63, 0xff, 0xff, 0xff, 0x90,
    0x0, 0x9, 0x91, 0x0, 0x0, 0x9e, 0x70,

    /* U+0119 "ę" */
    0x2, 0xbf, 0xfb, 0x20, 0xe, 0x93, 0x3a, 0xd0,
    0x6f, 0xee, 0xef, 0xf4, 0x8f, 0x21, 0x11, 0x10,
    0x6f, 0x50, 0x0, 0x0, 0xe, 0xe6, 0x5e, 0x70,
    0x2, 0xae, 0xfb, 0x0, 0x0, 0x1, 0xf1, 0x0,
    0x0, 0x1, 0xde, 0x30,

    /* U+011A "Ě" */
    0x9, 0xc5, 0xe4, 0x0, 0x9, 0xe4, 0x0, 0x0,
    0x0, 0x0, 0xf, 0xff, 0xff, 0xf9, 0xfc, 0x66,
    0x66, 0x3f, 0x90, 0x0, 0x0, 0xfa, 0x11, 0x10,
    0xf, 0xff, 0xff, 0x10, 0xfb, 0x44, 0x40, 0xf,
    0x90, 0x0, 0x0, 0xfc, 0x66, 0x66, 0x3f, 0xff,
    0xff, 0xf9,

    /* U+011B "ě" */
    0x1, 0xd8, 0x8d, 0x10, 0x0, 0x1c, 0xc1, 0x0,
    0x0, 0x0, 0x0, 0x0, 0x2, 0xbf, 0xe9, 0x0,
    0xe, 0xd4, 0x4e, 0xa0, 0x6f, 0x20, 0x5, 0xf1,
    0x8f, 0xee, 0xee, 0xf4, 0x6f, 0x31, 0x11, 0x10,
    0xe, 0xc4, 0x4a, 0x50, 0x2, 0xbf, 0xfa, 0x10,

    /* U+011E "Ğ" */
    0x0, 0xe, 0x36, 0xc0, 0x0, 0x0, 0x5, 0xed,
    0x30, 0x0, 0x0, 0x0, 0x0, 0x0, 0x0, 0x0,
    0x4b, 0xef, 0xc5, 0x0, 0x6, 0xfc, 0x66, 0xbf,
    0x60, 0x1f, 0xc0, 0x0, 0x4, 0x0, 0x5f, 0x50,
    0x0, 0x11, 0x10, 0x6f, 0x30, 0xf, 0xff, 0xf1,
    0x5f, 0x50, 0x3, 0x49, 0xf1, 0x1f, 0xc0, 0x0,
    0xb, 0xf1, 0x7, 0xfc, 0x66, 0xbf, 0xf1, 0x0,
    0x5c, 0xff, 0xb2, 0xf1,

    /* U+011F "ğ" */
    0x0, 0xe4, 0x4e, 0x0, 0x0, 0x4e, 0xe4, 0x0,
    0x0, 0x0, 0x0, 0x0, 0x3, 0xdf, 0xb4, 0xf1,
    0x1f, 0xd4, 0x6e, 0xf1, 0x6f, 0x30, 0x7, 0xf1,
    0x8f, 0x10, 0x5, 0xf1, 0x6f, 0x30, 0x7, 0xf1,
    0x1f, 0xd4, 0x5e, 0xf1, 0x3, 0xdf, 0xc7, 0xf1,
    0x0, 0x0, 0x6, 0xf0, 0x8, 0xb1, 0x1c, 0xc0,
    0x3, 0xdf, 0xfd, 0x20, 0x0, 0x1, 0x10, 0x0,

    /* U+0120 "Ġ" */
    0x0, 0x0, 0xb8, 0x0, 0x0, 0x0, 0x0, 0x75,
    0x0, 0x0, 0x0, 0x0, 0x0, 0x0, 0x0, 0x0,
    0x4b, 0xef, 0xc5, 0x0, 0x6, 0xfc, 0x66, 0xbf,
    0x60, 0x1f, 0xc0, 0x0, 0x4, 0x0, 0x5f, 0x50,
    0x0, 0x11, 0x10, 0x6f, 0x30, 0xf, 0xff, 0xf1,
    0x5f, 0x50, 0x3, 0x49, 0xf1, 0x1f, 0xc0, 0x0,
    0xb, 0xf1, 0x7, 0xfc, 0x66, 0xbf, 0xf1, 0x0,
    0x5c, 0xff, 0xb2, 0xf1,

    /* U+0121 "ġ" */
    0x0, 0xa, 0xa0, 0x0, 0x0, 0x6, 0x60, 0x0,
    0x0, 0x0, 0x0, 0x0, 0x3, 0xdf, 0xb4, 0xf1,
    0x1f, 0xd4, 0x6e, 0xf1, 0x6f, 0x30, 0x7, 0xf1,
    0x8f, 0x10, 0x5, 0xf1, 0x6f, 0x30, 0x7, 0xf1,
    0x1f, 0xd4, 0x5e, 0xf1, 0x3, 0xdf, 0xc7, 0xf1,
    0x0, 0x0, 0x6, 0xf0, 0x8, 0xb1, 0x1c, 0xc0,
    0x3, 0xdf, 0xfd, 0x20, 0x0, 0x1, 0x10, 0x0,

    /* U+0122 "Ģ" */
    0x0, 0x4b, 0xef, 0xc5, 0x0, 0x6, 0xfc, 0x66,
    0xbf, 0x60, 0x1f, 0xc0, 0x0, 0x4, 0x0, 0x5f,
    0x50, 0x0, 0x11, 0x10, 0x6f, 0x30, 0xf, 0xff,
    0xf1, 0x5f, 0x50, 0x3, 0x49, 0xf1, 0x1f, 0xc0,
    0x0, 0xb, 0xf1, 0x7, 0xfc, 0x66, 0xbf, 0xf1,
    0x0, 0x5c, 0xff, 0xb2, 0xf1, 0x0, 0x0, 0x22,
    0x0, 0x0, 0x0, 0x0, 0x6e, 0x0, 0x0, 0x0,
    0x0, 0x7d, 0x0, 0x0, 0x0, 0x1, 0x61, 0x0,
    0x0,

    /* U+0123 "ģ" */
    0x0, 0x1, 0x71, 0x0, 0x0, 0xe, 0x50, 0x0,
    0x0, 0xc, 0x70, 0x0, 0x0, 0x0, 0x0, 0x0,
    0x3, 0xdf, 0xb4, 0xf1, 0x1f, 0xd4, 0x6e, 0xf1,
    0x6f, 0x30, 0x7, 0xf1, 0x8f, 0x10, 0x5, 0xf1,
    0x6f, 0x30, 0x7, 0xf1, 0x1f, 0xd4, 0x5e, 0xf1,
    0x3, 0xdf, 0xc7, 0xf1, 0x0, 0x0, 0x6, 0xf0,
    0x8, 0xb1, 0x1c, 0xc0, 0x3, 0xdf, 0xfd, 0x20,
    0x0, 0x1, 0x10, 0x0,

    /* U+0126 "Ħ" */
    0xf, 0x90, 0x0, 0xd, 0xc0, 0xdf, 0xff, 0xff,
    0xff, 0xf9, 0x2f, 0xa2, 0x22, 0x2d, 0xc1, 0xf,
    0xa1, 0x11, 0x1d, 0xc0, 0xf, 0xff, 0xff, 0xff,
    0xc0, 0xf, 0xb4, 0x44, 0x4e, 0xc0, 0xf, 0x90,
    0x0, 0xd, 0xc0, 0xf, 0x90, 0x0, 0xd, 0xc0,
    0xf, 0x90, 0x0, 0xd, 0xc0,

    /* U+0127 "ħ" */
    0x1, 0xf6, 0x0, 0x0, 0x4f, 0xff, 0xf7, 0x0,
    0x1, 0xf6, 0x0, 0x0, 0x1, 0xf8, 0xcf, 0xd3,
    0x1, 0xfe, 0x54, 0xfb, 0x1, 0xf8, 0x0, 0xae,
    0x1, 0xf6, 0x0, 0x9f, 0x1, 0xf6, 0x0, 0x9f,
    0x1, 0xf6, 0x0, 0x9f, 0x1, 0xf6, 0x0, 0x9f,

    /* U+012A "Ī" */
    0x2f, 0xff, 0xc0, 0x22, 0x21, 0x0, 0x0, 0x4,
    0xff, 0xff, 0x2, 0xfb, 0x20, 0xf, 0xa0, 0x0,
    0xfa, 0x0, 0xf, 0xa0, 0x0, 0xfa, 0x0, 0xf,
    0xa0, 0x2, 0xfb, 0x24, 0xff, 0xff,

    /* U+012B "ī" */
    0xff, 0xff, 0x1, 0x10, 0xaf, 0xd0, 0x1b, 0xd0,
    0xa, 0xd0, 0xa, 0xd0, 0xa, 0xd0, 0xa, 0xd0,
    0xa, 0xd0,

    /* U+012E "Į" */
    0x4f, 0xff, 0xf0, 0x2f, 0xb2, 0x0, 0xfa, 0x0,
    0xf, 0xa0, 0x0, 0xfa, 0x0, 0xf, 0xa0, 0x0,
    0xfa, 0x0, 0x2f, 0xb2, 0x4f, 0xff, 0xf0, 0x4,
    0xd2, 0x0, 0x4e, 0xc0,

    /* U+012F "į" */
    0xc, 0xc0, 0xbb, 0x0, 0xa, 0xfd, 0x1b, 0xd0,
    0xad, 0xa, 0xd0, 0xad, 0xa, 0xd0, 0xbb, 0x8b,
    0x5, 0xeb,

    /* U+0130 "İ" */
    0x0, 0xc7, 0x0, 0x7, 0x40, 0x0, 0x0, 0x4,
    0xff, 0xff, 0x2, 0xfb, 0x20, 0xf, 0xa0, 0x0,
    0xfa, 0x0, 0xf, 0xa0, 0x0, 0xfa, 0x0, 0xf,
    0xa0, 0x2, 0xfb, 0x24, 0xff, 0xff,

    /* U+0131 "ı" */
    0xaf, 0xd1, 0xbd, 0xa, 0xd0, 0xad, 0xa, 0xd0,
    0xad, 0xa, 0xd0,

    /* U+0132 "Ĳ" */
    0x4f, 0xff, 0xf0, 0x0, 0x0, 0x7f, 0x20, 0x2f,
    0xb2, 0x0, 0x0, 0x7, 0xf2, 0x0, 0xfa, 0x0,
    0x0, 0x0, 0x7f, 0x20, 0xf, 0xa0, 0x0, 0x0,
    0x7, 0xf2, 0x0, 0xfa, 0x0, 0x0, 0x0, 0x7f,
    0x20, 0xf, 0xa0, 0x0, 0x0, 0x7, 0xf1, 0x0,
    0xfa, 0x0, 0xb6, 0x0, 0x8f, 0x0, 0x2f, 0xb2,
    0xd, 0xd4, 0x4e, 0xb0, 0x4f, 0xff, 0xf0, 0x2b,
    0xfe, 0xa1, 0x0,

    /* U+0133 "ĳ" */
    0xc, 0xc0, 0x3f, 0x60, 0xbb, 0x3, 0xe6, 0x0,
    0x0, 0x0, 0xa, 0xfd, 0x2, 0xf5, 0x1b, 0xd0,
    0x2f, 0x50, 0xad, 0x2, 0xf5, 0xa, 0xd0, 0x2f,
    0x50, 0xad, 0x2, 0xf5, 0xa, 0xd0, 0x2f, 0x50,
    0xad, 0x2, 0xf5, 0x0, 0x3, 0x8f, 0x40, 0x1,
    0xfe, 0xa0,

    /* U+0136 "Ķ" */
    0xf9, 0x0, 0x1d, 0xe2, 0xf9, 0x0, 0xce, 0x20,
    0xf9, 0xc, 0xf3, 0x0, 0xfa, 0xbf, 0x30, 0x0,
    0xff, 0xff, 0x70, 0x0, 0xff, 0x5b, 0xf3, 0x0,
    0xfa, 0x1, 0xee, 0x10, 0xf9, 0x0, 0x3f, 0xb0,
    0xf9, 0x0, 0x7, 0xf7, 0x0, 0x2, 0x0, 0x0,
    0x0, 0xc, 0x70, 0x0, 0x0, 0x1b, 0x70, 0x0,
    0x0, 0x45, 0x0, 0x0,

    /* U+0137 "ķ" */
    0x1f, 0x60, 0x0, 0x0, 0x1f, 0x60, 0x0, 0x0,
    0x1f, 0x60, 0x0, 0x0, 0x1f, 0x60, 0x6f, 0x60,
    0x1f, 0x64, 0xf7, 0x0, 0x1f, 0x9f, 0x90, 0x0,
    0x1f, 0xff, 0x90, 0x0, 0x1f, 0xb7, 0xf5, 0x0,
    0x1f, 0x60, 0xbe, 0x10, 0x1f, 0x60, 0x1e, 0xc0,
    0x0, 0x1, 0x0, 0x0, 0x0, 0xb, 0x90, 0x0,
    0x0, 0xa, 0x90, 0x0, 0x0, 0x36, 0x0, 0x0,

    /* U+0139 "Ĺ" */
    0x0, 0x9, 0xa0, 0x0, 0x3, 0x60, 0x0, 0x0,
    0x0, 0x0, 0xf, 0x90, 0x0, 0x0, 0xf9, 0x0,
    0x0, 0xf, 0x90, 0x0, 0x0, 0xf9, 0x0, 0x0,
    0xf, 0x90, 0x0, 0x0, 0xf9, 0x0, 0x0, 0xf,
    0x90, 0x0, 0x0, 0xfc, 0x66, 0x66, 0x2f, 0xff,
    0xff, 0xf7,

    /* U+013A "ĺ" */
    0x0, 0x43, 0x7, 0xd3, 0x0, 0x0, 0x2f, 0x50,
    0x2f, 0x50, 0x2f, 0x50, 0x2f, 0x50, 0x2f, 0x50,
    0x2f, 0x50, 0x2f, 0x50, 0x2f, 0x50, 0x1f, 0x92,
    0xb, 0xfb,

    /* U+013B "Ļ" */
    0xf9, 0x0, 0x0, 0xf, 0x90, 0x0, 0x0, 0xf9,
    0x0, 0x0, 0xf, 0x90, 0x0, 0x0, 0xf9, 0x0,
    0x0, 0xf, 0x90, 0x0, 0x0, 0xf9, 0x0, 0x0,
    0xf, 0xc6, 0x66, 0x62, 0xff, 0xff, 0xff, 0x70,
    0x1, 0x10, 0x0, 0x0, 0x8c, 0x0, 0x0, 0x7,
    0xc0, 0x0, 0x1, 0x61, 0x0, 0x0,

    /* U+013C "ļ" */
    0x2f, 0x50, 0x2f, 0x50, 0x2f, 0x50, 0x2f, 0x50,
    0x2f, 0x50, 0x2f, 0x50, 0x2f, 0x50, 0x2f, 0x50,
    0x1f, 0x92, 0xb, 0xfb, 0x0, 0x10, 0x7, 0xd0,
    0x6, 0xd0, 0x17, 0x10,

    /* U+013D "Ľ" */
    0xf9, 0xd, 0x20, 0xf, 0x91, 0xe0, 0x0, 0xf9,
    0x14, 0x0, 0xf, 0x90, 0x0, 0x0, 0xf9, 0x0,
    0x0, 0xf, 0x90, 0x0, 0x0, 0xf9, 0x0, 0x0,
    0xf, 0xc6, 0x66, 0x62, 0xff, 0xff, 0xff, 0x70,

    /* U+013E "ľ" */
    0x2f, 0x57, 0x82, 0xf5, 0xb5, 0x2f, 0x55, 0x2,
    0xf5, 0x0, 0x2f, 0x50, 0x2, 0xf5, 0x0, 0x2f,
    0x50, 0x2, 0xf5, 0x0, 0x1f, 0x92, 0x0, 0xbf,
    0xb0,

    /* U+0141 "Ł" */
    0x9, 0xf0, 0x0, 0x0, 0x9, 0xf0, 0x0, 0x0,
    0x9, 0xf0, 0x45, 0x0, 0x9, 0xfb, 0xe4, 0x0,
    0x1c, 0xf8, 0x0, 0x0, 0xdf, 0xf0, 0x0, 0x0,
    0x29, 0xf0, 0x0, 0x0, 0x9, 0xf6, 0x66, 0x65,
    0x9, 0xff, 0xff, 0xfe,

    /* U+0142 "ł" */
    0xd, 0xa0, 0xd, 0xa0, 0xd, 0xa0, 0xd, 0xa4,
    0xd, 0xfd, 0x6f, 0xb0, 0x5e, 0xa0, 0xd, 0xa0,
    0xd, 0xc4, 0x7, 0xff,

    /* U+0143 "Ń" */
    0x0, 0x0, 0x8c, 0x0, 0x0, 0x3, 0x71, 0x0,
    0x0, 0x0, 0x0, 0x0, 0xff, 0x70, 0x0, 0xbd,
    0xff, 0xf1, 0x0, 0xbd, 0xfa, 0xe9, 0x0, 0xbd,
    0xf9, 0x6f, 0x20, 0xbd, 0xf9, 0xd, 0xb0, 0xbd,
    0xf9, 0x5, 0xf4, 0xbd, 0xf9, 0x0, 0xcd, 0xbd,
    0xf9, 0x0, 0x3f, 0xfd, 0xf9, 0x0, 0xa, 0xfd,

    /* U+0144 "ń" */
    0x0, 0x0, 0x7b, 0x0, 0x0, 0x3d, 0x30, 0x0,
    0x0, 0x0, 0x1, 0xf6, 0xcf, 0xd3, 0x1f, 0xe3,
    0x2e, 0xb1, 0xf8, 0x0, 0x9e, 0x1f, 0x60, 0x9,
    0xf1, 0xf6, 0x0, 0x9f, 0x1f, 0x60, 0x9, 0xf1,
    0xf6, 0x0, 0x9f,

    /* U+0145 "Ņ" */
    0xff, 0x70, 0x0, 0xbd, 0xff, 0xf1, 0x0, 0xbd,
    0xfa, 0xe9, 0x0, 0xbd, 0xf9, 0x6f, 0x20, 0xbd,
    0xf9, 0xd, 0xb0, 0xbd, 0xf9, 0x5, 0xf4, 0xbd,
    0xf9, 0x0, 0xcd, 0xbd, 0xf9, 0x0, 0x3f, 0xfd,
    0xf9, 0x0, 0xa, 0xfd, 0x0, 0x0, 0x10, 0x0,
    0x0, 0x7, 0xd0, 0x0, 0x0, 0x6, 0xe0, 0x0,
    0x0, 0x17, 0x10, 0x0,

    /* U+0146 "ņ" */
    0x1f, 0x6c, 0xfd, 0x31, 0xfe, 0x32, 0xeb, 0x1f,
    0x80, 0x9, 0xe1, 0xf6, 0x0, 0x9f, 0x1f, 0x60,
    0x9, 0xf1, 0xf6, 0x0, 0x9f, 0x1f, 0x60, 0x9,
    0xf0, 0x0, 0x1, 0x0, 0x0, 0x7, 0xd0, 0x0,
    0x0, 0x6d, 0x0, 0x0, 0x17, 0x10, 0x0,

    /* U+0147 "Ň" */
    0x1, 0xd7, 0xac, 0x0, 0x0, 0x1d, 0xb0, 0x0,
    0x0, 0x0, 0x0, 0x0, 0xff, 0x70, 0x0, 0xbd,
    0xff, 0xf1, 0x0, 0xbd, 0xfa, 0xe9, 0x0, 0xbd,
    0xf9, 0x6f, 0x20, 0xbd, 0xf9, 0xd, 0xb0, 0xbd,
    0xf9, 0x5, 0xf4, 0xbd, 0xf9, 0x0, 0xcd, 0xbd,
    0xf9, 0x0, 0x3f, 0xfd, 0xf9, 0x0, 0xa, 0xfd,

    /* U+0148 "ň" */
    0x2, 0xd7, 0xab, 0x0, 0x1, 0xca, 0x0, 0x0,
    0x0, 0x0, 0x1, 0xf6, 0xcf, 0xd3, 0x1f, 0xe3,
    0x2e, 0xb1, 0xf8, 0x0, 0x9e, 0x1f, 0x60, 0x9,
    0xf1, 0xf6, 0x0, 0x9f, 0x1f, 0x60, 0x9, 0xf1,
    0xf6, 0x0, 0x9f,

    /* U+0150 "Ő" */
    0x0, 0x0, 0x15, 0x6, 0x0, 0x0, 0x0, 0xc9,
    0x8d, 0x0, 0x0, 0x3, 0x60, 0x71, 0x0, 0x0,
    0x0, 0x0, 0x0, 0x0, 0x0, 0x4b, 0xef, 0xc5,
    0x0, 0x5, 0xfc, 0x66, 0xbf, 0x80, 0xf, 0xc0,
    0x0, 0xa, 0xf2, 0x5f, 0x50, 0x0, 0x3, 0xf8,
    0x6f, 0x30, 0x0, 0x1, 0xf9, 0x5f, 0x50, 0x0,
    0x3, 0xf8, 0xf, 0xc0, 0x0, 0xa, 0xf3, 0x6,
    0xfc, 0x66, 0xbf, 0x80, 0x0, 0x4b, 0xff, 0xc6,
    0x0,

    /* U+0151 "ő" */
    0x0, 0x9, 0x84, 0xd0, 0x0, 0x6d, 0x4e, 0x50,
    0x0, 0x0, 0x0, 0x0, 0x2, 0xae, 0xe9, 0x10,
    0xd, 0xd5, 0x6e, 0xb0, 0x6f, 0x30, 0x6, 0xf3,
    0x8f, 0x0, 0x3, 0xf5, 0x6f, 0x30, 0x6, 0xf3,
    0xd, 0xd5, 0x6e, 0xb0, 0x2, 0xae, 0xe9, 0x10,

    /* U+0152 "Œ" */
    0x0, 0x5c, 0xfe, 0x99, 0xff, 0xff, 0xfa, 0x6,
    0xfe, 0x9a, 0xff, 0xf9, 0x99, 0x95, 0x1f, 0xc0,
    0x0, 0x2f, 0xf1, 0x11, 0x0, 0x5f, 0x50, 0x0,
    0xa, 0xff, 0xff, 0x20, 0x6f, 0x30, 0x0, 0x8,
    0xf4, 0x44, 0x0, 0x5f, 0x50, 0x0, 0xa, 0xf0,
    0x0, 0x0, 0x1f, 0xd0, 0x0, 0x2f, 0xf0, 0x0,
    0x0, 0x7, 0xfe, 0x9a, 0xff, 0xf9, 0x99, 0x96,
    0x0, 0x5c, 0xfe, 0x88, 0xff, 0xff, 0xfa,

    /* U+0153 "œ" */
    0x2, 0xae, 0xe9, 0x7, 0xef, 0xc2, 0x0, 0xdc,
    0x45, 0xee, 0xf6, 0x3a, 0xe1, 0x6f, 0x20, 0x5,
    0xf7, 0x0, 0xf, 0x78, 0xf0, 0x0, 0x3f, 0xfe,
    0xee, 0xf9, 0x6f, 0x30, 0x6, 0xf8, 0x11, 0x11,
    0x10, 0xdd, 0x56, 0xfe, 0xe6, 0x48, 0x80, 0x2,
    0xae, 0xe9, 0x7, 0xef, 0xc4, 0x0,

    /* U+0154 "Ŕ" */
    0x0, 0x3, 0xd3, 0x0, 0x0, 0x7, 0x30, 0x0,
    0x0, 0x0, 0x0, 0x0, 0xff, 0xff, 0xea, 0x20,
    0xfb, 0x55, 0x7f, 0xd0, 0xf9, 0x0, 0x8, 0xf2,
    0xfa, 0x11, 0x3d, 0xf0, 0xff, 0xff, 0xfe, 0x40,
    0xfb, 0x4d, 0xe1, 0x0, 0xf9, 0x3, 0xfb, 0x0,
    0xf9, 0x0, 0x7f, 0x60, 0xf9, 0x0, 0xc, 0xf2,

    /* U+0155 "ŕ" */
    0x0, 0x7, 0xb0, 0x4, 0xd3, 0x0, 0x0, 0x1,
    0xf4, 0xbc, 0x1f, 0xfa, 0x51, 0xfa, 0x0, 0x1f,
    0x70, 0x1, 0xf6, 0x0, 0x1f, 0x60, 0x1, 0xf6,
    0x0,

    /* U+0158 "Ř" */
    0x9, 0xc5, 0xe4, 0x0, 0x0, 0x8e, 0x40, 0x0,
    0x0, 0x0, 0x0, 0x0, 0xff, 0xff, 0xea, 0x20,
    0xfb, 0x55, 0x7f, 0xd0, 0xf9, 0x0, 0x8, 0xf2,
    0xfa, 0x11, 0x3d, 0xf0, 0xff, 0xff, 0xfe, 0x40,
    0xfb, 0x4d, 0xe1, 0x0, 0xf9, 0x3, 0xfb, 0x0,
    0xf9, 0x0, 0x7f, 0x60, 0xf9, 0x0, 0xc, 0xf2,

    /* U+0159 "ř" */
    0x2d, 0x7a, 0xb0, 0x1, 0xca, 0x0, 0x0, 0x0,
    0x0, 0x1f, 0x4b, 0xc0, 0x1f, 0xfa, 0x50, 0x1f,
    0xa0, 0x0, 0x1f, 0x70, 0x0, 0x1f, 0x60, 0x0,
    0x1f, 0x60, 0x0, 0x1f, 0x60, 0x0,

    /* U+015A "Ś" */
    0x0, 0x0, 0x5e, 0x10, 0x0, 0x1, 0x72, 0x0,
    0x0, 0x0, 0x0, 0x0, 0x2, 0xae, 0xfc, 0x50,
    0x1e, 0xd6, 0x6a, 0xf5, 0x4f, 0x50, 0x0, 0x20,
    0x1e, 0xe7, 0x30, 0x0, 0x1, 0x8d, 0xff, 0xa1,
    0x0, 0x0, 0x15, 0xfb, 0x28, 0x10, 0x0, 0xce,
    0x2f, 0xd7, 0x59, 0xf9, 0x2, 0xae, 0xfd, 0x70,

    /* U+015B "ś" */
    0x0, 0x0, 0xd4, 0x0, 0x0, 0xaa, 0x0, 0x0,
    0x0, 0x0, 0x0, 0x7d, 0xfd, 0x60, 0x5f, 0x63,
    0x8b, 0x4, 0xf8, 0x30, 0x0, 0x6, 0xcf, 0xf9,
    0x0, 0x0, 0x5, 0xf5, 0x5f, 0x63, 0x7f, 0x40,
    0x7d, 0xfd, 0x60,

    /* U+015E "Ş" */
    0x2, 0xae, 0xfc, 0x50, 0x1e, 0xd6, 0x6a, 0xf5,
    0x4f, 0x50, 0x0, 0x20, 0x1e, 0xe7, 0x30, 0x0,
    0x1, 0x9d, 0xff, 0x91, 0x0, 0x0, 0x16, 0xfb,
    0x17, 0x10, 0x0, 0xce, 0x2f, 0xd6, 0x59, 0xf9,
    0x3, 0xbf, 0xfd, 0x70, 0x0, 0x8, 0xa2, 0x0,
    0x0, 0x8, 0xc5, 0x0,

    /* U+015F "ş" */
    0x7, 0xdf, 0xd5, 0x4, 0xf6, 0x38, 0xb0, 0x4f,
    0x83, 0x0, 0x0, 0x6c, 0xff, 0x90, 0x0, 0x0,
    0x5f, 0x55, 0xf6, 0x26, 0xf5, 0x8, 0xef, 0xd7,
    0x0, 0x3, 0xc5, 0x0, 0x0, 0x5a, 0xa0, 0x0,

    /* U+0160 "Š" */
    0x0, 0x8c, 0x8c, 0x20, 0x0, 0x3, 0x60, 0x0,
    0x0, 0x0, 0x0, 0x0, 0x2, 0xae, 0xfc, 0x50,
    0x1e, 0xd6, 0x6a, 0xf5, 0x4f, 0x50, 0x0, 0x20,
    0x1e, 0xe7, 0x30, 0x0, 0x1, 0x8d, 0xff, 0xa1,
    0x0, 0x0, 0x15, 0xfb, 0x28, 0x10, 0x0, 0xce,
    0x2f, 0xd7, 0x59, 0xf9, 0x2, 0xae, 0xfd, 0x70,

    /* U+0161 "š" */
    0x7, 0xd4, 0xe5, 0x0, 0x7, 0xf5, 0x0, 0x0,
    0x0, 0x0, 0x0, 0x7d, 0xfd, 0x60, 0x5f, 0x63,
    0x8b, 0x4, 0xf8, 0x30, 0x0, 0x6, 0xcf, 0xf9,
    0x0, 0x0, 0x5, 0xf5, 0x5f, 0x63, 0x7f, 0x40,
    0x7d, 0xfd, 0x60,

    /* U+0162 "Ţ" */
    0xdf, 0xff, 0xff, 0xfe, 0x56, 0x6d, 0xe6, 0x65,
    0x0, 0xc, 0xd0, 0x0, 0x0, 0xc, 0xd0, 0x0,
    0x0, 0xc, 0xd0, 0x0, 0x0, 0xc, 0xd0, 0x0,
    0x0, 0xc, 0xd0, 0x0, 0x0, 0xc, 0xd0, 0x0,
    0x0, 0xc, 0xd0, 0x0, 0x0, 0x8, 0x82, 0x0,
    0x0, 0x19, 0xc4, 0x0,

    /* U+0163 "ţ" */
    0x9, 0xe0, 0x0, 0x9e, 0x0, 0xcf, 0xff, 0x51,
    0xae, 0x20, 0x9, 0xe0, 0x0, 0x9e, 0x0, 0x9,
    0xe0, 0x0, 0x9f, 0x41, 0x4, 0xff, 0x50, 0xb,
    0x70, 0x3, 0x9c, 0x10,

    /* U+0164 "Ť" */
    0x1, 0xc9, 0x8d, 0x10, 0x0, 0x1c, 0xd1, 0x0,
    0x0, 0x0, 0x0, 0x0, 0xdf, 0xff, 0xff, 0xfe,
    0x56, 0x6d, 0xe6, 0x65, 0x0, 0xc, 0xd0, 0x0,
    0x0, 0xc, 0xd0, 0x0, 0x0, 0xc, 0xd0, 0x0,
    0x0, 0xc, 0xd0, 0x0, 0x0, 0xc, 0xd0, 0x0,
    0x0, 0xc, 0xd0, 0x0, 0x0, 0xc, 0xd0, 0x0,

    /* U+0165 "ť" */
    0x0, 0x0, 0x70, 0x0, 0x4, 0xd0, 0x4, 0x77,
    0x70, 0x9, 0xe0, 0x0, 0xcf, 0xff, 0x50, 0x1a,
    0xe2, 0x0, 0x9, 0xe0, 0x0, 0x9, 0xe0, 0x0,
    0x9, 0xe0, 0x0, 0x9, 0xf4, 0x10, 0x4, 0xef,
    0x50,

    /* U+016A "Ū" */
    0x0, 0x2f, 0xff, 0xb0, 0x0, 0x0, 0x22, 0x21,
    0x0, 0x0, 0x0, 0x0, 0x0, 0x0, 0xf9, 0x0,
    0x0, 0xfa, 0xf, 0x90, 0x0, 0xf, 0xa0, 0xf9,
    0x0, 0x0, 0xfa, 0xf, 0x90, 0x0, 0xf, 0xa0,
    0xf9, 0x0, 0x0, 0xfa, 0xf, 0x90, 0x0, 0xf,
    0x90, 0xdd, 0x0, 0x3, 0xf7, 0x7, 0xfb, 0x67,
    0xdf, 0x10, 0x7, 0xdf, 0xfc, 0x40,

    /* U+016B "ū" */
    0x2, 0xff, 0xfd, 0x0, 0x1, 0x11, 0x0, 0x1f,
    0x60, 0xb, 0xc1, 0xf6, 0x0, 0xbc, 0x1f, 0x60,
    0xb, 0xc1, 0xf6, 0x0, 0xbc, 0x1f, 0x60, 0xd,
    0xc0, 0xed, 0x47, 0xfc, 0x5, 0xef, 0x98, 0xc0,

    /* U+016E "Ů" */
    0x0, 0x3, 0xeb, 0x0, 0x0, 0x0, 0xb4, 0xa5,
    0x0, 0x0, 0xb, 0x4a, 0x50, 0x0, 0x0, 0x3d,
    0xb0, 0x0, 0xf, 0x90, 0x0, 0xf, 0xa0, 0xf9,
    0x0, 0x0, 0xfa, 0xf, 0x90, 0x0, 0xf, 0xa0,
    0xf9, 0x0, 0x0, 0xfa, 0xf, 0x90, 0x0, 0xf,
    0xa0, 0xf9, 0x0, 0x0, 0xf9, 0xd, 0xd0, 0x0,
    0x3f, 0x70, 0x7f, 0xb6, 0x7d, 0xf1, 0x0, 0x7d,
    0xff, 0xc4, 0x0,

    /* U+016F "ů" */
    0x0, 0x4d, 0xc1, 0x0, 0xb, 0x59, 0x60, 0x0,
    0x4d, 0xc1, 0x0, 0x0, 0x0, 0x0, 0x1f, 0x60,
    0xb, 0xc1, 0xf6, 0x0, 0xbc, 0x1f, 0x60, 0xb,
    0xc1, 0xf6, 0x0, 0xbc, 0x1f, 0x60, 0xd, 0xc0,
    0xed, 0x47, 0xfc, 0x5, 0xef, 0x98, 0xc0,

    /* U+0170 "Ű" */
    0x0, 0x0, 0x33, 0x15, 0x0, 0x0, 0x2f, 0x5c,
    0xa0, 0x0, 0x5, 0x42, 0x60, 0x0, 0x0, 0x0,
    0x0, 0x0, 0xf, 0x90, 0x0, 0xf, 0xa0, 0xf9,
    0x0, 0x0, 0xfa, 0xf, 0x90, 0x0, 0xf, 0xa0,
    0xf9, 0x0, 0x0, 0xfa, 0xf, 0x90, 0x0, 0xf,
    0xa0, 0xf9, 0x0, 0x0, 0xf9, 0xd, 0xd0, 0x0,
    0x3f, 0x70, 0x7f, 0xb6, 0x7d, 0xf1, 0x0, 0x7d,
    0xff, 0xc4, 0x0,

    /* U+0171 "ű" */
    0x0, 0xa, 0x75, 0xc0, 0x7, 0xb4, 0xd3, 0x0,
    0x0, 0x0, 0x1, 0xf6, 0x0, 0xbc, 0x1f, 0x60,
    0xb, 0xc1, 0xf6, 0x0, 0xbc, 0x1f, 0x60, 0xb,
    0xc1, 0xf6, 0x0, 0xdc, 0xe, 0xd4, 0x7f, 0xc0,
    0x5e, 0xf9, 0x8c,

    /* U+0172 "Ų" */
    0xf, 0x90, 0x0, 0xf, 0xa0, 0xf9, 0x0, 0x0,
    0xfa, 0xf, 0x90, 0x0, 0xf, 0xa0, 0xf9, 0x0,
    0x0, 0xfa, 0xf, 0x90, 0x0, 0xf, 0xa0, 0xf9,
    0x0, 0x0, 0xfa, 0xd, 0xd0, 0x0, 0x3f, 0x70,
    0x7f, 0xb6, 0x7d, 0xf1, 0x0, 0x7d, 0xef, 0xd2,
    0x0, 0x0, 0x0, 0xd5, 0x0, 0x0, 0x0, 0xa,
    0xe6, 0x0,

    /* U+0173 "ų" */
    0x1f, 0x60, 0xb, 0xc1, 0xf6, 0x0, 0xbc, 0x1f,
    0x60, 0xb, 0xc1, 0xf6, 0x0, 0xbc, 0x1f, 0x60,
    0xd, 0xc0, 0xed, 0x47, 0xfc, 0x5, 0xef, 0x9a,
    0xb0, 0x0, 0x8, 0xb0, 0x0, 0x0, 0x6e, 0xa0,

    /* U+0174 "Ŵ" */
    0x0, 0x0, 0x2c, 0xd3, 0x0, 0x0, 0x0, 0x0,
    0x73, 0x27, 0x10, 0x0, 0x0, 0x0, 0x0, 0x0,
    0x0, 0x0, 0xaf, 0x0, 0xe, 0xf1, 0x0, 0xec,
    0x6f, 0x40, 0x2f, 0xf4, 0x2, 0xf8, 0x1f, 0x80,
    0x6e, 0xc8, 0x5, 0xf4, 0xd, 0xc0, 0x9b, 0x8c,
    0x9, 0xf0, 0x9, 0xf0, 0xd7, 0x5f, 0xd, 0xc0,
    0x5, 0xf4, 0xf3, 0x1f, 0x4f, 0x80, 0x1, 0xfb,
    0xf0, 0xd, 0xcf, 0x30, 0x0, 0xdf, 0xb0, 0x9,
    0xff, 0x0, 0x0, 0x9f, 0x80, 0x5, 0xfb, 0x0,

    /* U+0175 "ŵ" */
    0x0, 0x2, 0xdc, 0x10, 0x0, 0x0, 0x1c, 0x68,
    0xb0, 0x0, 0x0, 0x0, 0x0, 0x0, 0x0, 0xad,
    0x0, 0xec, 0x0, 0xf8, 0x6f, 0x12, 0xff, 0x3,
    0xf4, 0x1f, 0x56, 0xbd, 0x47, 0xf0, 0xd, 0x9a,
    0x79, 0x8b, 0xb0, 0x9, 0xde, 0x35, 0xcf, 0x70,
    0x4, 0xff, 0x1, 0xff, 0x30, 0x0, 0xfb, 0x0,
    0xde, 0x0,

    /* U+0176 "Ŷ" */
    0x0, 0x0, 0x0, 0x0, 0x0, 0x0, 0xbf, 0x40,
    0x0, 0x0, 0xaa, 0x4d, 0x30, 0x0, 0x0, 0x0,
    0x0, 0x0, 0xbf, 0x20, 0x0, 0xaf, 0x21, 0xfb,
    0x0, 0x3f, 0x80, 0x7, 0xf4, 0xd, 0xd0, 0x0,
    0xc, 0xd7, 0xf4, 0x0, 0x0, 0x3f, 0xfa, 0x0,
    0x0, 0x0, 0xaf, 0x10, 0x0, 0x0, 0x9, 0xf0,
    0x0, 0x0, 0x0, 0x9f, 0x0, 0x0, 0x0, 0x9,
    0xf0, 0x0, 0x0,

    /* U+0177 "ŷ" */
    0x0, 0x9e, 0x40, 0x0, 0x8a, 0x3c, 0x40, 0x0,
    0x0, 0x0, 0xa, 0xe0, 0x3, 0xf5, 0x4f, 0x40,
    0x8f, 0x0, 0xe9, 0xd, 0xa0, 0x8, 0xe3, 0xf4,
    0x0, 0x2f, 0xce, 0x0, 0x0, 0xcf, 0x90, 0x0,
    0x6, 0xf3, 0x0, 0x3, 0xbd, 0x0, 0x3, 0xfd,
    0x30, 0x0,

    /* U+0178 "Ÿ" */
    0x0, 0xb8, 0x2e, 0x30, 0x0, 0x7, 0x50, 0x91,
    0x0, 0x0, 0x0, 0x0, 0x0, 0xb, 0xf2, 0x0,
    0xa, 0xf2, 0x1f, 0xb0, 0x3, 0xf8, 0x0, 0x7f,
    0x40, 0xdd, 0x0, 0x0, 0xcd, 0x7f, 0x40, 0x0,
    0x3, 0xff, 0xa0, 0x0, 0x0, 0xa, 0xf1, 0x0,
    0x0, 0x0, 0x9f, 0x0, 0x0, 0x0, 0x9, 0xf0,
    0x0, 0x0, 0x0, 0x9f, 0x0, 0x0,

    /* U+0179 "Ź" */
    0x0, 0x0, 0x3e, 0x20, 0x0, 0x0, 0x7, 0x30,
    0x0, 0x0, 0x0, 0x0, 0x0, 0x3, 0xff, 0xff,
    0xff, 0xc0, 0x16, 0x66, 0x6a, 0xf9, 0x0, 0x0,
    0x2, 0xfc, 0x0, 0x0, 0x1, 0xde, 0x10, 0x0,
    0x0, 0xcf, 0x30, 0x0, 0x0, 0x9f, 0x50, 0x0,
    0x0, 0x7f, 0x70, 0x0, 0x0, 0x4f, 0xe6, 0x66,
    0x66, 0x7, 0xff, 0xff, 0xff, 0xf0,

    /* U+017A "ź" */
    0x0, 0x1, 0xd2, 0x0, 0x0, 0xb8, 0x0, 0x0,
    0x0, 0x0, 0x5, 0xff, 0xff, 0xf2, 0x13, 0x34,
    0xed, 0x0, 0x0, 0xbf, 0x20, 0x0, 0x9f, 0x40,
    0x0, 0x6f, 0x60, 0x0, 0x4f, 0xc3, 0x33, 0x17,
    0xff, 0xff, 0xf5,

    /* U+017B "Ż" */
    0x0, 0x5, 0xd0, 0x0, 0x0, 0x0, 0x38, 0x0,
    0x0, 0x0, 0x0, 0x0, 0x0, 0x3, 0xff, 0xff,
    0xff, 0xc0, 0x16, 0x66, 0x6a, 0xf9, 0x0, 0x0,
    0x2, 0xfc, 0x0, 0x0, 0x1, 0xde, 0x10, 0x0,
    0x0, 0xcf, 0x30, 0x0, 0x0, 0x9f, 0x50, 0x0,
    0x0, 0x7f, 0x70, 0x0, 0x0, 0x4f, 0xe6, 0x66,
    0x66, 0x7, 0xff, 0xff, 0xff, 0xf0,

    /* U+017C "ż" */
    0x0, 0x4e, 0x10, 0x0, 0x2, 0x90, 0x0, 0x0,
    0x0, 0x0, 0x5, 0xff, 0xff, 0xf2, 0x13, 0x34,
    0xed, 0x0, 0x0, 0xbf, 0x20, 0x0, 0x9f, 0x40,
    0x0, 0x6f, 0x60, 0x0, 0x4f, 0xc3, 0x33, 0x17,
    0xff, 0xff, 0xf5,

    /* U+017D "Ž" */
    0x0, 0xac, 0x5e, 0x30, 0x0, 0x0, 0x9e, 0x30,
    0x0, 0x0, 0x0, 0x0, 0x0, 0x3, 0xff, 0xff,
    0xff, 0xc0, 0x16, 0x66, 0x6a, 0xf9, 0x0, 0x0,
    0x2, 0xfc, 0x0, 0x0, 0x1, 0xde, 0x10, 0x0,
    0x0, 0xcf, 0x30, 0x0, 0x0, 0x9f, 0x50, 0x0,
    0x0, 0x7f, 0x70, 0x0, 0x0, 0x4f, 0xe6, 0x66,
    0x66, 0x7, 0xff, 0xff, 0xff, 0xf0,

    /* U+017E "ž" */
    0x8, 0xd5, 0xe4, 0x0, 0x7, 0xd3, 0x0, 0x0,
    0x0, 0x0, 0x5, 0xff, 0xff, 0xf2, 0x13, 0x34,
    0xed, 0x0, 0x0, 0xbf, 0x20, 0x0, 0x9f, 0x40,
    0x0, 0x6f, 0x60, 0x0, 0x4f, 0xc3, 0x33, 0x17,
    0xff, 0xff, 0xf5,

    /* U+F0E0 "" */
    0x37, 0x88, 0x88, 0x88, 0x88, 0x88, 0x73, 0xef,
    0xff, 0xff, 0xff, 0xff, 0xff, 0xfe, 0xef, 0xff,
    0xff, 0xff, 0xff, 0xff, 0xfe, 0x1c, 0xff, 0xff,
    0xff, 0xff, 0xff, 0xc1, 0xd2, 0x8f, 0xff, 0xff,
    0xff, 0xf8, 0x2d, 0xff, 0x64, 0xef, 0xff, 0xfe,
    0x45, 0xff, 0xff, 0xfa, 0x2b, 0xff, 0xb2, 0xaf,
    0xff, 0xff, 0xff, 0xd3, 0x55, 0x3d, 0xff, 0xff,
    0xff, 0xff, 0xff, 0xbb, 0xff, 0xff, 0xff, 0xff,
    0xff, 0xff, 0xff, 0xff, 0xff, 0xff, 0xaf, 0xff,
    0xff, 0xff, 0xff, 0xff, 0xf9
};


/*---------------------
 *  GLYPH DESCRIPTION
 *--------------------*/

static const lv_font_fmt_txt_glyph_dsc_t glyph_dsc[] = {
    {.bitmap_index = 0, .adv_w = 0, .box_w = 0, .box_h = 0, .ofs_x = 0, .ofs_y = 0} /* id = 0 reserved */,
    {.bitmap_index = 0, .adv_w = 66, .box_w = 0, .box_h = 0, .ofs_x = 0, .ofs_y = 0},
    {.bitmap_index = 0, .adv_w = 66, .box_w = 3, .box_h = 9, .ofs_x = 1, .ofs_y = 0},
    {.bitmap_index = 14, .adv_w = 75, .box_w = 5, .box_h = 4, .ofs_x = 0, .ofs_y = 5},
    {.bitmap_index = 24, .adv_w = 156, .box_w = 10, .box_h = 9, .ofs_x = 0, .ofs_y = 0},
    {.bitmap_index = 69, .adv_w = 134, .box_w = 8, .box_h = 12, .ofs_x = 0, .ofs_y = -1},
    {.bitmap_index = 117, .adv_w = 210, .box_w = 13, .box_h = 9, .ofs_x = 0, .ofs_y = 0},
    {.bitmap_index = 176, .adv_w = 163, .box_w = 11, .box_h = 9, .ofs_x = 0, .ofs_y = 0},
    {.bitmap_index = 226, .adv_w = 40, .box_w = 2, .box_h = 4, .ofs_x = 0, .ofs_y = 5},
    {.bitmap_index = 230, .adv_w = 70, .box_w = 4, .box_h = 12, .ofs_x = 0, .ofs_y = -2},
    {.bitmap_index = 254, .adv_w = 70, .box_w = 4, .box_h = 12, .ofs_x = 0, .ofs_y = -2},
    {.bitmap_index = 278, .adv_w = 109, .box_w = 6, .box_h = 5, .ofs_x = 0, .ofs_y = 4},
    {.bitmap_index = 293, .adv_w = 135, .box_w = 8, .box_h = 7, .ofs_x = 0, .ofs_y = 0},
    {.bitmap_index = 321, .adv_w = 53, .box_w = 3, .box_h = 4, .ofs_x = 0, .ofs_y = -2},
    {.bitmap_index = 327, .adv_w = 82, .box_w = 5, .box_h = 3, .ofs_x = 0, .ofs_y = 2},
    {.bitmap_index = 335, .adv_w = 53, .box_w = 3, .box_h = 3, .ofs_x = 0, .ofs_y = 0},
    {.bitmap_index = 340, .adv_w = 91, .box_w = 6, .box_h = 11, .ofs_x = 0, .ofs_y = -1},
    {.bitmap_index = 373, .adv_w = 146, .box_w = 9, .box_h = 9, .ofs_x = 0, .ofs_y = 0},
    {.bitmap_index = 414, .adv_w = 94, .box_w = 5, .box_h = 9, .ofs_x = 0, .ofs_y = 0},
    {.bitmap_index = 437, .adv_w = 125, .box_w = 8, .box_h = 9, .ofs_x = 0, .ofs_y = 0},
    {.bitmap_index = 473, .adv_w = 131, .box_w = 8, .box_h = 9, .ofs_x = 0, .ofs_y = 0},
    {.bitmap_index = 509, .adv_w = 138, .box_w = 9, .box_h = 9, .ofs_x = 0, .ofs_y = 0},
    {.bitmap_index = 550, .adv_w = 134, .box_w = 8, .box_h = 9, .ofs_x = 0, .ofs_y = 0},
    {.bitmap_index = 586, .adv_w = 136, .box_w = 8, .box_h = 9, .ofs_x = 0, .ofs_y = 0},
    {.bitmap_index = 622, .adv_w = 117, .box_w = 7, .box_h = 9, .ofs_x = 0, .ofs_y = 0},
    {.bitmap_index = 654, .adv_w = 139, .box_w = 8, .box_h = 9, .ofs_x = 0, .ofs_y = 0},
    {.bitmap_index = 690, .adv_w = 131, .box_w = 8, .box_h = 9, .ofs_x = 0, .ofs_y = 0},
    {.bitmap_index = 726, .adv_w = 53, .box_w = 3, .box_h = 7, .ofs_x = 0, .ofs_y = 0},
    {.bitmap_index = 737, .adv_w = 53, .box_w = 3, .box_h = 9, .ofs_x = 0, .ofs_y = -2},
    {.bitmap_index = 751, .adv_w = 125, .box_w = 8, .box_h = 8, .ofs_x = 0, .ofs_y = -1},
    {.bitmap_index = 783, .adv_w = 139, .box_w = 8, .box_h = 6, .ofs_x = 0, .ofs_y = 1},
    {.bitmap_index = 807, .adv_w = 125, .box_w = 8, .box_h = 8, .ofs_x = 0, .ofs_y = -1},
    {.bitmap_index = 839, .adv_w = 114, .box_w = 7, .box_h = 9, .ofs_x = 0, .ofs_y = 0},
    {.bitmap_index = 871, .adv_w = 174, .box_w = 11, .box_h = 10, .ofs_x = 0, .ofs_y = -1},
    {.bitmap_index = 926, .adv_w = 145, .box_w = 9, .box_h = 9, .ofs_x = 0, .ofs_y = 0},
    {.bitmap_index = 967, .adv_w = 140, .box_w = 8, .box_h = 9, .ofs_x = 1, .ofs_y = 0},
    {.bitmap_index = 1003, .adv_w = 146, .box_w = 9, .box_h = 9, .ofs_x = 0, .ofs_y = 0},
    {.bitmap_index = 1044, .adv_w = 152, .box_w = 8, .box_h = 9, .ofs_x = 1, .ofs_y = 0},
    {.bitmap_index = 1080, .adv_w = 130, .box_w = 7, .box_h = 9, .ofs_x = 1, .ofs_y = 0},
    {.bitmap_index = 1112, .adv_w = 125, .box_w = 7, .box_h = 9, .ofs_x = 1, .ofs_y = 0},
    {.bitmap_index = 1144, .adv_w = 158, .box_w = 10, .box_h = 9, .ofs_x = 0, .ofs_y = 0},
    {.bitmap_index = 1189, .adv_w = 156, .box_w = 8, .box_h = 9, .ofs_x = 1, .ofs_y = 0},
    {.bitmap_index = 1225, .adv_w = 91, .box_w = 5, .box_h = 9, .ofs_x = 0, .ofs_y = 0},
    {.bitmap_index = 1248, .adv_w = 119, .box_w = 7, .box_h = 9, .ofs_x = 0, .ofs_y = 0},
    {.bitmap_index = 1280, .adv_w = 144, .box_w = 8, .box_h = 9, .ofs_x = 1, .ofs_y = 0},
    {.bitmap_index = 1316, .adv_w = 122, .box_w = 7, .box_h = 9, .ofs_x = 1, .ofs_y = 0},
    {.bitmap_index = 1348, .adv_w = 188, .box_w = 10, .box_h = 9, .ofs_x = 1, .ofs_y = 0},
    {.bitmap_index = 1393, .adv_w = 157, .box_w = 8, .box_h = 9, .ofs_x = 1, .ofs_y = 0},
    {.bitmap_index = 1429, .adv_w = 163, .box_w = 10, .box_h = 9, .ofs_x = 0, .ofs_y = 0},
    {.bitmap_index = 1474, .adv_w = 136, .box_w = 8, .box_h = 9, .ofs_x = 1, .ofs_y = 0},
    {.bitmap_index = 1510, .adv_w = 165, .box_w = 11, .box_h = 10, .ofs_x = 0, .ofs_y = -1},
    {.bitmap_index = 1565, .adv_w = 141, .box_w = 8, .box_h = 9, .ofs_x = 1, .ofs_y = 0},
    {.bitmap_index = 1601, .adv_w = 134, .box_w = 8, .box_h = 9, .ofs_x = 0, .ofs_y = 0},
    {.bitmap_index = 1637, .adv_w = 129, .box_w = 8, .box_h = 9, .ofs_x = 0, .ofs_y = 0},
    {.bitmap_index = 1673, .adv_w = 154, .box_w = 9, .box_h = 9, .ofs_x = 0, .ofs_y = 0},
    {.bitmap_index = 1714, .adv_w = 138, .box_w = 9, .box_h = 9, .ofs_x = 0, .ofs_y = 0},
    {.bitmap_index = 1755, .adv_w = 194, .box_w = 12, .box_h = 9, .ofs_x = 0, .ofs_y = 0},
    {.bitmap_index = 1809, .adv_w = 145, .box_w = 9, .box_h = 9, .ofs_x = 0, .ofs_y = 0},
    {.bitmap_index = 1850, .adv_w = 136, .box_w = 9, .box_h = 9, .ofs_x = 0, .ofs_y = 0},
    {.bitmap_index = 1891, .adv_w = 137, .box_w = 9, .box_h = 9, .ofs_x = 0, .ofs_y = 0},
    {.bitmap_index = 1932, .adv_w = 73, .box_w = 4, .box_h = 12, .ofs_x = 1, .ofs_y = -2},
    {.bitmap_index = 1956, .adv_w = 91, .box_w = 6, .box_h = 11, .ofs_x = 0, .ofs_y = -1},
    {.bitmap_index = 1989, .adv_w = 77, .box_w = 4, .box_h = 12, .ofs_x = 0, .ofs_y = -2},
    {.bitmap_index = 2013, .adv_w = 126, .box_w = 8, .box_h = 5, .ofs_x = 0, .ofs_y = 4},
    {.bitmap_index = 2033, .adv_w = 86, .box_w = 7, .box_h = 3, .ofs_x = -1, .ofs_y = -2},
    {.bitmap_index = 2044, .adv_w = 58, .box_w = 4, .box_h = 2, .ofs_x = 0, .ofs_y = 8},
    {.bitmap_index = 2048, .adv_w = 120, .box_w = 7, .box_h = 7, .ofs_x = 0, .ofs_y = 0},
    {.bitmap_index = 2073, .adv_w = 129, .box_w = 8, .box_h = 10, .ofs_x = 0, .ofs_y = 0},
    {.bitmap_index = 2113, .adv_w = 111, .box_w = 7, .box_h = 7, .ofs_x = 0, .ofs_y = 0},
    {.bitmap_index = 2138, .adv_w = 129, .box_w = 8, .box_h = 10, .ofs_x = 0, .ofs_y = 0},
    {.bitmap_index = 2178, .adv_w = 123, .box_w = 8, .box_h = 7, .ofs_x = 0, .ofs_y = 0},
    {.bitmap_index = 2206, .adv_w = 75, .box_w = 5, .box_h = 10, .ofs_x = 0, .ofs_y = 0},
    {.bitmap_index = 2231, .adv_w = 128, .box_w = 8, .box_h = 11, .ofs_x = 0, .ofs_y = -4},
    {.bitmap_index = 2275, .adv_w = 125, .box_w = 7, .box_h = 10, .ofs_x = 0, .ofs_y = 0},
    {.bitmap_index = 2310, .adv_w = 61, .box_w = 3, .box_h = 10, .ofs_x = 0, .ofs_y = 0},
    {.bitmap_index = 2325, .adv_w = 56, .box_w = 4, .box_h = 12, .ofs_x = -1, .ofs_y = -2},
    {.bitmap_index = 2349, .adv_w = 116, .box_w = 8, .box_h = 10, .ofs_x = 0, .ofs_y = 0},
    {.bitmap_index = 2389, .adv_w = 64, .box_w = 4, .box_h = 10, .ofs_x = 0, .ofs_y = 0},
    {.bitmap_index = 2409, .adv_w = 193, .box_w = 12, .box_h = 7, .ofs_x = 0, .ofs_y = 0},
    {.bitmap_index = 2451, .adv_w = 125, .box_w = 7, .box_h = 7, .ofs_x = 0, .ofs_y = 0},
    {.bitmap_index = 2476, .adv_w = 125, .box_w = 8, .box_h = 7, .ofs_x = 0, .ofs_y = 0},
    {.bitmap_index = 2504, .adv_w = 129, .box_w = 8, .box_h = 9, .ofs_x = 0, .ofs_y = -2},
    {.bitmap_index = 2540, .adv_w = 131, .box_w = 9, .box_h = 9, .ofs_x = 0, .ofs_y = -2},
    {.bitmap_index = 2581, .adv_w = 81, .box_w = 5, .box_h = 7, .ofs_x = 0, .ofs_y = 0},
    {.bitmap_index = 2599, .adv_w = 109, .box_w = 7, .box_h = 7, .ofs_x = 0, .ofs_y = 0},
    {.bitmap_index = 2624, .adv_w = 78, .box_w = 5, .box_h = 9, .ofs_x = 0, .ofs_y = 0},
    {.bitmap_index = 2647, .adv_w = 123, .box_w = 7, .box_h = 7, .ofs_x = 0, .ofs_y = 0},
    {.bitmap_index = 2672, .adv_w = 110, .box_w = 7, .box_h = 7, .ofs_x = 0, .ofs_y = 0},
    {.bitmap_index = 2697, .adv_w = 158, .box_w = 10, .box_h = 7, .ofs_x = 0, .ofs_y = 0},
    {.bitmap_index = 2732, .adv_w = 113, .box_w = 7, .box_h = 7, .ofs_x = 0, .ofs_y = 0},
    {.bitmap_index = 2757, .adv_w = 107, .box_w = 7, .box_h = 9, .ofs_x = 0, .ofs_y = -2},
    {.bitmap_index = 2789, .adv_w = 107, .box_w = 7, .box_h = 7, .ofs_x = 0, .ofs_y = 0},
    {.bitmap_index = 2814, .adv_w = 80, .box_w = 5, .box_h = 12, .ofs_x = 0, .ofs_y = -2},
    {.bitmap_index = 2844, .adv_w = 55, .box_w = 2, .box_h = 14, .ofs_x = 1, .ofs_y = -2},
    {.bitmap_index = 2858, .adv_w = 80, .box_w = 5, .box_h = 12, .ofs_x = 0, .ofs_y = -2},
    {.bitmap_index = 2888, .adv_w = 123, .box_w = 8, .box_h = 4, .ofs_x = 0, .ofs_y = 2},
    {.bitmap_index = 2904, .adv_w = 66, .box_w = 0, .box_h = 0, .ofs_x = 0, .ofs_y = 0},
    {.bitmap_index = 2904, .adv_w = 66, .box_w = 3, .box_h = 9, .ofs_x = 1, .ofs_y = -2},
    {.bitmap_index = 2918, .adv_w = 111, .box_w = 7, .box_h = 10, .ofs_x = 0, .ofs_y = -2},
    {.bitmap_index = 2953, .adv_w = 139, .box_w = 8, .box_h = 9, .ofs_x = 1, .ofs_y = 0},
    {.bitmap_index = 2989, .adv_w = 131, .box_w = 8, .box_h = 8, .ofs_x = 0, .ofs_y = 1},
    {.bitmap_index = 3021, .adv_w = 136, .box_w = 9, .box_h = 9, .ofs_x = 0, .ofs_y = 0},
    {.bitmap_index = 3062, .adv_w = 55, .box_w = 2, .box_h = 14, .ofs_x = 1, .ofs_y = -2},
    {.bitmap_index = 3076, .adv_w = 121, .box_w = 8, .box_h = 11, .ofs_x = 0, .ofs_y = -2},
    {.bitmap_index = 3120, .adv_w = 88, .box_w = 5, .box_h = 2, .ofs_x = 0, .ofs_y = 8},
    {.bitmap_index = 3125, .adv_w = 179, .box_w = 11, .box_h = 10, .ofs_x = 0, .ofs_y = 0},
    {.bitmap_index = 3180, .adv_w = 85, .box_w = 5, .box_h = 4, .ofs_x = 0, .ofs_y = 6},
    {.bitmap_index = 3190, .adv_w = 134, .box_w = 8, .box_h = 6, .ofs_x = 0, .ofs_y = 1},
    {.bitmap_index = 3214, .adv_w = 136, .box_w = 8, .box_h = 6, .ofs_x = 0, .ofs_y = 1},
    {.bitmap_index = 3238, .adv_w = 179, .box_w = 11, .box_h = 10, .ofs_x = 0, .ofs_y = 0},
    {.bitmap_index = 3293, .adv_w = 82, .box_w = 5, .box_h = 2, .ofs_x = 0, .ofs_y = 7},
    {.bitmap_index = 3298, .adv_w = 83, .box_w = 5, .box_h = 4, .ofs_x = 0, .ofs_y = 5},
    {.bitmap_index = 3308, .adv_w = 133, .box_w = 8, .box_h = 7, .ofs_x = 0, .ofs_y = 0},
    {.bitmap_index = 3336, .adv_w = 87, .box_w = 5, .box_h = 5, .ofs_x = 0, .ofs_y = 6},
    {.bitmap_index = 3349, .adv_w = 88, .box_w = 5, .box_h = 5, .ofs_x = 0, .ofs_y = 6},
    {.bitmap_index = 3362, .adv_w = 58, .box_w = 4, .box_h = 2, .ofs_x = 0, .ofs_y = 8},
    {.bitmap_index = 3366, .adv_w = 115, .box_w = 7, .box_h = 11, .ofs_x = 0, .ofs_y = -2},
    {.bitmap_index = 3405, .adv_w = 59, .box_w = 3, .box_h = 3, .ofs_x = 0, .ofs_y = 2},
    {.bitmap_index = 3410, .adv_w = 62, .box_w = 4, .box_h = 4, .ofs_x = 0, .ofs_y = -3},
    {.bitmap_index = 3418, .adv_w = 60, .box_w = 3, .box_h = 5, .ofs_x = 0, .ofs_y = 6},
    {.bitmap_index = 3426, .adv_w = 87, .box_w = 5, .box_h = 4, .ofs_x = 0, .ofs_y = 6},
    {.bitmap_index = 3436, .adv_w = 134, .box_w = 8, .box_h = 6, .ofs_x = 0, .ofs_y = 1},
    {.bitmap_index = 3460, .adv_w = 185, .box_w = 11, .box_h = 10, .ofs_x = 0, .ofs_y = 0},
    {.bitmap_index = 3515, .adv_w = 187, .box_w = 11, .box_h = 10, .ofs_x = 0, .ofs_y = 0},
    {.bitmap_index = 3570, .adv_w = 199, .box_w = 12, .box_h = 9, .ofs_x = 0, .ofs_y = 0},
    {.bitmap_index = 3624, .adv_w = 108, .box_w = 7, .box_h = 9, .ofs_x = 0, .ofs_y = -2},
    {.bitmap_index = 3656, .adv_w = 145, .box_w = 9, .box_h = 12, .ofs_x = 0, .ofs_y = 0},
    {.bitmap_index = 3710, .adv_w = 145, .box_w = 9, .box_h = 12, .ofs_x = 0, .ofs_y = 0},
    {.bitmap_index = 3764, .adv_w = 145, .box_w = 9, .box_h = 12, .ofs_x = 0, .ofs_y = 0},
    {.bitmap_index = 3818, .adv_w = 145, .box_w = 9, .box_h = 12, .ofs_x = 0, .ofs_y = 0},
    {.bitmap_index = 3872, .adv_w = 145, .box_w = 9, .box_h = 12, .ofs_x = 0, .ofs_y = 0},
    {.bitmap_index = 3926, .adv_w = 145, .box_w = 9, .box_h = 12, .ofs_x = 0, .ofs_y = 0},
    {.bitmap_index = 3980, .adv_w = 206, .box_w = 13, .box_h = 9, .ofs_x = 0, .ofs_y = 0},
    {.bitmap_index = 4039, .adv_w = 146, .box_w = 9, .box_h = 11, .ofs_x = 0, .ofs_y = -2},
    {.bitmap_index = 4089, .adv_w = 130, .box_w = 7, .box_h = 12, .ofs_x = 1, .ofs_y = 0},
    {.bitmap_index = 4131, .adv_w = 130, .box_w = 7, .box_h = 12, .ofs_x = 1, .ofs_y = 0},
    {.bitmap_index = 4173, .adv_w = 130, .box_w = 7, .box_h = 12, .ofs_x = 1, .ofs_y = 0},
    {.bitmap_index = 4215, .adv_w = 130, .box_w = 7, .box_h = 12, .ofs_x = 1, .ofs_y = 0},
    {.bitmap_index = 4257, .adv_w = 91, .box_w = 5, .box_h = 12, .ofs_x = 0, .ofs_y = 0},
    {.bitmap_index = 4287, .adv_w = 91, .box_w = 5, .box_h = 12, .ofs_x = 0, .ofs_y = 0},
    {.bitmap_index = 4317, .adv_w = 91, .box_w = 6, .box_h = 12, .ofs_x = 0, .ofs_y = 0},
    {.bitmap_index = 4353, .adv_w = 91, .box_w = 5, .box_h = 12, .ofs_x = 0, .ofs_y = 0},
    {.bitmap_index = 4383, .adv_w = 156, .box_w = 10, .box_h = 9, .ofs_x = 0, .ofs_y = 0},
    {.bitmap_index = 4428, .adv_w = 157, .box_w = 8, .box_h = 12, .ofs_x = 1, .ofs_y = 0},
    {.bitmap_index = 4476, .adv_w = 163, .box_w = 10, .box_h = 12, .ofs_x = 0, .ofs_y = 0},
    {.bitmap_index = 4536, .adv_w = 163, .box_w = 10, .box_h = 12, .ofs_x = 0, .ofs_y = 0},
    {.bitmap_index = 4596, .adv_w = 163, .box_w = 10, .box_h = 13, .ofs_x = 0, .ofs_y = 0},
    {.bitmap_index = 4661, .adv_w = 163, .box_w = 10, .box_h = 12, .ofs_x = 0, .ofs_y = 0},
    {.bitmap_index = 4721, .adv_w = 163, .box_w = 10, .box_h = 12, .ofs_x = 0, .ofs_y = 0},
    {.bitmap_index = 4781, .adv_w = 120, .box_w = 7, .box_h = 7, .ofs_x = 0, .ofs_y = 0},
    {.bitmap_index = 4806, .adv_w = 163, .box_w = 10, .box_h = 9, .ofs_x = 0, .ofs_y = 0},
    {.bitmap_index = 4851, .adv_w = 154, .box_w = 9, .box_h = 12, .ofs_x = 0, .ofs_y = 0},
    {.bitmap_index = 4905, .adv_w = 154, .box_w = 9, .box_h = 12, .ofs_x = 0, .ofs_y = 0},
    {.bitmap_index = 4959, .adv_w = 154, .box_w = 9, .box_h = 13, .ofs_x = 0, .ofs_y = 0},
    {.bitmap_index = 5018, .adv_w = 154, .box_w = 9, .box_h = 12, .ofs_x = 0, .ofs_y = 0},
    {.bitmap_index = 5072, .adv_w = 136, .box_w = 9, .box_h = 12, .ofs_x = 0, .ofs_y = 0},
    {.bitmap_index = 5126, .adv_w = 136, .box_w = 8, .box_h = 9, .ofs_x = 1, .ofs_y = 0},
    {.bitmap_index = 5162, .adv_w = 134, .box_w = 7, .box_h = 9, .ofs_x = 1, .ofs_y = 0},
    {.bitmap_index = 5194, .adv_w = 120, .box_w = 7, .box_h = 10, .ofs_x = 0, .ofs_y = 0},
    {.bitmap_index = 5229, .adv_w = 120, .box_w = 7, .box_h = 10, .ofs_x = 0, .ofs_y = 0},
    {.bitmap_index = 5264, .adv_w = 120, .box_w = 7, .box_h = 10, .ofs_x = 0, .ofs_y = 0},
    {.bitmap_index = 5299, .adv_w = 120, .box_w = 7, .box_h = 9, .ofs_x = 0, .ofs_y = 0},
    {.bitmap_index = 5331, .adv_w = 120, .box_w = 7, .box_h = 10, .ofs_x = 0, .ofs_y = 0},
    {.bitmap_index = 5366, .adv_w = 120, .box_w = 7, .box_h = 11, .ofs_x = 0, .ofs_y = 0},
    {.bitmap_index = 5405, .adv_w = 195, .box_w = 12, .box_h = 7, .ofs_x = 0, .ofs_y = 0},
    {.bitmap_index = 5447, .adv_w = 111, .box_w = 7, .box_h = 9, .ofs_x = 0, .ofs_y = -2},
    {.bitmap_index = 5479, .adv_w = 123, .box_w = 8, .box_h = 10, .ofs_x = 0, .ofs_y = 0},
    {.bitmap_index = 5519, .adv_w = 123, .box_w = 8, .box_h = 10, .ofs_x = 0, .ofs_y = 0},
    {.bitmap_index = 5559, .adv_w = 123, .box_w = 8, .box_h = 10, .ofs_x = 0, .ofs_y = 0},
    {.bitmap_index = 5599, .adv_w = 123, .box_w = 8, .box_h = 10, .ofs_x = 0, .ofs_y = 0},
    {.bitmap_index = 5639, .adv_w = 61, .box_w = 3, .box_h = 10, .ofs_x = 0, .ofs_y = 0},
    {.bitmap_index = 5654, .adv_w = 61, .box_w = 4, .box_h = 10, .ofs_x = 0, .ofs_y = 0},
    {.bitmap_index = 5674, .adv_w = 61, .box_w = 6, .box_h = 10, .ofs_x = -1, .ofs_y = 0},
    {.bitmap_index = 5704, .adv_w = 64, .box_w = 6, .box_h = 10, .ofs_x = -1, .ofs_y = 0},
    {.bitmap_index = 5734, .adv_w = 129, .box_w = 8, .box_h = 11, .ofs_x = 0, .ofs_y = 0},
    {.bitmap_index = 5778, .adv_w = 125, .box_w = 7, .box_h = 9, .ofs_x = 0, .ofs_y = 0},
    {.bitmap_index = 5810, .adv_w = 125, .box_w = 8, .box_h = 10, .ofs_x = 0, .ofs_y = 0},
    {.bitmap_index = 5850, .adv_w = 125, .box_w = 8, .box_h = 10, .ofs_x = 0, .ofs_y = 0},
    {.bitmap_index = 5890, .adv_w = 125, .box_w = 8, .box_h = 10, .ofs_x = 0, .ofs_y = 0},
    {.bitmap_index = 5930, .adv_w = 125, .box_w = 8, .box_h = 9, .ofs_x = 0, .ofs_y = 0},
    {.bitmap_index = 5966, .adv_w = 125, .box_w = 8, .box_h = 10, .ofs_x = 0, .ofs_y = 0},
    {.bitmap_index = 6006, .adv_w = 135, .box_w = 8, .box_h = 7, .ofs_x = 0, .ofs_y = 0},
    {.bitmap_index = 6034, .adv_w = 125, .box_w = 8, .box_h = 9, .ofs_x = 0, .ofs_y = -1},
    {.bitmap_index = 6070, .adv_w = 123, .box_w = 7, .box_h = 10, .ofs_x = 0, .ofs_y = 0},
    {.bitmap_index = 6105, .adv_w = 123, .box_w = 7, .box_h = 10, .ofs_x = 0, .ofs_y = 0},
    {.bitmap_index = 6140, .adv_w = 123, .box_w = 7, .box_h = 10, .ofs_x = 0, .ofs_y = 0},
    {.bitmap_index = 6175, .adv_w = 123, .box_w = 7, .box_h = 10, .ofs_x = 0, .ofs_y = 0},
    {.bitmap_index = 6210, .adv_w = 107, .box_w = 7, .box_h = 12, .ofs_x = 0, .ofs_y = -2},
    {.bitmap_index = 6252, .adv_w = 129, .box_w = 8, .box_h = 12, .ofs_x = 0, .ofs_y = -2},
    {.bitmap_index = 6300, .adv_w = 107, .box_w = 7, .box_h = 12, .ofs_x = 0, .ofs_y = -2},
    {.bitmap_index = 6342, .adv_w = 145, .box_w = 9, .box_h = 12, .ofs_x = 0, .ofs_y = 0},
    {.bitmap_index = 6396, .adv_w = 120, .box_w = 7, .box_h = 9, .ofs_x = 0, .ofs_y = 0},
    {.bitmap_index = 6428, .adv_w = 145, .box_w = 9, .box_h = 12, .ofs_x = 0, .ofs_y = 0},
    {.bitmap_index = 6482, .adv_w = 120, .box_w = 7, .box_h = 10, .ofs_x = 0, .ofs_y = 0},
    {.bitmap_index = 6517, .adv_w = 145, .box_w = 9, .box_h = 11, .ofs_x = 0, .ofs_y = -2},
    {.bitmap_index = 6567, .adv_w = 120, .box_w = 7, .box_h = 9, .ofs_x = 0, .ofs_y = -2},
    {.bitmap_index = 6599, .adv_w = 146, .box_w = 9, .box_h = 12, .ofs_x = 0, .ofs_y = 0},
    {.bitmap_index = 6653, .adv_w = 111, .box_w = 7, .box_h = 10, .ofs_x = 0, .ofs_y = 0},
    {.bitmap_index = 6688, .adv_w = 146, .box_w = 9, .box_h = 12, .ofs_x = 0, .ofs_y = 0},
    {.bitmap_index = 6742, .adv_w = 111, .box_w = 7, .box_h = 10, .ofs_x = 0, .ofs_y = 0},
    {.bitmap_index = 6777, .adv_w = 146, .box_w = 9, .box_h = 12, .ofs_x = 0, .ofs_y = 0},
    {.bitmap_index = 6831, .adv_w = 111, .box_w = 7, .box_h = 10, .ofs_x = 0, .ofs_y = 0},
    {.bitmap_index = 6866, .adv_w = 152, .box_w = 8, .box_h = 12, .ofs_x = 1, .ofs_y = 0},
    {.bitmap_index = 6914, .adv_w = 147, .box_w = 10, .box_h = 10, .ofs_x = 0, .ofs_y = 0},
    {.bitmap_index = 6964, .adv_w = 156, .box_w = 10, .box_h = 9, .ofs_x = 0, .ofs_y = 0},
    {.bitmap_index = 7009, .adv_w = 129, .box_w = 9, .box_h = 10, .ofs_x = 0, .ofs_y = 0},
    {.bitmap_index = 7054, .adv_w = 130, .box_w = 7, .box_h = 12, .ofs_x = 1, .ofs_y = 0},
    {.bitmap_index = 7096, .adv_w = 123, .box_w = 8, .box_h = 9, .ofs_x = 0, .ofs_y = 0},
    {.bitmap_index = 7132, .adv_w = 130, .box_w = 7, .box_h = 12, .ofs_x = 1, .ofs_y = 0},
    {.bitmap_index = 7174, .adv_w = 123, .box_w = 8, .box_h = 10, .ofs_x = 0, .ofs_y = 0},
    {.bitmap_index = 7214, .adv_w = 130, .box_w = 7, .box_h = 11, .ofs_x = 1, .ofs_y = -2},
    {.bitmap_index = 7253, .adv_w = 123, .box_w = 8, .box_h = 9, .ofs_x = 0, .ofs_y = -2},
    {.bitmap_index = 7289, .adv_w = 130, .box_w = 7, .box_h = 12, .ofs_x = 1, .ofs_y = 0},
    {.bitmap_index = 7331, .adv_w = 123, .box_w = 8, .box_h = 10, .ofs_x = 0, .ofs_y = 0},
    {.bitmap_index = 7371, .adv_w = 158, .box_w = 10, .box_h = 12, .ofs_x = 0, .ofs_y = 0},
    {.bitmap_index = 7431, .adv_w = 128, .box_w = 8, .box_h = 14, .ofs_x = 0, .ofs_y = -4},
    {.bitmap_index = 7487, .adv_w = 158, .box_w = 10, .box_h = 12, .ofs_x = 0, .ofs_y = 0},
    {.bitmap_index = 7547, .adv_w = 128, .box_w = 8, .box_h = 14, .ofs_x = 0, .ofs_y = -4},
    {.bitmap_index = 7603, .adv_w = 158, .box_w = 10, .box_h = 13, .ofs_x = 0, .ofs_y = -4},
    {.bitmap_index = 7668, .adv_w = 128, .box_w = 8, .box_h = 15, .ofs_x = 0, .ofs_y = -4},
    {.bitmap_index = 7728, .adv_w = 156, .box_w = 10, .box_h = 9, .ofs_x = 0, .ofs_y = 0},
    {.bitmap_index = 7773, .adv_w = 125, .box_w = 8, .box_h = 10, .ofs_x = -1, .ofs_y = 0},
    {.bitmap_index = 7813, .adv_w = 91, .box_w = 5, .box_h = 12, .ofs_x = 0, .ofs_y = 0},
    {.bitmap_index = 7843, .adv_w = 61, .box_w = 4, .box_h = 9, .ofs_x = 0, .ofs_y = 0},
    {.bitmap_index = 7861, .adv_w = 91, .box_w = 5, .box_h = 11, .ofs_x = 0, .ofs_y = -2},
    {.bitmap_index = 7889, .adv_w = 61, .box_w = 3, .box_h = 12, .ofs_x = 0, .ofs_y = -2},
    {.bitmap_index = 7907, .adv_w = 91, .box_w = 5, .box_h = 12, .ofs_x = 0, .ofs_y = 0},
    {.bitmap_index = 7937, .adv_w = 61, .box_w = 3, .box_h = 7, .ofs_x = 0, .ofs_y = 0},
    {.bitmap_index = 7948, .adv_w = 210, .box_w = 13, .box_h = 9, .ofs_x = 0, .ofs_y = 0},
    {.bitmap_index = 8007, .adv_w = 117, .box_w = 7, .box_h = 12, .ofs_x = 0, .ofs_y = -2},
    {.bitmap_index = 8049, .adv_w = 144, .box_w = 8, .box_h = 13, .ofs_x = 1, .ofs_y = -4},
    {.bitmap_index = 8101, .adv_w = 116, .box_w = 8, .box_h = 14, .ofs_x = 0, .ofs_y = -4},
    {.bitmap_index = 8157, .adv_w = 122, .box_w = 7, .box_h = 12, .ofs_x = 1, .ofs_y = 0},
    {.bitmap_index = 8199, .adv_w = 64, .box_w = 4, .box_h = 13, .ofs_x = 0, .ofs_y = 0},
    {.bitmap_index = 8225, .adv_w = 122, .box_w = 7, .box_h = 13, .ofs_x = 1, .ofs_y = -4},
    {.bitmap_index = 8271, .adv_w = 64, .box_w = 4, .box_h = 14, .ofs_x = 0, .ofs_y = -4},
    {.bitmap_index = 8299, .adv_w = 122, .box_w = 7, .box_h = 9, .ofs_x = 1, .ofs_y = 0},
    {.bitmap_index = 8331, .adv_w = 75, .box_w = 5, .box_h = 10, .ofs_x = 0, .ofs_y = 0},
    {.bitmap_index = 8356, .adv_w = 129, .box_w = 8, .box_h = 9, .ofs_x = 0, .ofs_y = 0},
    {.bitmap_index = 8392, .adv_w = 71, .box_w = 4, .box_h = 10, .ofs_x = 0, .ofs_y = 0},
    {.bitmap_index = 8412, .adv_w = 157, .box_w = 8, .box_h = 12, .ofs_x = 1, .ofs_y = 0},
    {.bitmap_index = 8460, .adv_w = 125, .box_w = 7, .box_h = 10, .ofs_x = 0, .ofs_y = 0},
    {.bitmap_index = 8495, .adv_w = 157, .box_w = 8, .box_h = 13, .ofs_x = 1, .ofs_y = -4},
    {.bitmap_index = 8547, .adv_w = 125, .box_w = 7, .box_h = 11, .ofs_x = 0, .ofs_y = -4},
    {.bitmap_index = 8586, .adv_w = 157, .box_w = 8, .box_h = 12, .ofs_x = 1, .ofs_y = 0},
    {.bitmap_index = 8634, .adv_w = 125, .box_w = 7, .box_h = 10, .ofs_x = 0, .ofs_y = 0},
    {.bitmap_index = 8669, .adv_w = 163, .box_w = 10, .box_h = 13, .ofs_x = 0, .ofs_y = 0},
    {.bitmap_index = 8734, .adv_w = 125, .box_w = 8, .box_h = 10, .ofs_x = 0, .ofs_y = 0},
    {.bitmap_index = 8774, .adv_w = 227, .box_w = 14, .box_h = 9, .ofs_x = 0, .ofs_y = 0},
    {.bitmap_index = 8837, .adv_w = 208, .box_w = 13, .box_h = 7, .ofs_x = 0, .ofs_y = 0},
    {.bitmap_index = 8883, .adv_w = 141, .box_w = 8, .box_h = 12, .ofs_x = 1, .ofs_y = 0},
    {.bitmap_index = 8931, .adv_w = 81, .box_w = 5, .box_h = 10, .ofs_x = 0, .ofs_y = 0},
    {.bitmap_index = 8956, .adv_w = 141, .box_w = 8, .box_h = 12, .ofs_x = 1, .ofs_y = 0},
    {.bitmap_index = 9004, .adv_w = 81, .box_w = 6, .box_h = 10, .ofs_x = 0, .ofs_y = 0},
    {.bitmap_index = 9034, .adv_w = 134, .box_w = 8, .box_h = 12, .ofs_x = 0, .ofs_y = 0},
    {.bitmap_index = 9082, .adv_w = 109, .box_w = 7, .box_h = 10, .ofs_x = 0, .ofs_y = 0},
    {.bitmap_index = 9117, .adv_w = 134, .box_w = 8, .box_h = 11, .ofs_x = 0, .ofs_y = -2},
    {.bitmap_index = 9161, .adv_w = 109, .box_w = 7, .box_h = 9, .ofs_x = 0, .ofs_y = -2},
    {.bitmap_index = 9193, .adv_w = 134, .box_w = 8, .box_h = 12, .ofs_x = 0, .ofs_y = 0},
    {.bitmap_index = 9241, .adv_w = 109, .box_w = 7, .box_h = 10, .ofs_x = 0, .ofs_y = 0},
    {.bitmap_index = 9276, .adv_w = 129, .box_w = 8, .box_h = 11, .ofs_x = 0, .ofs_y = -2},
    {.bitmap_index = 9320, .adv_w = 78, .box_w = 5, .box_h = 11, .ofs_x = 0, .ofs_y = -2},
    {.bitmap_index = 9348, .adv_w = 129, .box_w = 8, .box_h = 12, .ofs_x = 0, .ofs_y = 0},
    {.bitmap_index = 9396, .adv_w = 78, .box_w = 6, .box_h = 11, .ofs_x = 0, .ofs_y = 0},
    {.bitmap_index = 9429, .adv_w = 154, .box_w = 9, .box_h = 12, .ofs_x = 0, .ofs_y = 0},
    {.bitmap_index = 9483, .adv_w = 123, .box_w = 7, .box_h = 9, .ofs_x = 0, .ofs_y = 0},
    {.bitmap_index = 9515, .adv_w = 154, .box_w = 9, .box_h = 13, .ofs_x = 0, .ofs_y = 0},
    {.bitmap_index = 9574, .adv_w = 123, .box_w = 7, .box_h = 11, .ofs_x = 0, .ofs_y = 0},
    {.bitmap_index = 9613, .adv_w = 154, .box_w = 9, .box_h = 13, .ofs_x = 0, .ofs_y = 0},
    {.bitmap_index = 9672, .adv_w = 123, .box_w = 7, .box_h = 10, .ofs_x = 0, .ofs_y = 0},
    {.bitmap_index = 9707, .adv_w = 154, .box_w = 9, .box_h = 11, .ofs_x = 0, .ofs_y = -2},
    {.bitmap_index = 9757, .adv_w = 123, .box_w = 7, .box_h = 9, .ofs_x = 0, .ofs_y = -2},
    {.bitmap_index = 9789, .adv_w = 194, .box_w = 12, .box_h = 12, .ofs_x = 0, .ofs_y = 0},
    {.bitmap_index = 9861, .adv_w = 158, .box_w = 10, .box_h = 10, .ofs_x = 0, .ofs_y = 0},
    {.bitmap_index = 9911, .adv_w = 136, .box_w = 9, .box_h = 13, .ofs_x = 0, .ofs_y = 0},
    {.bitmap_index = 9970, .adv_w = 107, .box_w = 7, .box_h = 12, .ofs_x = 0, .ofs_y = -2},
    {.bitmap_index = 10012, .adv_w = 136, .box_w = 9, .box_h = 12, .ofs_x = 0, .ofs_y = 0},
    {.bitmap_index = 10066, .adv_w = 137, .box_w = 9, .box_h = 12, .ofs_x = 0, .ofs_y = 0},
    {.bitmap_index = 10120, .adv_w = 107, .box_w = 7, .box_h = 10, .ofs_x = 0, .ofs_y = 0},
    {.bitmap_index = 10155, .adv_w = 137, .box_w = 9, .box_h = 12, .ofs_x = 0, .ofs_y = 0},
    {.bitmap_index = 10209, .adv_w = 107, .box_w = 7, .box_h = 10, .ofs_x = 0, .ofs_y = 0},
    {.bitmap_index = 10244, .adv_w = 137, .box_w = 9, .box_h = 12, .ofs_x = 0, .ofs_y = 0},
    {.bitmap_index = 10298, .adv_w = 107, .box_w = 7, .box_h = 10, .ofs_x = 0, .ofs_y = 0},
    {.bitmap_index = 10333, .adv_w = 224, .box_w = 14, .box_h = 11, .ofs_x = 0, .ofs_y = 0}
};

/*---------------------
 *  CHARACTER MAPPING
 *--------------------*/

static const uint8_t glyph_id_ofs_list_4[] = {
    0, 1, 2, 3, 4, 5, 6, 7,
    8, 9, 0, 0, 10, 11, 12, 13,
    14, 15, 0, 0, 16, 17, 18, 19,
    20, 21, 0, 0, 22, 23, 0, 0,
    24, 25, 0, 0, 26, 27, 28, 29,
    30, 31, 0, 0, 32, 33, 0, 34,
    35, 36, 37, 38, 39, 0, 0, 40,
    41, 42, 43, 44, 45, 46, 47, 0,
    0, 0, 0, 0, 0, 0, 48, 49,
    50, 51, 52, 53, 0, 0, 54, 55,
    56, 57, 0, 0, 58, 59, 60, 61,
    62, 63, 64, 65, 0, 0, 0, 0,
    66, 67
};

/*Collect the unicode lists and glyph_id offsets*/
static const lv_font_fmt_txt_cmap_t cmaps[] =
{
    {
        .range_start = 32, .range_length = 95, .glyph_id_start = 1,
        .unicode_list = NULL, .glyph_id_ofs_list = NULL, .list_length = 0, .type = LV_FONT_FMT_TXT_CMAP_FORMAT0_TINY
    },
    {
        .range_start = 160, .range_length = 13, .glyph_id_start = 96,
        .unicode_list = NULL, .glyph_id_ofs_list = NULL, .list_length = 0, .type = LV_FONT_FMT_TXT_CMAP_FORMAT0_TINY
    },
    {
        .range_start = 174, .range_length = 7, .glyph_id_start = 109,
        .unicode_list = NULL, .glyph_id_ofs_list = NULL, .list_length = 0, .type = LV_FONT_FMT_TXT_CMAP_FORMAT0_TINY
    },
    {
        .range_start = 182, .range_length = 82, .glyph_id_start = 116,
        .unicode_list = NULL, .glyph_id_ofs_list = NULL, .list_length = 0, .type = LV_FONT_FMT_TXT_CMAP_FORMAT0_TINY
    },
    {
        .range_start = 266, .range_length = 98, .glyph_id_start = 198,
        .unicode_list = NULL, .glyph_id_ofs_list = glyph_id_ofs_list_4, .list_length = 98, .type = LV_FONT_FMT_TXT_CMAP_FORMAT0_FULL
    },
    {
        .range_start = 366, .range_length = 17, .glyph_id_start = 266,
        .unicode_list = NULL, .glyph_id_ofs_list = NULL, .list_length = 0, .type = LV_FONT_FMT_TXT_CMAP_FORMAT0_TINY
    },
    {
        .range_start = 61664, .range_length = 1, .glyph_id_start = 283,
        .unicode_list = NULL, .glyph_id_ofs_list = NULL, .list_length = 0, .type = LV_FONT_FMT_TXT_CMAP_FORMAT0_TINY
    }
};

/*-----------------
 *    KERNING
 *----------------*/


/*Map glyph_ids to kern left classes*/
static const uint8_t kern_left_class_mapping[] =
{
    0, 1, 0, 2, 0, 0, 0, 3,
    2, 4, 0, 5, 6, 7, 8, 7,
    9, 10, 0, 11, 12, 13, 14, 15,
    16, 17, 18, 19, 19, 0, 0, 0,
    20, 21, 22, 23, 24, 25, 26, 27,
    28, 0, 29, 30, 31, 32, 0, 0,
    25, 33, 34, 35, 36, 37, 30, 38,
    39, 40, 41, 42, 43, 44, 45, 0,
    46, 0, 47, 48, 49, 0, 50, 51,
    52, 53, 0, 54, 55, 56, 53, 53,
    48, 48, 57, 58, 59, 60, 61, 62,
    62, 63, 62, 64, 43, 65, 0, 0,
    0, 66, 67, 0, 0, 0, 65, 68,
    0, 0, 0, 69, 0, 0, 0, 70,
    0, 0, 0, 0, 71, 0, 0, 0,
    0, 72, 0, 0, 0, 73, 22, 22,
    22, 22, 22, 22, 26, 24, 26, 26,
    26, 26, 29, 29, 29, 29, 25, 0,
    25, 25, 25, 25, 25, 0, 25, 30,
    30, 30, 30, 41, 74, 75, 47, 47,
    47, 47, 47, 47, 50, 49, 50, 50,
    50, 50, 0, 0, 76, 77, 78, 53,
    48, 48, 48, 48, 48, 0, 48, 61,
    61, 61, 61, 62, 48, 62, 22, 47,
    22, 47, 79, 80, 24, 49, 24, 49,
    24, 49, 25, 81, 25, 82, 26, 50,
    26, 50, 83, 50, 26, 50, 28, 52,
    28, 52, 28, 52, 84, 53, 29, 0,
    85, 86, 29, 0, 30, 54, 31, 55,
    0, 0, 32, 87, 32, 88, 32, 56,
    0, 53, 0, 53, 0, 53, 25, 48,
    26, 50, 35, 58, 35, 58, 36, 59,
    36, 59, 36, 59, 37, 89, 37, 90,
    30, 61, 30, 61, 30, 61, 30, 52,
    39, 62, 41, 62, 41, 42, 64, 42,
    64, 42, 64, 0
};

/*Map glyph_ids to kern right classes*/
static const uint8_t kern_right_class_mapping[] =
{
    0, 1, 2, 3, 4, 0, 5, 6,
    3, 0, 7, 8, 9, 10, 11, 12,
    13, 14, 15, 16, 17, 18, 19, 20,
    21, 22, 23, 24, 25, 0, 0, 0,
    26, 27, 28, 0, 29, 0, 0, 0,
    29, 0, 30, 31, 0, 0, 0, 0,
    29, 0, 29, 0, 32, 33, 34, 35,
    36, 37, 38, 39, 40, 41, 42, 0,
    43, 0, 44, 45, 46, 46, 46, 47,
    48, 45, 49, 50, 45, 45, 51, 51,
    46, 52, 46, 51, 53, 54, 55, 56,
    56, 57, 56, 58, 0, 40, 42, 0,
    0, 59, 60, 0, 0, 61, 40, 59,
    0, 0, 0, 62, 0, 0, 0, 63,
    0, 0, 0, 0, 64, 65, 0, 0,
    0, 66, 0, 0, 0, 67, 28, 28,
    28, 28, 28, 28, 68, 29, 0, 0,
    0, 0, 30, 30, 30, 30, 0, 0,
    29, 29, 29, 29, 29, 0, 29, 34,
    34, 34, 34, 38, 0, 0, 44, 44,
    69, 70, 71, 44, 44, 46, 46, 46,
    46, 72, 73, 49, 74, 75, 46, 51,
    46, 46, 76, 77, 78, 0, 46, 55,
    55, 55, 55, 56, 79, 56, 28, 80,
    28, 81, 28, 44, 29, 46, 29, 46,
    29, 46, 0, 46, 0, 46, 0, 46,
    0, 46, 0, 46, 0, 46, 29, 48,
    29, 48, 29, 48, 0, 82, 30, 83,
    30, 84, 30, 49, 30, 49, 0, 45,
    0, 0, 0, 45, 0, 45, 0, 45,
    0, 51, 0, 51, 0, 51, 29, 46,
    29, 46, 0, 51, 0, 51, 32, 53,
    32, 53, 32, 53, 33, 54, 33, 54,
    34, 55, 34, 55, 34, 55, 34, 55,
    36, 56, 38, 56, 38, 39, 58, 39,
    58, 39, 58, 0
};

/*Kern values between classes*/
static const int8_t kern_class_values[] =
{
    0, 0, 0, 0, 0, 0, 0, 0,
    0, 0, 0, 0, 0, 0, 0, 0,
    0, 0, 0, 0, 0, 0, 0, 0,
    0, 0, 0, -2, 0, 0, 0, 0,
    -4, 0, -4, -4, 0, -7, 0, 0,
    0, 0, 0, 0, 0, 0, 0, 0,
    0, 0, 0, 0, 0, 0, 0, -3,
    0, 0, 0, 0, 0, 0, 0, 0,
    0, 0, 0, 0, 0, 0, 0, 0,
    0, 0, 0, 0, 0, 0, 0, 0,
    0, 0, 0, 0, 0, 0, 0, 0,
    0, 0, 0, 0, 0, 0, 0, 0,
    0, 0, 4, 0, 0, -11, 0, 0,
    8, -4, 0, 0, 0, 0, 0, 0,
    0, 0, 0, 0, 0, 0, 0, 0,
    0, 0, 0, 0, 0, 0, 0, 0,
    0, 0, 0, 0, 0, 0, 0, 0,
    0, 0, 0, 0, 0, 0, 0, -7,
    0, 0, 0, 0, 0, 0, 0, 0,
    0, 0, 0, 0, 0, 0, 0, 0,
    0, 0, 0, 0, 0, 0, 0, 0,
    0, 0, 0, 0, 0, 0, 0, 0,
    0, 0, 0, 0, 0, 0, 0, 0,
    0, 0, 0, 0, 0, 0, 0, 0,
    0, 0, 0, 0, 0, 0, 0, -7,
    -13, -5, -11, -6, 0, -16, 0, 0,
    0, 0, 0, 0, 0, 0, 0, 0,
    0, 0, 0, 0, 0, 0, 0, -5,
    0, 0, 0, 0, 0, 0, 0, 0,
    0, 0, 0, 0, 0, 0, 0, 0,
    0, 0, 0, 0, 0, 0, 0, 0,
    0, 0, 0, 0, 0, 0, 0, 0,
    0, 0, 0, 0, 0, 0, 0, 0,
    0, -4, 0, 0, 0, 0, 0, 0,
    0, 0, 0, 0, 0, 0, 0, 0,
    0, 0, 0, 0, 0, 0, 0, 0,
    0, 0, 0, 0, 0, 0, 0, 0,
    0, 0, 0, 0, 0, 0, 0, 0,
    0, 0, 0, 0, 0, 0, 0, -9,
    0, 0, 0, 0, 0, 0, 0, 0,
    0, 0, 0, 0, 0, 0, 0, 0,
    0, 0, 0, 0, 0, 0, 0, 0,
    0, 0, 0, 0, 0, 0, 0, 0,
    0, -16, 0, -16, 0, 0, 0, 0,
    0, 0, 0, 0, 0, 0, 0, 0,
    0, 0, 0, 0, 0, 0, 0, 0,
    0, 0, 0, 0, 0, 0, 0, 0,
    0, 0, 0, 0, 0, 0, 0, 0,
    0, 0, 0, 0, 0, 0, 0, 0,
    0, 0, 0, -4, 0, 0, 0, 0,
    0, 0, 0, 0, 0, 0, 0, 0,
    0, 0, 0, 0, 0, 0, 0, 0,
    0, 0, 0, 0, 0, 0, 0, 0,
    0, 0, 0, 0, 0, 0, 0, 0,
    0, 0, -7, 0, 0, 5, 0, 0,
    0, 0, 0, 0, 0, 0, 0, 0,
    0, 0, 0, 0, 0, 0, 0, 0,
    0, 0, 0, 0, 0, 0, 0, 0,
    0, 0, 0, 0, 0, 0, 0, 0,
    0, 0, 0, 0, 0, 0, 0, 0,
    0, 0, 0, 0, 0, 0, 0, 0,
    0, 0, 0, 0, 0, 0, 0, 0,
    0, 0, 0, 0, 0, 0, 0, 0,
    0, 0, 0, 0, 0, 0, 0, -16,
    0, 0, 0, 0, 0, 0, -7, 0,
    0, 0, 0, 0, 0, 0, 0, 0,
    0, 0, 0, 0, 0, 0, 0, 0,
    0, 0, 0, 0, 0, 0, 0, 0,
    0, 0, 0, 0, 0, 0, 0, 0,
    0, 0, 0, 0, 0, 0, 0, 0,
    0, 0, 0, -2, 0, 0, 0, 0,
    0, 0, 0, 0, 0, 0, 0, 0,
    0, 0, 0, 0, 0, 0, 0, 0,
    0, 0, 0, 0, 0, 0, 0, 0,
    0, 0, 0, 0, 0, 0, 0, 0,
    0, 4, 0, 0, 0, 11, 2, 0,
    0, 0, 0, 0, 0, 0, 0, 0,
    0, 0, 0, 0, 0, 0, 0, 0,
    0, 0, 0, 0, 0, 0, 0, 0,
    0, 0, 0, 0, 0, 0, 0, 0,
    0, 0, 0, 0, 0, 0, 0, 3,
    0, 0, 0, 0, 0, 0, 0, 0,
    0, 0, 0, 0, 0, 0, 0, 0,
    0, 0, 0, 0, 0, 0, 0, 0,
    0, 0, 0, 0, 0, 0, 0, 0,
    0, 0, 0, 0, -25, 0, 0, 0,
    0, -11, 0, 0, 11, 0, 0, 0,
    0, 0, 0, 0, 0, 0, 0, 0,
    0, 0, 0, 0, 0, 0, 0, 0,
    0, 0, 0, 0, 0, 0, 0, 0,
    0, 0, 0, 0, 0, 0, 0, 0,
    0, 0, 0, -14, 0, 0, 0, 0,
    0, 0, 0, 0, 0, 0, 0, 0,
    0, 0, 0, 0, 0, 0, 0, 0,
    0, 0, 0, 0, 0, 0, 0, 0,
    0, 0, -4, 0, 0, 0, 4, 0,
    0, 0, 0, 0, 0, 0, 0, 0,
    0, 0, 0, 0, 0, 0, 0, 0,
    0, 0, 0, 0, 0, 0, 0, 0,
    0, 0, 0, 0, 0, 0, 0, 0,
    0, 0, 0, 0, 0, 0, 0, 0,
    0, 0, 0, 0, 0, 0, 0, 0,
    0, 0, 0, 0, 0, 0, 0, 0,
    0, 0, 0, 0, 0, 0, 0, 0,
    0, 0, 0, 0, 0, 0, 0, 0,
    0, 0, 0, 0, 0, 0, 0, 0,
    0, 0, 0, 0, 0, 0, 0, 0,
    -2, -4, 0, 0, 0, -2, 0, 0,
    0, 0, 0, 0, 0, 0, 0, 0,
    0, 0, 0, 0, 0, 0, 0, 0,
    0, 0, 0, 0, 0, 0, 0, 0,
    0, 0, 0, 0, 0, 0, 0, 0,
    0, 0, 0, 0, 0, 0, 0, 0,
    0, 0, 0, 0, 0, 0, 0, 0,
    0, 0, 0, 0, 0, 0, 0, 0,
    0, 0, 0, 0, 0, 0, 0, 0,
    0, 0, 0, 0, 0, 0, 0, 0,
    -7, 0, 0, 0, 0, 0, 0, 0,
    0, 0, 0, 0, 0, 0, 0, 0,
    0, 0, 0, 0, 0, 0, 0, 0,
    0, 0, 0, 0, 0, 0, 0, 0,
    0, 0, 0, 0, 0, 0, 0, 0,
    0, 0, 0, 0, 0, 0, 0, 0,
    0, 0, 0, 0, 0, 0, 0, 0,
    0, 0, 0, 0, 0, 0, 0, 0,
    0, 0, 0, 0, 0, 0, 0, 0,
    0, 0, -8, 0, 0, 0, 0, 0,
    4, 0, 4, 0, 0, 0, -1, -3,
    0, 2, 0, 0, 0, 0, -6, 0,
    0, 0, 0, 0, 0, 0, 0, 0,
    0, 0, 0, 0, 0, 0, 0, 0,
    0, 0, 0, 0, 0, 0, 0, 0,
    0, 0, 0, 0, 0, 0, 0, 0,
    0, 0, 0, 0, 0, 0, 0, 0,
    0, 0, 0, 0, 0, 0, 0, 0,
    0, 0, 0, 0, 0, 0, 0, 0,
    0, 0, 0, 0, 0, 0, 0, 0,
    0, 0, 0, 0, 0, 0, 0, 0,
    -6, 0, -4, 0, -4, 0, -2, -1,
    0, 0, -2, 0, 0, 0, 0, 0,
    0, 0, 0, 0, 0, 0, 0, 0,
    0, 0, 0, 0, 0, 0, 0, 0,
    0, 0, 0, 0, 0, 0, 0, 0,
    0, 0, 0, 0, 0, 0, 0, 0,
    0, 0, 0, 0, 0, 0, 0, 0,
    0, 0, 0, 0, 0, 0, 0, 0,
    0, 0, 0, 0, 0, 0, 0, 0,
    0, 0, 0, 0, 0, 0, 0, 0,
    0, 0, 0, 0, -7, 0, -5, 0,
    0, 0, 0, 0, -1, 0, 0, 0,
    0, 0, 0, 0, 0, 0, 0, 0,
    0, 0, 0, 0, 0, 0, 0, 0,
    0, 0, 0, 0, 0, 0, 0, 0,
    0, 0, 0, 0, 0, 0, 0, 0,
    0, 0, 0, 0, 0, 0, 0, 0,
    0, 0, 0, 0, 0, 0, 0, 0,
    0, 0, 0, 0, 0, 0, 0, 0,
    0, 0, 0, 0, 0, 0, 8, 0,
    7, 0, 0, 0, 0, -7, 0, -7,
    -11, 0, 4, 0, 2, -11, 0, 0,
    7, -4, 0, 0, 0, 0, 0, 0,
    0, 0, 0, 0, 0, 0, 0, 0,
    0, 0, 0, 0, 0, 2, 0, 0,
    0, 0, 0, 0, 0, 0, 0, 0,
    0, 0, 0, 0, 0, 0, 0, 0,
    0, 0, 11, 0, 0, 0, 0, 0,
    0, 0, 0, 0, 0, 0, 0, 0,
    0, 0, 0, 0, 0, 0, 0, 0,
    0, 0, -4, 0, -2, 0, 0, 0,
    0, 0, 0, 0, -3, 0, -4, -2,
    0, 0, 0, 0, -2, 0, -5, 0,
    0, 0, 0, 0, 0, 0, 0, 0,
    0, 0, 0, 0, 0, 0, 0, 0,
    0, 0, 0, 0, 0, 0, 0, 0,
    0, 0, 0, 0, 0, 0, 0, 0,
    0, 0, 0, 0, 0, 0, 0, 0,
    0, 0, 0, 0, 0, 0, 0, 0,
    0, 0, 0, 0, 0, 0, 0, 0,
    0, 0, 0, 0, 0, 0, 0, 0,
    0, 0, 0, 0, 0, 0, 0, 0,
    -11, 0, 0, -4, 0, -2, 0, 0,
    0, 0, 0, 0, 0, 0, 0, 0,
    0, 0, 0, 0, 0, 0, 0, 0,
    0, 0, 0, 0, 0, 0, 0, 0,
    0, 0, 0, 0, 0, 0, 0, 0,
    0, 0, 0, 0, 0, 0, 0, 0,
    0, 0, 0, 0, 0, 0, 0, 0,
    0, 0, 0, 0, 0, 0, 0, 0,
    0, 0, 0, 0, 0, 0, 0, 0,
    0, 0, 0, 0, 0, 0, 0, 0,
    0, 0, 0, 0, 0, 0, 0, 0,
    0, 0, 0, 0, 0, 0, 0, 0,
    0, 0, 0, 0, 0, 0, 0, 0,
    0, 0, 0, 0, 0, 0, 0, 0,
    0, 0, 0, 0, 0, 0, 0, 0,
    0, 0, 0, 0, 0, 0, 0, 0,
    0, 0, 0, -1, 0, 0, 0, 0,
    0, 0, 0, 0, 0, 0, 0, 0,
    0, 0, 0, 0, 0, 0, 0, 0,
    0, 0, 0, 0, 0, 0, 0, 0,
    0, 0, 0, 0, 0, 0, 0, 0,
    0, 0, 0, 0, 0, 0, 0, 0,
    0, 0, 0, 0, 0, 0, 0, -12,
    0, 0, 0, 0, 0, 0, 0, 0,
    0, 0, 0, 0, 0, 0, 0, 0,
    0, 0, 0, 0, 0, 0, 0, 0,
    0, 0, 0, 0, 0, 0, 0, 0,
    0, 0, 0, 0, 0, 0, 0, 0,
    0, 0, 0, 0, 0, 0, 0, 0,
    0, 0, 0, 0, 0, 0, 0, 0,
    0, 0, 0, 0, 0, 0, 0, 0,
    0, 0, 0, 0, 0, 0, 0, 0,
    0, 0, 0, 0, 0, 0, 0, 0,
    0, 0, 0, 0, 0, 0, 0, 0,
    -9, 0, 0, 0, 0, -6, 0, 0,
    0, 0, 0, 0, 0, 0, 0, 0,
    0, 0, 0, 0, 0, -4, 0, 0,
    0, 0, 0, 0, 0, 0, 0, 0,
    0, 0, 0, 0, 0, 0, 0, 0,
    0, 0, 0, 0, 0, 0, 0, 0,
    0, 0, 0, 0, -2, -2, -12, 0,
    0, 0, -4, -16, 0, 2, -3, 2,
    3, 0, 0, 0, 0, 0, 0, 0,
    0, 0, 0, 0, 0, -12, 0, 5,
    -5, 0, 0, -4, -13, -7, -10, -7,
    4, -13, 0, 0, -14, 0, 0, 0,
    0, -3, -3, 0, 0, 0, 0, 0,
    0, -6, -3, -7, 0, 0, 0, -3,
    0, 0, 0, 0, 0, 0, 0, 0,
    0, 0, 0, -3, 0, 0, 0, -3,
    -3, -3, 0, 0, 0, 0, 0, 0,
    0, 0, 0, 0, 0, 0, 0, -4,
    0, 0, 0, 0, -4, 0, 0, 0,
    0, 0, 0, 0, 0, 0, 0, 0,
    0, 0, 0, 0, 0, 0, 0, 0,
    0, 0, -3, -2, -4, -4, 0, 0,
    0, 0, 0, 0, 0, 2, 0, 0,
    0, 0, 0, 0, 0, 0, 0, 0,
    0, 0, 0, 2, 0, 0, 0, 0,
    0, 0, 0, 0, 0, 0, 0, 2,
    0, 0, 0, 2, 2, 2, 0, 0,
    0, 0, 0, 0, 0, 0, 0, 0,
    0, 0, 0, 0, 0, 0, 0, 0,
    0, 0, 0, 0, 0, 0, 0, 0,
    0, 0, 0, 0, 0, 0, 0, -2,
    -4, 0, 0, 0, 3, 0, 0, 2,
    -3, 0, 2, 0, 0, 0, 0, 0,
    0, 0, 0, 0, 0, 0, 0, 0,
    0, 0, 0, 0, 0, 0, 0, 0,
    0, 0, 0, 0, 0, 0, 0, 0,
    0, 0, 0, 0, 0, 0, 0, 0,
    0, 0, 0, 0, 0, 0, 0, 0,
    0, 0, 0, 0, 0, 0, -4, 0,
    0, -7, 3, -7, -9, 0, 0, 0,
    0, 0, 0, 0, 0, 0, 0, 0,
    0, -10, 0, -5, 0, -6, 0, 0,
    -4, 0, -4, -2, -8, -8, -6, 0,
    -9, 0, 0, 0, 0, 0, 0, 0,
    0, 0, 0, 0, 0, 0, 0, 0,
    0, -2, 0, 0, 0, 0, 0, 0,
    0, 0, 0, -8, 0, 0, 0, 0,
    0, 0, 0, 0, 0, 0, 0, 0,
    0, 0, 0, 0, 0, 0, 0, 0,
    0, 0, 0, 0, 0, 0, 0, 0,
    0, 0, 0, 0, 0, 0, 0, 0,
    0, 0, 0, 0, 0, 0, 0, 0,
    -5, 0, 0, -2, 2, 0, 0, 0,
    0, 0, 0, 0, 0, 0, 0, 0,
    0, -3, 0, 0, 0, 0, 0, 0,
    0, 0, 0, -2, 0, 0, 0, -3,
    0, 0, 0, 0, 0, 0, 0, 0,
    0, 0, 0, -3, 0, 0, 0, -3,
    -3, -3, 0, 0, 0, 0, 0, 0,
    0, 0, 0, 0, 0, 0, 0, 0,
    0, -13, 0, -13, -15, 0, 0, 0,
    0, 0, 0, 0, 0, 0, 0, 0,
    0, 0, 0, -11, -1, 0, -11, 0,
    0, 0, 0, 0, 0, 0, 0, 0,
    0, 0, 0, -2, 0, 0, 0, 0,
    0, 0, 0, 0, 0, 0, 0, 0,
    0, 0, 0, 0, 0, 0, 0, 0,
    0, 0, 0, -18, -2, -2, -2, 0,
    3, 6, 6, 0, 0, 0, 0, -2,
    -2, 0, 6, 0, 0, 0, 0, 0,
    0, 0, 0, -4, 0, 0, 0, 0,
    0, 0, 0, 0, 0, 0, 0, 0,
    0, 0, 0, 0, 0, -9, 0, 0,
    0, 0, 0, 0, -5, 0, -4, -3,
    -1, -9, 0, 0, 0, 0, 0, 0,
    0, 0, 0, 0, 0, 0, 0, 0,
    0, 0, 0, 0, 0, 0, 0, 0,
    0, 0, 0, 0, 0, 0, 0, 0,
    0, 0, 0, 0, 0, 0, 0, 0,
    0, 0, 0, 0, 0, 0, 0, 0,
    0, 0, 0, 0, 0, 0, 0, 0,
    0, 0, 0, 0, 0, 0, 0, 0,
    0, 0, 0, 0, 0, 0, 0, 0,
    0, 0, 0, 0, -6, 0, 0, 0,
    0, 0, 0, 0, 0, 0, 0, 0,
    0, 0, 0, -2, 0, -6, 0, -5,
    0, 0, 0, 0, 0, 0, 0, -4,
    0, 0, 0, -6, 0, 0, 0, 0,
    0, 0, 0, 0, -2, -2, -2, -6,
    0, 0, 0, -6, -6, -6, 0, -2,
    -2, 0, 0, 0, 0, 0, 0, 0,
    0, 0, 0, 0, 0, -9, 0, -9,
    -7, 0, 0, 0, 0, 0, 0, 0,
    0, 0, 0, 0, 0, 0, 0, -7,
    0, 0, 0, 0, 0, 0, 0, 0,
    0, 0, 0, 0, 0, 0, 0, 0,
    0, 0, 0, -2, 0, 0, 0, 0,
    0, 0, 0, 0, 0, 0, 0, 0,
    0, 0, 0, 0, 0, 0, 0, -7,
    0, 0, 0, 0, 0, 0, 0, 0,
    0, 0, 0, 0, 0, 0, 0, 0,
    -4, 0, 0, 0, 0, 0, 0, 0,
    0, 0, 0, 0, 0, 0, 0, 0,
    0, 0, 0, 0, 0, 0, 0, 0,
    0, -7, 0, 4, -10, 0, 0, 0,
    0, -6, -2, -3, 4, 1, 0, 0,
    0, 0, 0, 0, 0, -8, 0, -7,
    -5, 0, 0, 0, 0, 0, -6, -10,
    0, 0, 0, -8, 0, -10, 0, 0,
    0, -4, 0, 0, 0, 0, 0, -8,
    -5, -5, -5, -8, -8, -8, 0, 0,
    0, 0, -5, -5, 0, 0, -19, 0,
    0, 0, 0, -16, 0, 0, 0, 0,
    0, 0, 0, 0, 0, 0, 0, 0,
    0, 0, 0, 0, 0, -15, 0, 2,
    -7, 0, 0, -2, -17, -4, -16, -11,
    0, -19, 0, 0, 0, 0, 0, 0,
    0, -1, 0, 0, -2, 0, 0, 0,
    0, 0, 0, 0, 0, 0, 0, -1,
    0, -9, 0, 0, 0, 0, 0, 0,
    0, 0, 0, -1, -2, -2, -2, -1,
    -1, -1, 0, 0, 0, 0, -2, -2,
    -7, 0, 0, 0, 0, 0, 0, 0,
    0, -13, 0, -13, -14, 0, 0, 0,
    0, 0, 0, 0, 0, 0, 0, 0,
    0, 0, 0, -11, 0, 0, -22, 0,
    2, 0, 2, 0, -5, -2, 0, 0,
    0, 0, 0, -1, 0, -2, 0, 0,
    4, 0, 0, 0, 0, 0, 0, 4,
    0, 0, 0, -2, 0, -4, 0, 0,
    0, 0, 0, -22, -1, -1, -1, -2,
    4, 4, 4, -2, -2, -2, 0, -1,
    -1, 0, 4, 4, 0, 0, 0, 0,
    0, 0, -4, 0, 0, 4, 3, 4,
    2, 0, 0, 0, 0, 0, 0, 0,
    0, 0, 0, 0, 0, -10, 0, 8,
    0, -6, 0, 0, -4, 0, -4, -2,
    6, -8, 1, 0, -9, 0, 0, 0,
    0, 0, 0, 0, 0, 4, 0, 0,
    0, 0, 0, 0, 0, -2, 0, 0,
    0, 0, 0, 0, 0, 0, 0, 10,
    0, 0, 0, 0, 0, 0, 0, 0,
    0, 0, 0, 0, 0, 0, 0, 0,
    0, 0, 0, 0, 0, 0, 0, 0,
    0, -1, -6, -1, 0, 0, 0, 0,
    0, 0, 0, 0, 0, 0, 0, -1,
    -1, 0, 0, 2, -3, 0, -4, 0,
    -1, -2, 0, 0, 2, -4, 0, 0,
    0, 0, 0, -1, 0, -2, 0, 0,
    0, 0, 0, 0, 0, 0, 0, 0,
    0, 0, 0, -2, 0, 0, 0, 0,
    0, 0, 0, -2, -1, -1, -1, -2,
    0, 0, 0, -2, -2, -2, 0, -1,
    -1, 0, 0, 0, 0, 0, -1, 0,
    0, 0, 0, 0, 0, 0, 5, 0,
    -4, 0, 0, 0, 0, 0, 0, 0,
    0, 0, 0, 0, 0, -4, 0, -2,
    0, 0, 1, 0, -2, 0, -3, -1,
    0, -5, 0, 0, 0, 0, 0, 0,
    0, 0, 0, 0, 0, 0, 0, -2,
    0, -4, 0, -4, 0, 0, 0, 0,
    0, 0, 0, 0, 0, 0, 0, -7,
    0, 0, 0, 0, 0, 0, 0, 0,
    0, 0, -2, 0, 0, 0, 0, 0,
    -4, 0, 7, 0, 0, -8, 0, 4,
    0, -16, -9, -16, -22, 0, 0, 0,
    0, 0, 0, 0, 0, 0, 0, -7,
    -7, 4, -9, -13, -6, 0, -21, -3,
    4, 0, 4, 4, 2, 6, 0, 0,
    7, 0, 0, -15, 0, -18, 0, -16,
    0, 0, -8, -9, -10, 0, -9, -5,
    -11, -9, 0, -18, 0, -19, 0, 0,
    0, -5, 0, -20, -7, -6, -7, -18,
    9, 12, 12, -11, -10, -11, -9, -8,
    -10, 7, 9, 0, -4, 0, 4, 0,
    0, -6, 0, 0, 0, -8, -7, -8,
    -12, 0, 0, 0, 0, 0, 0, 0,
    0, 0, 0, -4, -4, 0, -2, -10,
    -4, 0, -13, -1, 4, 0, 4, 0,
    1, 6, 0, 0, 0, 0, 0, -7,
    0, -8, 0, -5, 3, 0, -7, -6,
    -6, 0, -4, -2, -4, 0, 0, -8,
    0, -11, 0, 0, 0, -6, 0, -16,
    -3, -4, -5, -8, 3, 6, 9, -8,
    -8, -8, -6, -7, -7, 2, 4, 3,
    -4, 0, 4, 0, 0, -3, 0, 0,
    0, -7, -2, -7, -7, 0, 0, 0,
    0, 0, 0, 0, 0, 0, 0, -4,
    -4, 0, 0, -7, -2, 0, -11, -1,
    4, 0, 0, 2, 0, 5, 0, 0,
    0, 0, 0, -1, 0, -6, 0, -5,
    0, 0, 0, 0, 0, 0, -2, 0,
    0, 0, 0, -6, 0, -7, 0, 0,
    0, 0, 0, -15, -1, -1, -1, -6,
    5, 7, 8, -6, -6, -6, 0, -1,
    -1, 2, 7, 0, 0, 0, 0, 0,
    0, 0, 0, 0, 0, 2, -4, 2,
    0, 0, 0, 0, 0, 0, 0, 0,
    0, 0, 0, 0, 0, -3, 0, 4,
    -8, 0, 0, 0, 2, 0, 1, 0,
    0, 3, 0, 0, 0, 0, 0, -2,
    0, -8, 0, 0, 0, 0, 0, 0,
    0, 0, 0, -4, 0, 0, 0, -8,
    0, -8, 0, 0, 0, 0, 0, 0,
    -2, -2, -2, -8, 0, 0, 0, -8,
    -8, -8, 0, -2, -2, 0, 0, 0,
    -7, 0, 0, 0, 0, -11, 0, 0,
    0, -15, -4, -15, -20, 0, 0, 0,
    0, 0, 0, 0, 0, 0, 0, -7,
    -7, -3, -6, -13, -8, 0, -22, -4,
    6, 0, 6, 5, 3, 9, 0, 0,
    4, 0, 0, -13, 0, -15, 0, -15,
    0, 0, -10, -11, -11, 0, -9, -6,
    -6, -7, 0, -15, 0, -17, 0, 0,
    0, -11, 0, -30, -13, -7, -9, -12,
    5, 5, 8, -15, -15, -13, -11, -13,
    -13, 2, 8, 0, 0, 0, 0, 0,
    0, 0, 0, 0, 0, 0, 0, 0,
    0, 0, 0, 0, 0, 0, 0, 0,
    0, 0, 0, 0, 0, 0, 0, 0,
    -8, 0, 0, 0, 0, 0, 0, 0,
    0, 0, 0, 0, 0, 0, 0, 0,
    0, -5, 0, 0, 0, 0, 0, 0,
    0, 0, 0, 0, 0, 0, 0, -5,
    0, -7, 0, 0, 0, 0, 0, 0,
    0, 0, 0, -5, 0, 0, 0, -5,
    -5, -5, 0, 0, 0, 0, 0, 0,
    0, 0, 0, 0, 0, 0, 0, 0,
    0, 0, 0, 0, 0, 0, 0, 0,
    0, -4, 0, 0, 7, 0, 0, 0,
    0, 0, 0, 0, 0, 0, 0, 0,
    0, 0, 0, 0, 0, 0, 0, 0,
    0, 0, 0, 0, 0, 0, 0, 0,
    0, 0, 0, 0, 0, 0, 0, 0,
    0, 0, 0, 0, 0, 0, 0, 0,
    0, 0, 0, 0, 0, 0, 0, 0,
    0, 0, 0, 0, 0, 0, 0, 0,
    0, 0, 0, 0, 0, 0, 0, 0,
    0, 0, 0, 0, 0, 0, 0, 0,
    0, 0, 0, 0, 0, 0, 0, 0,
    0, 0, 0, 0, 0, 0, 0, 0,
    -9, 0, 0, 0, -22, -7, 0, -7,
    0, -20, 0, 0, 0, 0, 0, 0,
    0, 0, 0, 0, -3, 17, 0, 0,
    0, 0, 0, -7, 0, 0, 0, 0,
    0, 0, 0, 0, 0, 0, 0, 0,
    0, 0, 0, 0, -3, -3, -3, 0,
    0, 0, 0, 0, 0, 0, -3, -3,
    0, 0, 0, 0, 0, 0, 0, 0,
    0, 0, 0, 0, 0, 0, 0, 0,
    0, 0, 0, 0, 0, 0, 0, 0,
    0, 0, 0, 0, 0, 0, 0, 0,
    0, 0, 0, 0, 0, 0, 0, 0,
    0, 0, 0, 0, 0, 0, 0, 0,
    0, 5, 0, 0, 0, 0, 0, 0,
    0, 0, 0, 0, 0, 0, 0, 0,
    0, 0, 0, 0, 0, 0, 0, 0,
    0, 0, 0, 0, 0, 0, 0, 0,
    0, 0, 0, 0, 0, 0, 0, 0,
    0, 0, 0, 0, 0, 0, 0, 0,
    0, 0, 0, 0, 0, 0, 0, 0,
    0, 0, 0, 0, 0, 0, 0, 0,
    0, 0, 0, 0, 0, 0, 0, 0,
    0, 0, 0, 0, 0, 0, 0, 0,
    0, 0, 0, 0, 0, 7, 0, 0,
    0, 0, 0, 0, 0, 0, 0, 0,
    0, 0, 0, 0, 0, 0, 0, 0,
    0, 0, 0, 0, 0, 0, 0, 0,
    0, 0, 0, 0, 0, 0, 0, 0,
    0, 0, -9, 0, 0, 0, -4, 0,
    0, 0, -2, 0, 0, 0, 0, 0,
    0, 0, 0, 0, 0, 0, 0, 0,
    0, -11, 0, 0, 0, 0, 0, 0,
    -11, 0, 0, 0, 0, -5, 0, 0,
    -11, 0, 0, 0, 0, -2, -2, 0,
    -2, 0, 0, 0, -2, -2, -2, -2,
    0, 0, 0, -2, 0, 0, 0, 0,
    0, 0, 0, 0, 0, 0, 0, -2,
    -2, -2, -2, -2, -2, -2, 0, 0,
    0, 0, -2, -2, 0, 0, -2, 0,
    0, 0, -4, 0, 0, -2, 3, -2,
    -2, 0, 0, 0, 0, 0, 0, 0,
    0, 0, 0, -1, -1, -9, 0, -3,
    0, 0, 0, 0, -18, 0, -8, -6,
    -8, -15, 0, 0, -14, 0, 0, 0,
    0, 0, -1, 0, -2, 0, 0, 0,
    -2, -2, 0, -3, -5, -4, 0, 0,
    0, -4, 0, 0, 0, -4, 0, 0,
    0, 0, 0, 0, -2, -2, -2, 0,
    0, 0, 0, 0, 0, 0, -2, -2,
    0, 0, 1, 0, 0, 0, -4, 0,
    0, 0, 0, 0, 0, 0, 0, 0,
    0, 0, 0, 0, 0, 0, 0, 0,
    0, -4, 0, 0, 0, 0, 0, 0,
    -14, 0, 0, 0, 0, 0, 0, 0,
    -5, 0, 0, 0, 4, -3, 4, 0,
    2, 0, 0, 0, 0, 4, 0, 0,
    0, 0, 0, -3, 0, 0, 0, 0,
    0, 0, 0, 0, 0, 0, 0, -3,
    2, 2, 2, -3, -3, -3, 0, 0,
    0, 4, 2, 2, 0, 0, -7, 0,
    0, 0, 0, 0, 0, 0, 0, 0,
    -4, 0, 0, 0, 0, 0, 0, 0,
    0, 0, 0, 0, 0, -10, 2, 0,
    0, 0, 0, 0, -17, 0, -8, -6,
    0, -15, 0, 0, -12, 0, 0, 0,
    0, 0, 0, 1, 0, 0, 0, 0,
    0, -1, 0, -2, 0, -3, 0, 0,
    0, 0, 0, 0, 0, 0, 0, 0,
    0, 0, 0, 0, 0, 0, 0, 0,
    0, 0, 0, 0, 0, 0, 0, 0,
    0, 0, 7, 0, 0, 0, 0, 8,
    0, -9, -7, -9, -7, 0, 0, 0,
    0, 0, 0, 0, 0, 0, 0, 0,
    0, 2, -4, 0, 0, 0, 0, 0,
    0, 0, 0, 0, 0, 0, 0, 0,
    0, 0, 0, -3, 0, -6, 2, -5,
    2, 0, 0, 0, -3, 2, 0, 2,
    -1, 0, 0, -6, 0, 0, 0, 0,
    0, 0, 0, 0, -3, -3, -3, -6,
    2, 7, 8, -6, -6, -6, 0, -3,
    -3, 2, 8, 2, 0, 0, 0, 0,
    0, 0, 0, 0, 0, 0, 0, 0,
    0, 0, 0, 0, 0, 0, 0, 0,
    0, 0, 0, 0, 0, 0, 0, 0,
    0, 0, 0, 0, -8, 0, 0, 0,
    0, 0, 0, 0, -7, 0, 0, 0,
    0, 0, 0, 0, 0, 6, 0, 0,
    0, 0, 0, 0, 0, 0, 0, 0,
    0, 0, 0, 0, 0, 0, 0, 0,
    0, 0, 0, 0, 0, 0, 0, 0,
    0, 0, 0, 0, 0, 0, 0, 0,
    0, 0, 0, 0, 0, 0, 0, 0,
    0, 0, 0, 0, 0, 0, 0, 0,
    0, 0, 0, 0, 0, 0, 0, 0,
    0, -7, 0, 0, 0, 0, 0, 0,
    -11, 0, 0, 0, 0, 0, 0, 0,
    -9, 0, 0, 0, 0, 0, -1, 0,
    -1, 0, 0, 0, 0, -3, 0, -4,
    0, 0, 0, 0, 0, 0, 0, 0,
    0, 0, 0, 0, 0, 0, 0, 0,
    -1, -1, -1, 0, 0, 0, 0, 0,
    0, 0, -1, -1, 0, 0, 0, 0,
    0, 0, 0, 0, 0, 0, 0, 0,
    0, 0, 0, 0, 0, 0, 0, 0,
    0, 0, 0, 0, 0, 0, 0, 0,
    0, 0, 0, 0, 0, 0, 0, 0,
    0, 0, 0, 0, 0, 0, 0, 0,
    0, 0, 0, 0, 0, 6, 0, 0,
    0, 0, 0, 0, 0, 0, 0, 0,
    0, 0, 0, 0, 0, 0, 0, 0,
    0, 0, 0, 0, 0, 0, 0, 0,
    0, 0, 0, 0, 0, 0, 0, 0,
    0, 0, 0, 0, 0, -4, 0, 0,
    0, -2, -7, -2, 0, 0, 0, 0,
    0, 0, 0, 0, 0, 0, 0, -2,
    -2, 0, -7, 0, 0, 0, 0, 0,
    -11, 0, 0, 0, 0, 0, 0, 0,
    0, 0, 0, -2, 0, -6, 0, 0,
    -2, 0, 0, 0, 0, -2, 0, 2,
    5, 0, 0, -6, 0, -4, 0, 0,
    0, 0, 0, 0, -2, -2, -2, -6,
    -2, -2, -2, -6, -6, -6, 0, -2,
    -2, 0, -2, -2, 0, 0, 0, 0,
    0, 0, 0, 0, 0, 2, 0, 2,
    0, 0, 0, 0, 0, 0, 0, 0,
    0, 0, 0, 0, 0, 0, 0, 0,
    0, 0, 0, 0, 0, 0, 0, 0,
    0, 0, 0, 0, -4, 0, 0, 3,
    -2, -2, 0, -2, -1, 0, 0, 0,
    0, -2, 0, -3, 0, 0, 0, -2,
    0, 0, 0, 0, 0, 0, 0, 0,
    3, 3, 3, -2, -1, -1, -1, -2,
    -2, -2, 0, 3, 3, -2, -1, -1,
    0, 0, 0, 0, 0, 0, 16, 0,
    0, 9, 0, 0, 17, 0, 0, 0,
    0, 0, 0, 0, 0, 0, 0, 0,
    9, 0, 0, 0, 0, 0, 0, 0,
    -8, 0, 0, 0, 0, 0, 0, 3,
    -7, 19, 21, 0, 0, 0, 0, 0,
    0, 31, 0, 3, 0, 0, 0, 7,
    0, 0, 2, 0, 0, 0, 0, 0,
    0, 0, 13, 0, 0, 0, 0, 0,
    0, 0, 0, 0, 0, 0, 3, 0,
    0, 0, 0, 14, -4, 0, 11, 0,
    0, 0, 0, 0, 0, -16, 0, -16,
    0, 0, 0, 0, 0, 0, 0, 0,
    0, 0, 0, 0, 0, 0, 0, 0,
    0, 0, 0, 0, 0, 0, 0, 0,
    0, 0, 0, 0, 0, 0, 0, -3,
    2, -3, 7, -2, 6, 0, 2, 2,
    0, 6, 2, 3, 0, 0, 0, -3,
    0, 0, 0, 0, 0, 0, 0, 0,
    -3, -3, -3, -3, 6, 6, 6, -3,
    -3, -3, 2, -3, -3, 2, 6, 6,
    0, 0, -4, 0, 0, 0, 0, 0,
    0, 0, 0, 0, 0, 0, 0, 0,
    0, 0, 0, 0, 0, 0, 0, 0,
    0, -9, 0, 0, 0, 0, 0, 0,
    -10, 0, 0, 0, 0, 0, 0, 0,
    -6, 0, 0, 0, 0, 0, 1, 0,
    0, 0, 0, 0, 0, 0, 0, -2,
    -2, 0, 0, 0, 0, 0, 0, 0,
    0, 0, 0, 0, 0, 0, 0, 0,
    0, 0, 0, 0, 0, 0, 0, 0,
    0, 0, 0, 0, 0, 0, 3, 0,
    0, 0, 0, 0, 0, 0, -2, 0,
    0, 0, 0, 0, 0, 0, 0, 0,
    0, 0, 0, 0, 0, -2, -2, 0,
    0, 0, 0, 0, 0, 0, 0, 0,
    0, 0, 0, 0, 0, 0, 0, 0,
    0, -3, 0, 0, 1, 0, 0, 0,
    0, 0, 0, 1, 0, -1, 0, -3,
    0, 0, 0, 0, 0, 0, 0, 0,
    0, 0, 0, -3, 1, 1, 1, -3,
    -3, -3, 0, 0, 0, 0, 1, 1,
    0, 0, 0, 0, 0, 0, 0, 0,
    0, 0, 0, 0, 0, 0, 0, 0,
    0, 0, 0, 0, 0, 0, 0, 0,
    0, 0, 0, 0, 0, 0, 0, 0,
    -8, 0, 0, 0, 0, 0, 0, 0,
    -7, 0, 0, 0, 0, 0, 0, 0,
    0, 0, 0, 0, 0, 0, 0, 0,
    0, 0, 0, 0, 0, 0, 0, 0,
    0, 0, 0, 0, 0, 0, 0, 0,
    0, 0, 0, 0, 0, 0, 0, 0,
    0, 0, 0, 0, -3, 0, 0, 0,
    0, 0, 0, 0, 0, -9, -2, -9,
    -7, 0, 0, 0, 0, 0, 0, 0,
    0, 0, 0, 0, 0, 0, 0, -7,
    0, 0, 0, 0, -5, 0, -2, 0,
    -4, -6, 0, 0, -4, 0, 0, -3,
    0, -3, 4, -2, 4, 0, 0, 0,
    -1, 3, 0, 6, 0, 0, 0, -3,
    0, 0, 0, 0, 0, 0, 0, 0,
    -3, -3, -3, -3, 4, 4, 4, -3,
    -3, -3, 0, -3, -3, 0, 4, 4,
    0, 0, 0, 0, 0, 0, 0, 0,
    0, 0, 0, 0, 0, 0, 0, 0,
    0, 0, 0, 0, 0, 0, 0, 0,
    0, 0, 0, 0, 0, 0, 0, 0,
    -11, 0, -4, 0, 0, -6, 0, 0,
    0, 0, 0, 0, 0, -5, 1, -3,
    0, 0, 0, 0, -1, 0, 0, 0,
    6, 0, 0, -5, 0, 0, 0, 0,
    0, 0, 0, 0, 0, 0, 0, -5,
    0, 0, 0, -5, -5, -5, 0, 0,
    0, 0, 0, 0, 0, 0, 0, 0,
    0, 0, 0, 0, 0, 0, -3, 0,
    0, 0, 0, 0, 0, 0, 0, 0,
    0, 0, 0, 0, 0, 0, 0, 0,
    0, 0, 0, 0, -9, 0, 0, 0,
    0, -7, 0, 0, 0, 0, 0, 0,
    0, -4, 2, 0, 0, 0, 0, 0,
    0, 2, 0, 2, 0, 0, 0, -4,
    0, 0, 0, 0, 0, 0, 0, 0,
    0, 0, 0, -4, 0, 0, 0, -4,
    -4, -4, 0, 0, 0, 0, 0, 0,
    0, 0, 0, 0, 0, 0, 0, 0,
    0, 0, 0, 0, 0, 0, 0, 0,
    0, 0, 0, 0, 0, 0, 0, 0,
    0, 0, 0, 0, 0, 0, 0, 0,
    0, 0, 0, 0, 0, 0, 0, 0,
    0, 0, 0, 0, 0, 0, 0, 0,
    0, 7, 0, 0, 0, 0, 0, 0,
    0, 0, 0, 0, 0, 0, 0, 0,
    0, 0, 0, 0, 0, 0, 0, 0,
    0, 0, 0, 0, 0, 0, 0, 0,
    0, 0, 0, 0, 0, 0, 0, 0,
    0, 0, 0, 0, 0, 0, 0, 0,
    0, 0, 0, 0, 0, 0, 0, 0,
    0, 0, 0, 0, 0, 0, 0, 0,
    0, 0, 0, 0, -7, 0, -7, -4,
    0, -11, 0, 0, 0, 0, 0, 0,
    0, 0, 0, 0, 0, 10, 0, 0,
    0, 0, 0, 0, 0, 0, 0, 0,
    0, 0, 0, 0, 0, 0, 0, 0,
    0, 0, 0, 0, 0, 0, 0, 0,
    0, 0, 0, 0, 0, 0, 0, 0,
    0, 0, 1, 0, 0, 0, -4, 0,
    0, 0, 0, 0, 0, 0, 0, 0,
    0, 0, 0, 0, 0, 0, 0, 0,
    0, -4, 0, 0, 0, 0, 0, 0,
    0, 0, 0, 0, 0, 0, 0, 0,
    -5, 0, 0, 0, 0, 0, 0, 0,
    0, 0, 0, 0, 0, 0, 0, 0,
    0, 0, 0, -3, 0, 0, 0, 0,
    0, 0, 0, 0, 0, 0, 0, 0,
    0, 0, 0, 0, 0, 0, 0, 0,
    0, 0, 0, 0, 0, 0, 0, 0,
    0, 0, 0, 0, 0, 0, 0, 0,
    0, 0, 0, 0, 0, 0, 0, 0,
    0, 0, 0, 0, 0, 0, 0, 0,
    0, 0, 0, 0, 0, 0, 0, 0,
    0, 0, 0, 0, 0, 0, 0, 0,
    0, 0, 0, 0, 0, 2, 0, 0,
    0, 0, 0, 0, 0, 0, 0, 0,
    0, 0, 0, 0, 0, 0, 0, 0,
    0, 0, 0, 0, 0, 0, 0, 0,
    0, 0, 0, 0, 0, 0, 0, 0,
    0, 0, 0, 0, 0, 0, 0, 0,
    0, 0, 0, 0, 0, 0, 0, 0,
    0, 0, 0, 0, 0, 0, 0, 0,
    0, 0, 0, 0, 0, 0, 0, 0,
    0, 0, 0, 0, 0, 0, 0, 0,
    0, 0, 0, 0, 0, 0, 0, 0,
    0, 0, 0, 0, 0, 0, 0, 0,
    0, 0, 0, -4, 0, 0, 0, 0,
    0, 0, 0, 0, 0, 0, 0, 0,
    0, 0, 0, 0, 0, 0, 0, 0,
    0, 0, 0, 0, 0, 0, 0, 0,
    0, 0, 0, 0, 0, 0, 0, 0,
    0, 0, 6, 0, 0, 0, 0, 0,
    11, 0, 0, 0, 0, 0, 0, 0,
    0, 0, 0, 0, 0, 0, 0, 0,
    0, 0, 0, 0, 0, 0, 0, 0,
    0, 0, 0, 0, 0, 0, 0, 0,
    0, 0, 0, 0, 0, 0, 0, 0,
    0, 0, 0, 0, 0, 0, 0, 0,
    0, 0, 0, 0, 0, 0, 0, 0,
    0, 0, 0, 0, 0, 0, 0, 0,
    0, 0, 0, 0, 0, 0, 0, 0,
    0, 0, 0, 0, 0, 0, 0, 0,
    0, 0, 0, 0, 0, 0, 0, 0,
    0, 0, 0, 0, 0, 0, 0, 0,
    0, 0, 0, 0, 0, 0, 0, 0,
    0, 0, 0, 0, 0, 0, 0, 0,
    0, 0, 0, 0, 0, 0, 0, 0,
    0, 0, 0, 0, 0, 0, 0, 0,
    0, 0, 0, 0, 0, 0, 0, 0,
    0, 0, 0, 0, 0, 0, 0, 0,
    0, 2, 0, 0, 0, 0, 0, 0,
    0, 0, 0, 0, 0, 0, 0, 0,
    0, 0, 0, 0, 0, 0, 0, 0,
    0, 0, 0, 0, 0, 0, 0, 0,
    0, 0, 0, 0, 0, 0, 0, 0,
    0, 0, 0, 0, 0, 0, 0, 0,
    0, 0, 0, 0, 0, 0, 0, 0,
    0, 0, 0, 0, 0, 0, 0, -3,
    0, 0, 0, 0, 0, 0, 0, 0,
    0, 0, 0, 0, 0, 0, 0, 0,
    0, 0, 0, 0, 0, 0, 0, 0,
    0, 0, 0, 0, 0, 0, 0, 0,
    0, 0, 0, 0, 0, 0, 0, 0,
    0, 0, 0, 0, 0, 0, 0, 0,
    0, 0, 0, 0, 0, 0, 0, 0,
    0, 0, 0, 0, 0, 0, 0, 0,
    0, 0, 0, 0, 0, 0, 0, 0,
    0, 0, 0, 0, 0, 0, 0, 0,
    0, 0, 0, -9, 0, 0, 0, 0,
    0, 0, 0, 0, 0, 0, 0, 0,
    0, 0, 0, 0, 0, 0, 0, 0,
    0, 0, 0, 0, 0, 0, 0, 0,
    0, 0, -11, 0, 0, 0, 3, 0,
    -7, 0, 0, 0, 0, 0, 0, 0,
    0, 0, 0, 0, 0, -5, 0, -4,
    0, 0, 0, 0, 0, 0, -7, 0,
    -9, 0, 0, 0, -3, 0, 0, 0,
    0, 0, 0, 0, 0, 0, 0, 0,
    0, 0, 0, 0, 0, 0, 0, 0,
    0, 0, 0, 0, 0, 0, 0, -13,
    0, 0, 0, 0, 0, 0, 0, 0,
    0, 0, 0, 0, 0, 0, 0, 0,
    0, 0, 0, 0, 0, 0, 0, 0,
    0, 0, 0, 0, 0, 0, 0, 0,
    0, 0, 0, 0, 0, 0, 0, 0,
    0, 0, 0, 0, 0, 0, 0, 0,
    0, 0, 0, 0, 0, 0, 0, 0,
    -5, 0, 0, 0, 0, 0, 0, 0,
    0, 0, 0, 0, 0, 0, 0, -2,
    0, 0, 0, 0, 0, 0, 0, 0,
    0, 0, 0, 0, 0, 0, 0, 0,
    0, 0, 0, 0, 0, 0, 0, 0,
    0, 0, 0, 0, 0, 0, 6, 0,
    0, 0, 0, 0, 0, 0, 0, 0,
    0, 0, 0, 0, 0, 0, 0, 0,
    0, 0, 0, 0, 0, 7, 0, 0,
    0, 0, 0, 0, 0, 0, 0, 0,
    0, 0, 0, 0, 0, 3, 0, 0,
    2, 0, 0, 0, 0, 0, 0, 0,
    0, 0, 0, 0, 0, 0, 0, 0,
    0, 0, 5, 2, 0, 0, 0, 0,
    0, 0, 0, 0, 0, 0, 0, 0,
    0, 0, 2, 0, 0, 2, 0, 0,
    0, 0, 0, 0, 0, 0, 0, 0,
    0, 0, 0, 0, 0, 0, 0, 0,
    0, 0, 0, 0, 0, 0, 0, 0,
    0, 0, 0, 0, 0, 0, 0, 0,
    0, 0, 0, 0, 0, 0, 0, 0,
    0, 2, 0, 0, 4, 0, 0, 0,
    0, 0, 0, 0, 0, 0, 0, 0,
    0, 0, 0, 0, 7, 0, 0, 0,
    0, 0, 0, 0, 0, 0, 0, 0,
    0, 0, 0, 0, 0, 0, 0, 0,
    0, 4, 0, 0, 0, 0, 0, 0,
    0, 0, 0, 0, 0, -5, 0, -5,
    0, 0, 0, 0, 0, 0, 0, 0,
    0, 0, 0, 0, 0, 0, 0, 0,
    0, 0, 0, 0, 0, 0, 0, 0,
    0, 0, 0, 0, 0, 0, 0, 0,
    0, 0, 0, 0, 0, 0, 0, 0,
    0, 0, 0, 0, 0, 0, 0, 0,
    0, 0, 0, 0, 0, 0, 0, 0,
    0, 0, 0, 0, 0, 0, 0, 0,
    0, 0, 0, 0, 0, 0, 0, 0,
    -2, -2, -12, 0, 0, 0, -4, -16,
    0, 2, -3, 2, 3, 0, 0, 0,
    0, 0, 0, 0, 0, 0, 0, 0,
    0, -12, 0, 5, -5, 0, 0, -4,
    -13, -7, -10, -7, 4, -13, 0, 0,
    -14, 0, 0, 0, 0, -3, -3, 0,
    0, 17, 0, 0, 0, -6, -3, -7,
    0, 0, 0, -3, 0, 0, 0, 0,
    0, 0, 0, 0, 0, 0, 0, -3,
    0, 0, 0, -3, -3, -3, 0, 0,
    0, 0, 0, 0, 0, 0, -9, 0,
    0, 0, -4, 0, 0, 0, -2, 0,
    0, 0, 0, 0, 0, 0, 0, 0,
    0, 0, 0, 0, 0, -11, 0, 0,
    0, 0, 0, 0, -11, 0, 0, 0,
    0, -5, 0, 0, -11, 0, 0, 0,
    0, -2, -2, 0, -2, 10, 0, 0,
    -2, -2, -2, -2, 0, 0, 0, -2,
    0, 0, 0, 0, 0, 0, 0, 0,
    0, 0, 0, -2, -2, -2, -2, -2,
    -2, -2, 0, 0, 0, 0, -2, -2,
    0, 0, 2, -5, 0, -15, 1, 0,
    0, -18, -14, -18, -18, 0, 0, 0,
    0, 0, 0, 0, 0, 0, 0, 0,
    0, 0, -14, 0, 0, 0, 0, 0,
    0, 0, 0, 0, 0, 0, 0, 0,
    7, 1, -18, -10, 0, -13, -3, -8,
    -2, -3, -5, -5, -8, 0, -5, -1,
    -3, -2, 0, -13, 7, -18, 0, 0,
    -15, -18, 0, 0, -10, -10, -10, -13,
    -2, -2, -2, -13, -13, -13, 0, -10,
    -10, 0, -2, -2, 0, 0, 0, 0,
    0, 0, 0, 0, 0, 0, 0, 0,
    0, 0, 0, 0, 0, 0, 0, 0,
    0, 0, 0, 0, 0, 6, 0, 0,
    0, 0, 0, 0, 0, 0, 0, 0,
    0, 0, 0, 0, 0, 0, 0, 0,
    0, 0, 0, 0, 0, 0, 0, 0,
    0, 0, 0, 0, 0, 0, 0, 0,
    0, 0, 0, 0, 0, 0, 0, 0,
    0, 0, 0, 0, 0, 0, 0, 0,
    0, 0, 0, 0, 0, 0, 0, 0,
    0, 0, 0, 0, 0, 0, 0, 0,
    0, 0, 0, 0, 0, 0, 0, 0,
    0, 0, 0, 0, 0, 0, 0, 0,
    0, 0, 0, 0, -5, 0, 0, -2,
    2, 0, 0, 0, 0, 0, 0, 0,
    0, 0, 0, 0, 0, -3, 0, 0,
    0, 10, 0, 0, 0, 0, 0, -2,
    0, 0, 0, -3, 0, 0, 0, 0,
    0, 0, 0, 0, 0, 0, 0, -3,
    0, 0, 0, -3, -3, -3, 0, 0,
    0, 0, 0, 0, 0, 0, 0, 0,
    0, 0, 0, 0, 0, 0, 0, 0,
    0, 0, 0, 0, 0, 0, 0, 0,
    0, 0, 0, 0, 0, 0, 0, 0,
    0, 0, 0, 0, 0, 0, 0, 0,
    0, 0, 0, 0, 0, 0, 0, 0,
    0, 0, 0, 0, 0, 0, 0, 0,
    0, 0, 0, 0, 0, 0, 0, 0,
    0, 0, 0, 0, 0, 0, 0, 0,
    0, 0, 0, 0, 0, 7, 0, 0,
    0, 0, 0, 0, 0, 7, 0, 0,
    0, 0, 0, 0, 0, 0, 0, 0,
    0, 0, 0, 0, 0, 0, 0, 0,
    0, 0, 0, 0, 0, 0, 0, 0,
    0, 0, 0, 0, -6, 0, 0, 0,
    0, 0, 0, 0, 0, 0, 0, 0,
    0, 0, 0, -2, 0, -6, 0, -5,
    0, 7, 0, 0, 0, 0, 0, -4,
    0, 0, 0, -6, 0, 0, 0, 0,
    0, 0, 0, 0, -2, -2, -2, -6,
    0, 0, 0, -6, -6, -6, 0, -2,
    -2, 0, 0, 0, 0, 0, 0, 0,
    0, 0, 0, 0, 0, 0, 0, 0,
    0, 0, 0, 0, 0, 0, 0, 0,
    0, 0, 0, 0, 0, 0, 0, 0,
    0, 0, 0, 0, 0, 0, 0, 0,
    0, 0, 0, 0, 0, 0, 0, 0,
    0, 0, 0, 0, 0, 6, 0, 0,
    0, 0, 0, 0, 0, 0, 0, 0,
    0, 0, 0, 0, 0, 0, 0, 0,
    0, 0, 0, 0, 0, 0, 0, 0,
    0, 0, 0, 0, 0, 0, 0, 0,
    0, 0, 0, 0, 0, 0, 0, 0,
    0, 2, 0, 2, 0, 0, 0, 0,
    0, 0, 0, 0, 0, 0, 0, 0,
    0, 0, 0, 0, 0, 0, 0, 0,
    0, 0, 0, 0, 0, 0, 0, 0,
    -4, 0, 0, 3, -2, -2, 0, -2,
    -1, 10, 0, 0, 0, -2, 0, -3,
    0, 0, 0, -2, 0, 0, 0, 0,
    0, 0, 0, 0, 3, 3, 3, -2,
    -1, -1, -1, -2, -2, -2, 0, 3,
    3, -2, -1, -1, 0, 0, 2, -4,
    0, -12, 1, -4, 0, -12, -12, -12,
    -12, 0, 0, 0, 0, 0, 0, 0,
    0, 0, 0, -2, -2, 0, -10, 0,
    0, 0, 0, 0, 0, 0, 0, 0,
    0, 0, 0, 0, 7, 1, -10, -8,
    0, -12, -3, -9, -2, 0, -4, -3,
    -9, -2, -6, -2, -2, -6, 0, -12,
    7, -12, 0, 0, -12, -12, 0, 0,
    -8, -8, -8, -12, -2, -2, -2, -12,
    -12, -12, 0, -8, -8, 0, -2, -2,
    0, 0, 3, 0, 0, 0, 0, 0,
    0, 0, -2, 0, 0, 0, 0, 0,
    0, 0, 0, 0, 0, 0, 0, 0,
    0, -2, -2, 0, 0, 0, 0, 0,
    0, 0, 0, 0, 0, 0, 0, 0,
    0, 0, 0, 0, 0, -3, 0, 0,
    1, 11, 0, 0, 0, 0, 0, 1,
    0, -1, 0, -3, 0, 0, 0, 0,
    0, 0, 0, 0, 0, 0, 0, -3,
    1, 1, 1, -3, -3, -3, 0, 0,
    0, 0, 1, 1, 0, 0, 3, 0,
    0, 0, 0, 0, 0, 0, -2, 0,
    0, 0, 0, 0, 0, 0, 0, 0,
    0, 0, 0, 0, 0, -2, -2, 0,
    0, 0, 0, 0, 0, 0, 0, 0,
    0, 0, 0, 0, 2, 1, 0, 0,
    0, -3, 0, 0, 1, 0, 0, 0,
    0, 0, 0, 1, 0, -1, 0, -3,
    0, 0, 0, 0, 0, 0, 0, 0,
    0, 0, 0, -3, 1, 1, 1, -3,
    -3, -3, 0, 0, 0, 0, 1, 1
};


/*Collect the kern class' data in one place*/
static const lv_font_fmt_txt_kern_classes_t kern_classes =
{
    .class_pair_values   = kern_class_values,
    .left_class_mapping  = kern_left_class_mapping,
    .right_class_mapping = kern_right_class_mapping,
    .left_class_cnt      = 90,
    .right_class_cnt     = 84,
};

/*--------------------
 *  ALL CUSTOM DATA
 *--------------------*/

#if LVGL_VERSION_MAJOR == 8
/*Store all the custom data of the font*/
static  lv_font_fmt_txt_glyph_cache_t cache;
#endif

#if LVGL_VERSION_MAJOR >= 8
static const lv_font_fmt_txt_dsc_t font_dsc = {
#else
static lv_font_fmt_txt_dsc_t font_dsc = {
#endif
    .glyph_bitmap = glyph_bitmap,
    .glyph_dsc = glyph_dsc,
    .cmaps = cmaps,
    .kern_dsc = &kern_classes,
    .kern_scale = 16,
    .cmap_num = 7,
    .bpp = 4,
    .kern_classes = 1,
    .bitmap_format = 0,
#if LVGL_VERSION_MAJOR == 8
    .cache = &cache
#endif
};



/*-----------------
 *  PUBLIC FONT
 *----------------*/

/*Initialize a public general font descriptor*/
#if LVGL_VERSION_MAJOR >= 8
const lv_font_t lv_font_ratdeck_14 = {
#else
lv_font_t lv_font_ratdeck_14 = {
#endif
    .get_glyph_dsc = lv_font_get_glyph_dsc_fmt_txt,    /*Function pointer to get glyph's data*/
    .get_glyph_bitmap = lv_font_get_bitmap_fmt_txt,    /*Function pointer to get glyph's bitmap*/
    .line_height = 17,          /*The maximum line height required by the font*/
    .base_line = 4,             /*Baseline measured from the bottom of the line*/
#if !(LVGL_VERSION_MAJOR == 6 && LVGL_VERSION_MINOR == 0)
    .subpx = LV_FONT_SUBPX_NONE,
#endif
#if LV_VERSION_CHECK(7, 4, 0) || LVGL_VERSION_MAJOR >= 8
    .underline_position = -1,
    .underline_thickness = 1,
#endif
    .dsc = &font_dsc,          /*The custom font data. Will be accessed by `get_glyph_bitmap/dsc` */
#if LV_VERSION_CHECK(8, 2, 0) || LVGL_VERSION_MAJOR >= 9
    .fallback = NULL,
#endif
    .user_data = NULL,
};



#endif /*#if LV_FONT_RATDECK_14*/

