/*******************************************************************************
 * Size: 10 px
 * Bpp: 4
 * Opts: --no-compress --no-prefilter --bpp 4 --size 10 --font assets/fonts/atkinson-hyperlegible-next/AtkinsonHyperlegibleNext-Medium.ttf -r 0x20-0x7F,0xA0-0xFF,0x100-0x17F --font assets/fonts/atkinson-hyperlegible-next/FontAwesome5-Solid+Brands+Regular.woff -r 0xF0E0 --format lvgl --lv-include lvgl.h -o src/fonts/lv_font_ratdeck_10.c --force-fast-kern-format
 ******************************************************************************/

#ifdef LV_LVGL_H_INCLUDE_SIMPLE
#include "lvgl.h"
#else
#include "lvgl.h"
#endif

#ifndef LV_FONT_RATDECK_10
#define LV_FONT_RATDECK_10 1
#endif

#if LV_FONT_RATDECK_10

/*-----------------
 *    BITMAPS
 *----------------*/

/*Store the image of the glyphs*/
static LV_ATTRIBUTE_LARGE_CONST const uint8_t glyph_bitmap[] = {
    /* U+0020 " " */

    /* U+0021 "!" */
    0x1f, 0x1, 0xf0, 0xf, 0x0, 0xd0, 0x5, 0x0,
    0x60, 0x2e, 0x10,

    /* U+0022 "\"" */
    0x96, 0xe8, 0x4d, 0x10, 0x20,

    /* U+0023 "#" */
    0x0, 0xb4, 0x78, 0x0, 0xd, 0x29, 0x70, 0x3f,
    0xff, 0xff, 0x90, 0x2d, 0xe, 0x20, 0x9f, 0xff,
    0xff, 0x30, 0x78, 0x2d, 0x0, 0x9, 0x64, 0xb0,
    0x0,

    /* U+0024 "$" */
    0x0, 0x11, 0x0, 0x9, 0xef, 0xa0, 0x6c, 0x55,
    0x82, 0x6d, 0x84, 0x0, 0x7, 0xdf, 0xa1, 0x0,
    0x55, 0xb9, 0x6a, 0x54, 0xa8, 0x1a, 0xfe, 0xa0,
    0x0, 0x54, 0x0,

    /* U+0025 "%" */
    0x1c, 0xe5, 0x0, 0xc3, 0x0, 0x85, 0xd, 0x7,
    0x80, 0x0, 0x86, 0x1d, 0x2c, 0x0, 0x0, 0x1b,
    0xd5, 0xc4, 0xcd, 0x40, 0x0, 0x7, 0x88, 0x61,
    0xe0, 0x0, 0x2c, 0x9, 0x50, 0xd0, 0x0, 0xc3,
    0x1, 0xcc, 0x50,

    /* U+0026 "&" */
    0x1, 0xce, 0x90, 0x0, 0x6, 0xa0, 0xd2, 0x0,
    0x2, 0xe9, 0xd0, 0x0, 0x8, 0xef, 0x26, 0x40,
    0x5d, 0x7, 0xdd, 0x20, 0x6d, 0x0, 0xde, 0x0,
    0x9, 0xed, 0x89, 0xb0,

    /* U+0027 "'" */
    0x95, 0x84, 0x10,

    /* U+0028 "(" */
    0x7, 0x80, 0xd1, 0x3c, 0x6, 0x90, 0x78, 0x6,
    0x90, 0x3c, 0x0, 0xd1, 0x7, 0x80,

    /* U+0029 ")" */
    0x69, 0x0, 0xe1, 0xa, 0x50, 0x78, 0x6, 0x90,
    0x78, 0xa, 0x50, 0xe1, 0x69, 0x0,

    /* U+002A "*" */
    0x0, 0xb0, 0x2, 0xbe, 0xb0, 0x9, 0xa6, 0x0,
    0x10, 0x10,

    /* U+002B "+" */
    0x0, 0x77, 0x0, 0x0, 0x77, 0x0, 0x7f, 0xff,
    0xf7, 0x0, 0x77, 0x0, 0x0, 0x77, 0x0,

    /* U+002C "," */
    0x48, 0x4c, 0x46,

    /* U+002D "-" */
    0xaf, 0xf5,

    /* U+002E "." */
    0x24, 0x6b,

    /* U+002F "/" */
    0x0, 0x5b, 0x0, 0xa6, 0x0, 0xe1, 0x5, 0xb0,
    0xa, 0x60, 0xe, 0x10, 0x4b, 0x0, 0xa6, 0x0,

    /* U+0030 "0" */
    0x4, 0xdd, 0xa0, 0x1f, 0x70, 0xa9, 0x5c, 0xb1,
    0x4d, 0x6b, 0x2b, 0x3f, 0x5c, 0x7, 0xbd, 0x1f,
    0x20, 0xe8, 0x4, 0xdd, 0xa0,

    /* U+0031 "1" */
    0x1, 0xe2, 0x8e, 0xf2, 0x0, 0xe2, 0x0, 0xe2,
    0x0, 0xe2, 0x0, 0xe2, 0x0, 0xe2,

    /* U+0032 "2" */
    0x9, 0xdd, 0x50, 0x3a, 0x2, 0xf0, 0x0, 0x2,
    0xf0, 0x0, 0xc, 0x80, 0x0, 0xba, 0x0, 0x2c,
    0x70, 0x0, 0xbf, 0xff, 0xf3,

    /* U+0033 "3" */
    0xa, 0xdd, 0x60, 0x4a, 0x1, 0xf1, 0x0, 0x4,
    0xe0, 0x0, 0xbf, 0x60, 0x0, 0x2, 0xe2, 0x49,
    0x1, 0xe3, 0xa, 0xdd, 0x70,

    /* U+0034 "4" */
    0x0, 0xc, 0xb0, 0x0, 0x9d, 0xb0, 0x6, 0xb6,
    0xb0, 0x3d, 0x6, 0xb0, 0xaf, 0xff, 0xfc, 0x0,
    0x6, 0xb0, 0x0, 0x6, 0xb0,

    /* U+0035 "5" */
    0xf, 0xee, 0xe1, 0x1d, 0x0, 0x0, 0x3e, 0xcd,
    0x60, 0x28, 0x2, 0xf3, 0x0, 0x0, 0xc5, 0x3b,
    0x1, 0xe3, 0x9, 0xdd, 0x70,

    /* U+0036 "6" */
    0x3, 0xde, 0xa0, 0xe, 0x20, 0x30, 0x4d, 0xbe,
    0x90, 0x6f, 0x21, 0xd5, 0x5d, 0x0, 0x98, 0x1e,
    0x10, 0xd5, 0x6, 0xde, 0x80,

    /* U+0037 "7" */
    0xcf, 0xff, 0xe0, 0x0, 0x8a, 0x0, 0xe, 0x30,
    0x7, 0xb0, 0x0, 0xe4, 0x0, 0x5d, 0x0, 0xd,
    0x60, 0x0,

    /* U+0038 "8" */
    0x2, 0xde, 0x40, 0xa, 0x52, 0xd0, 0xa, 0x52,
    0xd0, 0x9, 0xff, 0xb0, 0x5d, 0x10, 0xb8, 0x5d,
    0x0, 0xa8, 0x8, 0xde, 0xa1,

    /* U+0039 "9" */
    0x6, 0xee, 0x40, 0x4d, 0x23, 0xe1, 0x79, 0x0,
    0xc4, 0x4d, 0x13, 0xe1, 0x7, 0xef, 0x90, 0x0,
    0x1e, 0x10, 0x0, 0xb7, 0x0,

    /* U+003A ":" */
    0x6b, 0x24, 0x0, 0x24, 0x6b,

    /* U+003B ";" */
    0x6b, 0x24, 0x0, 0x48, 0x4c, 0x46,

    /* U+003C "<" */
    0x0, 0x3, 0xa2, 0x5, 0xcc, 0x60, 0x8f, 0x50,
    0x0, 0x6, 0xdb, 0x40, 0x0, 0x4, 0xb3, 0x0,
    0x0, 0x0,

    /* U+003D "=" */
    0x6f, 0xff, 0xf9, 0x0, 0x0, 0x0, 0x6f, 0xff,
    0xf9,

    /* U+003E ">" */
    0x77, 0x10, 0x0, 0x28, 0xe9, 0x20, 0x0, 0xa,
    0xf2, 0x17, 0xdb, 0x30, 0x89, 0x20, 0x0, 0x0,
    0x0, 0x0,

    /* U+003F "?" */
    0x2c, 0xdd, 0x46, 0x70, 0x6d, 0x0, 0xa, 0xa0,
    0xd, 0x90, 0x3, 0xb0, 0x0, 0x15, 0x0, 0x5,
    0xc0, 0x0,

    /* U+0040 "@" */
    0x0, 0x7a, 0xa7, 0x0, 0xb, 0x6a, 0xb7, 0xb0,
    0x65, 0xc1, 0x75, 0x65, 0x92, 0xd0, 0x95, 0x65,
    0x75, 0x4b, 0x8b, 0x90, 0xb, 0x30, 0x0, 0x0,
    0x0, 0x7a, 0xa2, 0x0,

    /* U+0041 "A" */
    0x0, 0x9f, 0x10, 0x0, 0xe, 0xe6, 0x0, 0x4,
    0xe6, 0xc0, 0x0, 0xa9, 0x1f, 0x20, 0xf, 0x40,
    0xd7, 0x6, 0xff, 0xff, 0xd0, 0xb8, 0x0, 0x1f,
    0x30,

    /* U+0042 "B" */
    0x4f, 0xfe, 0xc2, 0x4d, 0x0, 0xa9, 0x4d, 0x0,
    0xa8, 0x4f, 0xee, 0xf3, 0x4d, 0x0, 0x6d, 0x4d,
    0x0, 0x6d, 0x4f, 0xff, 0xd4,

    /* U+0043 "C" */
    0x3, 0xcf, 0xd4, 0x2, 0xf5, 0x4, 0xb0, 0x7c,
    0x0, 0x0, 0x9, 0xa0, 0x0, 0x0, 0x7c, 0x0,
    0x0, 0x2, 0xf5, 0x4, 0xc0, 0x4, 0xdf, 0xd5,
    0x0,

    /* U+0044 "D" */
    0x4f, 0xfe, 0xa2, 0x4, 0xd0, 0x9, 0xd0, 0x4d,
    0x0, 0xe, 0x44, 0xd0, 0x0, 0xd5, 0x4d, 0x0,
    0xe, 0x44, 0xd0, 0x9, 0xe0, 0x4f, 0xfe, 0xa2,
    0x0,

    /* U+0045 "E" */
    0x4f, 0xff, 0xf6, 0x4d, 0x0, 0x0, 0x4d, 0x0,
    0x0, 0x4f, 0xff, 0x50, 0x4d, 0x0, 0x0, 0x4d,
    0x0, 0x0, 0x4f, 0xff, 0xf6,

    /* U+0046 "F" */
    0x4f, 0xff, 0xf2, 0x4d, 0x0, 0x0, 0x4d, 0x0,
    0x0, 0x4f, 0xff, 0xf2, 0x4d, 0x0, 0x0, 0x4d,
    0x0, 0x0, 0x4d, 0x0, 0x0,

    /* U+0047 "G" */
    0x3, 0xcf, 0xd5, 0x2, 0xf5, 0x3, 0xa0, 0x7b,
    0x0, 0x0, 0x9, 0x90, 0x6f, 0xf7, 0x7c, 0x0,
    0xa, 0x82, 0xf5, 0x3, 0xf8, 0x4, 0xdf, 0xc8,
    0x80,

    /* U+0048 "H" */
    0x4d, 0x0, 0xe, 0x44, 0xd0, 0x0, 0xe4, 0x4d,
    0x0, 0xe, 0x44, 0xff, 0xff, 0xf4, 0x4d, 0x0,
    0xe, 0x44, 0xd0, 0x0, 0xe4, 0x4d, 0x0, 0xe,
    0x40,

    /* U+0049 "I" */
    0x6e, 0xe7, 0x8, 0x90, 0x8, 0x90, 0x8, 0x90,
    0x8, 0x90, 0x8, 0x90, 0x6e, 0xe7,

    /* U+004A "J" */
    0x0, 0x8, 0x90, 0x0, 0x89, 0x0, 0x8, 0x90,
    0x0, 0x89, 0x11, 0x9, 0x9b, 0x70, 0xc6, 0x3d,
    0xea, 0x0,

    /* U+004B "K" */
    0x4d, 0x0, 0xba, 0x4, 0xd0, 0x9c, 0x0, 0x4d,
    0x7d, 0x10, 0x4, 0xff, 0xd0, 0x0, 0x4f, 0x3c,
    0x90, 0x4, 0xd0, 0x2f, 0x40, 0x4d, 0x0, 0x6e,
    0x10,

    /* U+004C "L" */
    0x4d, 0x0, 0x0, 0x4d, 0x0, 0x0, 0x4d, 0x0,
    0x0, 0x4d, 0x0, 0x0, 0x4d, 0x0, 0x0, 0x4d,
    0x0, 0x0, 0x4f, 0xff, 0xf4,

    /* U+004D "M" */
    0x4f, 0xb0, 0x4, 0xfa, 0x4e, 0xf0, 0x9, 0xea,
    0x4d, 0xc4, 0xe, 0x9a, 0x4d, 0x79, 0x3c, 0x7a,
    0x4d, 0x2e, 0x87, 0x7a, 0x4d, 0xd, 0xe2, 0x7a,
    0x4d, 0x8, 0xd0, 0x7a,

    /* U+004E "N" */
    0x4f, 0x80, 0xd, 0x54, 0xee, 0x10, 0xd5, 0x4d,
    0x99, 0xd, 0x54, 0xd1, 0xe1, 0xd5, 0x4d, 0x8,
    0x9d, 0x54, 0xd0, 0x1e, 0xe5, 0x4d, 0x0, 0x8f,
    0x50,

    /* U+004F "O" */
    0x3, 0xcf, 0xd6, 0x1, 0xf6, 0x3, 0xe5, 0x7b,
    0x0, 0x7, 0xb9, 0x90, 0x0, 0x5d, 0x7b, 0x0,
    0x7, 0xb1, 0xf5, 0x3, 0xe5, 0x3, 0xcf, 0xd6,
    0x0,

    /* U+0050 "P" */
    0x4f, 0xff, 0xc3, 0x4d, 0x0, 0x9b, 0x4d, 0x0,
    0x9b, 0x4f, 0xff, 0xc2, 0x4d, 0x0, 0x0, 0x4d,
    0x0, 0x0, 0x4d, 0x0, 0x0,

    /* U+0051 "Q" */
    0x3, 0xcf, 0xd6, 0x0, 0x1f, 0x60, 0x3e, 0x50,
    0x7b, 0x0, 0x7, 0xb0, 0x99, 0x5, 0x45, 0xd0,
    0x7b, 0x3, 0xeb, 0xb0, 0x1f, 0x50, 0x6f, 0x80,
    0x3, 0xcf, 0xd7, 0xe4, 0x0, 0x0, 0x0, 0x10,

    /* U+0052 "R" */
    0x4f, 0xff, 0xc2, 0x4, 0xd0, 0x8, 0xc0, 0x4d,
    0x0, 0x9b, 0x4, 0xff, 0xfc, 0x20, 0x4d, 0xd,
    0x70, 0x4, 0xd0, 0x3f, 0x20, 0x4d, 0x0, 0x9c,
    0x0,

    /* U+0053 "S" */
    0x8, 0xee, 0x90, 0x6c, 0x11, 0x82, 0x6e, 0x51,
    0x0, 0x7, 0xdf, 0xb1, 0x0, 0x1, 0xb9, 0x6a,
    0x0, 0xb8, 0x9, 0xee, 0x90,

    /* U+0054 "T" */
    0xdf, 0xff, 0xfa, 0x0, 0xb7, 0x0, 0x0, 0xb7,
    0x0, 0x0, 0xb7, 0x0, 0x0, 0xb7, 0x0, 0x0,
    0xb7, 0x0, 0x0, 0xb7, 0x0,

    /* U+0055 "U" */
    0x5d, 0x0, 0xf, 0x35, 0xd0, 0x0, 0xf3, 0x5d,
    0x0, 0xf, 0x34, 0xd0, 0x0, 0xf2, 0x4e, 0x0,
    0xf, 0x11, 0xf4, 0x6, 0xe0, 0x5, 0xdf, 0xd4,
    0x0,

    /* U+0056 "V" */
    0xb7, 0x0, 0x5d, 0x6, 0xc0, 0xa, 0x80, 0x1f,
    0x10, 0xf3, 0x0, 0xc6, 0x4d, 0x0, 0x6, 0xb9,
    0x80, 0x0, 0x1f, 0xe3, 0x0, 0x0, 0xce, 0x0,
    0x0,

    /* U+0057 "W" */
    0xb7, 0x6, 0xf1, 0xd, 0x67, 0xb0, 0x9f, 0x40,
    0xf2, 0x3e, 0xd, 0x98, 0x3e, 0x0, 0xf2, 0xe3,
    0xb7, 0xa0, 0xc, 0x9a, 0xe, 0xa7, 0x0, 0x8f,
    0x70, 0xcf, 0x30, 0x4, 0xf3, 0x9, 0xf0, 0x0,

    /* U+0058 "X" */
    0x6e, 0x0, 0x7d, 0x0, 0xba, 0x2f, 0x30, 0x1,
    0xfe, 0x80, 0x0, 0xa, 0xf1, 0x0, 0x3, 0xfc,
    0xa0, 0x0, 0xd7, 0x1e, 0x50, 0x9c, 0x0, 0x5e,
    0x10,

    /* U+0059 "Y" */
    0xb9, 0x0, 0x8c, 0x2, 0xf2, 0x1f, 0x30, 0x9,
    0xa9, 0x90, 0x0, 0x1e, 0xf1, 0x0, 0x0, 0x9a,
    0x0, 0x0, 0x8, 0x90, 0x0, 0x0, 0x89, 0x0,
    0x0,

    /* U+005A "Z" */
    0x7f, 0xff, 0xf8, 0x0, 0x3, 0xf2, 0x0, 0x1e,
    0x60, 0x0, 0xba, 0x0, 0x6, 0xe1, 0x0, 0x3f,
    0x30, 0x0, 0x9f, 0xff, 0xfb,

    /* U+005B "[" */
    0x4f, 0xd4, 0xa0, 0x4a, 0x4, 0xa0, 0x4a, 0x4,
    0xa0, 0x4a, 0x4, 0xa0, 0x4f, 0xc0,

    /* U+005C "\\" */
    0xa6, 0x0, 0x4b, 0x0, 0xe, 0x10, 0xa, 0x60,
    0x5, 0xb0, 0x0, 0xe1, 0x0, 0xa6, 0x0, 0x5b,

    /* U+005D "]" */
    0x6e, 0xb0, 0x3b, 0x3, 0xb0, 0x3b, 0x3, 0xb0,
    0x3b, 0x3, 0xb0, 0x3b, 0x6e, 0xb0,

    /* U+005E "^" */
    0x0, 0x63, 0x0, 0x2, 0xec, 0x0, 0xa, 0x6b,
    0x50, 0x3d, 0x3, 0xd0,

    /* U+005F "_" */
    0xf, 0xff, 0xc0,

    /* U+0060 "`" */
    0x31, 0x3, 0xb0,

    /* U+0061 "a" */
    0x1b, 0xcc, 0x21, 0x40, 0x79, 0x2b, 0xbc, 0xba,
    0x80, 0x8b, 0x4d, 0xb9, 0xc0,

    /* U+0062 "b" */
    0x5b, 0x0, 0x0, 0x5b, 0x0, 0x0, 0x5c, 0xbe,
    0x80, 0x5e, 0x11, 0xe4, 0x5b, 0x0, 0xb6, 0x5e,
    0x11, 0xe4, 0x5b, 0xbe, 0x80,

    /* U+0063 "c" */
    0x9, 0xed, 0x47, 0xc0, 0x23, 0xa8, 0x0, 0x7,
    0xc0, 0x23, 0xa, 0xed, 0x30,

    /* U+0064 "d" */
    0x0, 0x0, 0xf2, 0x0, 0x0, 0xf2, 0xb, 0xe9,
    0xf2, 0x7c, 0x3, 0xf2, 0xa8, 0x0, 0xf2, 0x7c,
    0x2, 0xf2, 0xb, 0xea, 0xd3,

    /* U+0065 "e" */
    0x9, 0xdd, 0x40, 0x7b, 0x2, 0xe0, 0xad, 0xcc,
    0xd2, 0x7b, 0x1, 0x10, 0x9, 0xed, 0x50,

    /* U+0066 "f" */
    0xb, 0xe1, 0xf, 0x0, 0xbf, 0xd1, 0xf, 0x0,
    0xf, 0x0, 0xf, 0x0, 0xf, 0x0,

    /* U+0067 "g" */
    0xb, 0xd9, 0xe1, 0x7b, 0x3, 0xf1, 0xa7, 0x0,
    0xf1, 0x7b, 0x3, 0xf1, 0xb, 0xd9, 0xf1, 0x5,
    0x2, 0xe0, 0x8, 0xdc, 0x40,

    /* U+0068 "h" */
    0x5b, 0x0, 0x5, 0xb0, 0x0, 0x5c, 0xbe, 0x75,
    0xe0, 0x4e, 0x5b, 0x2, 0xf5, 0xb0, 0x2f, 0x5b,
    0x2, 0xf0,

    /* U+0069 "i" */
    0x2e, 0x0, 0x40, 0xaf, 0x0, 0xf0, 0xf, 0x0,
    0xf0, 0xf, 0x0,

    /* U+006A "j" */
    0x4, 0xd0, 0x0, 0x40, 0x3, 0xd0, 0x3, 0xd0,
    0x3, 0xd0, 0x3, 0xd0, 0x3, 0xd0, 0x4, 0xc0,
    0x8e, 0x60,

    /* U+006B "k" */
    0x5b, 0x0, 0x0, 0x5b, 0x0, 0x0, 0x5b, 0xc,
    0x60, 0x5b, 0xb8, 0x0, 0x5f, 0xf4, 0x0, 0x5c,
    0x4e, 0x10, 0x5b, 0x8, 0xb0,

    /* U+006C "l" */
    0x6b, 0x6, 0xb0, 0x6b, 0x6, 0xb0, 0x6b, 0x5,
    0xb0, 0x3e, 0x90,

    /* U+006D "m" */
    0x5c, 0xae, 0x8a, 0xe7, 0x5d, 0x5, 0xf0, 0x3e,
    0x5b, 0x3, 0xd0, 0x1f, 0x5b, 0x3, 0xd0, 0x1f,
    0x5b, 0x3, 0xd0, 0x1f,

    /* U+006E "n" */
    0x5c, 0xae, 0x75, 0xe0, 0x3e, 0x5b, 0x2, 0xf5,
    0xb0, 0x2f, 0x5b, 0x2, 0xf0,

    /* U+006F "o" */
    0x9, 0xed, 0x40, 0x7c, 0x3, 0xf1, 0xa8, 0x0,
    0xe3, 0x7c, 0x2, 0xf1, 0x9, 0xed, 0x40,

    /* U+0070 "p" */
    0x5b, 0xad, 0x80, 0x5e, 0x0, 0xe4, 0x5b, 0x0,
    0xb6, 0x5e, 0x11, 0xe4, 0x5c, 0xbe, 0x80, 0x5b,
    0x0, 0x0, 0x5b, 0x0, 0x0,

    /* U+0071 "q" */
    0xb, 0xe9, 0xd2, 0x7, 0xc0, 0x3f, 0x20, 0xa8,
    0x0, 0xf2, 0x7, 0xc0, 0x3f, 0x20, 0xb, 0xe9,
    0xf2, 0x0, 0x0, 0xe, 0x30, 0x0, 0x0, 0x8f,
    0x50,

    /* U+0072 "r" */
    0x5a, 0xb6, 0x5f, 0x30, 0x5c, 0x0, 0x5b, 0x0,
    0x5b, 0x0,

    /* U+0073 "s" */
    0x2c, 0xdb, 0x18, 0xa0, 0x30, 0x19, 0xdb, 0x23,
    0x30, 0x98, 0x3c, 0xdc, 0x20,

    /* U+0074 "t" */
    0xf, 0x10, 0xaf, 0xd1, 0xf, 0x10, 0xf, 0x10,
    0xf, 0x10, 0xc, 0xe1,

    /* U+0075 "u" */
    0x5b, 0x3, 0xd5, 0xb0, 0x3d, 0x5b, 0x3, 0xd4,
    0xd0, 0x6d, 0xc, 0xe9, 0xd0,

    /* U+0076 "v" */
    0xb6, 0x8, 0x95, 0xb0, 0xd4, 0xf, 0x3e, 0x0,
    0xad, 0x80, 0x4, 0xf3, 0x0,

    /* U+0077 "w" */
    0xb5, 0x1f, 0x25, 0xc7, 0x95, 0xc6, 0x88, 0x2d,
    0x95, 0xac, 0x30, 0xed, 0xc, 0xe0, 0x9, 0xa0,
    0xab, 0x0,

    /* U+0078 "x" */
    0x7c, 0xb, 0x70, 0xbc, 0xc0, 0x4, 0xf4, 0x0,
    0xda, 0xd0, 0x8a, 0x9, 0x90,

    /* U+0079 "y" */
    0xb6, 0x9, 0x86, 0xb0, 0xe3, 0x1f, 0x3d, 0x0,
    0xbc, 0x80, 0x5, 0xf3, 0x0, 0x2d, 0x0, 0x6d,
    0x50, 0x0,

    /* U+007A "z" */
    0x7e, 0xef, 0x60, 0x6, 0xd0, 0x4, 0xe2, 0x2,
    0xe3, 0x0, 0x9f, 0xee, 0x70,

    /* U+007B "{" */
    0x7, 0xe3, 0xb, 0x50, 0xb, 0x40, 0xd, 0x40,
    0xac, 0x0, 0xd, 0x30, 0xb, 0x40, 0xb, 0x40,
    0x7, 0xe3,

    /* U+007C "|" */
    0x4b, 0x4b, 0x4b, 0x4b, 0x4b, 0x4b, 0x4b, 0x4b,
    0x4b, 0x4b,

    /* U+007D "}" */
    0x9e, 0x10, 0xb, 0x40, 0xb, 0x50, 0xa, 0x60,
    0x3, 0xf3, 0xa, 0x60, 0xb, 0x50, 0xb, 0x40,
    0x9e, 0x10,

    /* U+007E "~" */
    0x0, 0x0, 0x0, 0x3d, 0xa2, 0xc0, 0x74, 0x4d,
    0x90, 0x0, 0x0, 0x0,

    /* U+00A0 " " */

    /* U+00A1 "¡" */
    0x2e, 0x10, 0x60, 0x5, 0x0, 0xd0, 0xf, 0x1,
    0xf0, 0x1f, 0x0,

    /* U+00A2 "¢" */
    0x0, 0x60, 0x0, 0x9f, 0xd3, 0x6b, 0x92, 0x3a,
    0x79, 0x0, 0x8a, 0x91, 0x11, 0xde, 0xd5, 0x0,
    0x90, 0x0,

    /* U+00A3 "£" */
    0x3, 0xde, 0xc1, 0xd, 0x60, 0x65, 0xb, 0x60,
    0x0, 0x2b, 0xe9, 0x50, 0x0, 0xf1, 0x0, 0x5,
    0xa0, 0x0, 0x1f, 0xee, 0xe9, 0x2, 0x0, 0x0,

    /* U+00A4 "¤" */
    0x0, 0x0, 0x0, 0x3a, 0xdd, 0xa1, 0x2d, 0x12,
    0xe0, 0x2d, 0x12, 0xe0, 0x3a, 0xdd, 0xa1, 0x0,
    0x0, 0x0,

    /* U+00A5 "¥" */
    0xb8, 0x0, 0x8c, 0x2, 0xf1, 0x1f, 0x30, 0x9,
    0xa9, 0xa0, 0x0, 0x1f, 0xf1, 0x0, 0x9, 0xdd,
    0x90, 0x0, 0x8c, 0xd9, 0x0, 0x0, 0x89, 0x0,
    0x0,

    /* U+00A6 "¦" */
    0x4a, 0x4b, 0x4b, 0x4b, 0x0, 0x0, 0x4a, 0x4b,
    0x4b, 0x4b,

    /* U+00A7 "§" */
    0x9, 0xdd, 0x30, 0x3e, 0x4, 0x50, 0xe, 0xa2,
    0x0, 0x7a, 0x8e, 0x60, 0xaa, 0x2, 0xf1, 0x2d,
    0xea, 0xd0, 0x0, 0x7f, 0x50, 0x17, 0x8, 0x90,
    0xa, 0xec, 0x20,

    /* U+00A8 "¨" */
    0x0, 0x0, 0x77, 0x86, 0x0, 0x0,

    /* U+00A9 "©" */
    0x0, 0x6a, 0xa6, 0x0, 0xa, 0x7a, 0xa7, 0x90,
    0x46, 0xb3, 0x10, 0x74, 0x73, 0xb3, 0x10, 0x36,
    0x46, 0x2b, 0xa2, 0x74, 0xa, 0x40, 0x4, 0x90,
    0x0, 0x7a, 0xa6, 0x0,

    /* U+00AA "ª" */
    0x19, 0x80, 0x18, 0xc2, 0x5b, 0xc3,

    /* U+00AB "«" */
    0x0, 0x20, 0x20, 0x7, 0xc4, 0xe1, 0x2e, 0x3e,
    0x40, 0x1e, 0x3d, 0x50, 0x5, 0xd3, 0xe2,

    /* U+00AC "¬" */
    0x7f, 0xff, 0xf8, 0x0, 0x0, 0x68, 0x0, 0x0,
    0x68, 0x0, 0x0, 0x34,

    /* U+00AE "®" */
    0x0, 0x6a, 0xa6, 0x0, 0xa, 0xab, 0xa7, 0x90,
    0x46, 0x76, 0x57, 0x74, 0x73, 0x7c, 0xd1, 0x36,
    0x46, 0x76, 0xa4, 0x74, 0xa, 0x50, 0x6, 0x90,
    0x0, 0x7a, 0xa6, 0x0,

    /* U+00AF "¯" */
    0x6c, 0xc3,

    /* U+00B0 "°" */
    0x2b, 0x90, 0x83, 0x83, 0x2b, 0x90,

    /* U+00B1 "±" */
    0x0, 0x87, 0x0, 0x6e, 0xfe, 0xe5, 0x0, 0x87,
    0x0, 0x0, 0x43, 0x0, 0x7f, 0xff, 0xf5,

    /* U+00B2 "²" */
    0x1a, 0xc2, 0x0, 0xa3, 0x7, 0x80, 0x6e, 0xa4,

    /* U+00B3 "³" */
    0x19, 0xb2, 0x4, 0xe1, 0x1, 0x85, 0x2b, 0xb1,

    /* U+00B4 "´" */
    0x4, 0x3, 0xb0,

    /* U+00B6 "¶" */
    0x1c, 0xec, 0xb8, 0xfa, 0x67, 0x9f, 0xa6, 0x71,
    0xda, 0x67, 0x3, 0xa6, 0x70, 0x3a, 0x67, 0x3,
    0xa6, 0x70, 0x3a, 0x67, 0x3, 0xa6, 0x70,

    /* U+00B7 "·" */
    0x15, 0x4, 0xd0,

    /* U+00B8 "¸" */
    0x1, 0x1, 0xa2, 0x37, 0x10,

    /* U+00B9 "¹" */
    0xa, 0x25, 0xe2, 0xa, 0x20, 0xa2,

    /* U+00BA "º" */
    0x19, 0x90, 0x66, 0x84, 0x2b, 0xb1,

    /* U+00BB "»" */
    0x12, 0x2, 0x0, 0x1e, 0x4c, 0x60, 0x4, 0xe3,
    0xe2, 0x6, 0xc3, 0xe1, 0x2e, 0x3d, 0x40,

    /* U+00BC "¼" */
    0x6, 0x10, 0x4, 0x60, 0x4e, 0x20, 0x1d, 0x10,
    0xa, 0x20, 0xb4, 0x0, 0xa, 0x26, 0x90, 0xa1,
    0x0, 0x2d, 0x1a, 0xc2, 0x0, 0xc3, 0x6b, 0xe8,
    0x8, 0x80, 0x0, 0xa2,

    /* U+00BD "½" */
    0x4a, 0x10, 0x4, 0x60, 0xa, 0x20, 0x1d, 0x10,
    0xa, 0x20, 0xb4, 0x0, 0xa, 0x27, 0x86, 0x95,
    0x0, 0x3c, 0x1, 0x3a, 0x0, 0xd2, 0x3, 0xa1,
    0x7, 0x50, 0xc, 0xa8,

    /* U+00BE "¾" */
    0x19, 0x90, 0x0, 0xa2, 0x1, 0x29, 0x30, 0x78,
    0x0, 0x4, 0xd2, 0x2c, 0x0, 0x1, 0x8a, 0x2c,
    0x35, 0x90, 0x0, 0x8, 0x74, 0x8b, 0x0, 0x3,
    0xc0, 0xba, 0xe3, 0x0, 0xd2, 0x0, 0x1b, 0x0,

    /* U+00BF "¿" */
    0x0, 0xb6, 0x0, 0x4, 0x20, 0x0, 0xa4, 0x0,
    0x8d, 0x10, 0x8b, 0x0, 0xb, 0x60, 0x67, 0x3c,
    0xdc, 0x20,

    /* U+00C0 "À" */
    0x1, 0x50, 0x0, 0x0, 0x5, 0x20, 0x0, 0x0,
    0x9f, 0x10, 0x0, 0xe, 0xe6, 0x0, 0x4, 0xe6,
    0xc0, 0x0, 0xa9, 0x1f, 0x20, 0xf, 0x40, 0xd7,
    0x6, 0xff, 0xff, 0xd0, 0xb8, 0x0, 0x1f, 0x30,

    /* U+00C1 "Á" */
    0x0, 0x2, 0x40, 0x0, 0x0, 0x61, 0x0, 0x0,
    0x9f, 0x10, 0x0, 0xe, 0xe6, 0x0, 0x4, 0xe6,
    0xc0, 0x0, 0xa9, 0x1f, 0x20, 0xf, 0x40, 0xd7,
    0x6, 0xff, 0xff, 0xd0, 0xb8, 0x0, 0x1f, 0x30,

    /* U+00C2 "Â" */
    0x0, 0x36, 0x0, 0x0, 0x16, 0x44, 0x0, 0x0,
    0x9f, 0x10, 0x0, 0xe, 0xe6, 0x0, 0x4, 0xe6,
    0xc0, 0x0, 0xa9, 0x1f, 0x20, 0xf, 0x40, 0xd7,
    0x6, 0xff, 0xff, 0xd0, 0xb8, 0x0, 0x1f, 0x30,

    /* U+00C3 "Ã" */
    0x1, 0xb3, 0x70, 0x0, 0x54, 0x87, 0x0, 0x0,
    0x9f, 0x10, 0x0, 0xe, 0xe6, 0x0, 0x4, 0xe6,
    0xc0, 0x0, 0xa9, 0x1f, 0x20, 0xf, 0x40, 0xd7,
    0x6, 0xff, 0xff, 0xd0, 0xb8, 0x0, 0x1f, 0x30,

    /* U+00C4 "Ä" */
    0x2, 0xb4, 0x90, 0x0, 0x9, 0xf1, 0x0, 0x0,
    0xee, 0x60, 0x0, 0x4e, 0x6c, 0x0, 0xa, 0x91,
    0xf2, 0x0, 0xf4, 0xd, 0x70, 0x6f, 0xff, 0xfd,
    0xb, 0x80, 0x1, 0xf3,

    /* U+00C5 "Å" */
    0x0, 0x7a, 0x10, 0x0, 0xb, 0x65, 0x0, 0x0,
    0xaf, 0x10, 0x0, 0xe, 0xe6, 0x0, 0x4, 0xe7,
    0xc0, 0x0, 0xa9, 0x2f, 0x20, 0xf, 0x40, 0xd7,
    0x6, 0xff, 0xff, 0xd0, 0xb8, 0x0, 0x1f, 0x30,

    /* U+00C6 "Æ" */
    0x0, 0x8, 0xff, 0xff, 0xd0, 0x1, 0xfb, 0x90,
    0x0, 0x0, 0x9a, 0x99, 0x0, 0x0, 0x2f, 0x39,
    0xff, 0xc0, 0xa, 0xc0, 0x99, 0x0, 0x3, 0xff,
    0xff, 0x90, 0x0, 0xba, 0x0, 0x9f, 0xff, 0xd0,

    /* U+00C7 "Ç" */
    0x3, 0xcf, 0xd4, 0x2, 0xf5, 0x4, 0xb0, 0x7c,
    0x0, 0x0, 0x9, 0xa0, 0x0, 0x0, 0x7c, 0x0,
    0x0, 0x2, 0xf4, 0x3, 0xb0, 0x4, 0xdf, 0xd5,
    0x0, 0x0, 0x81, 0x0, 0x0, 0x28, 0x50, 0x0,

    /* U+00C8 "È" */
    0x2, 0x40, 0x0, 0x0, 0x61, 0x0, 0x4f, 0xff,
    0xf6, 0x4d, 0x0, 0x0, 0x4d, 0x0, 0x0, 0x4f,
    0xff, 0x50, 0x4d, 0x0, 0x0, 0x4d, 0x0, 0x0,
    0x4f, 0xff, 0xf6,

    /* U+00C9 "É" */
    0x0, 0x3, 0x30, 0x0, 0x6, 0x10, 0x4f, 0xff,
    0xf6, 0x4d, 0x0, 0x0, 0x4d, 0x0, 0x0, 0x4f,
    0xff, 0x50, 0x4d, 0x0, 0x0, 0x4d, 0x0, 0x0,
    0x4f, 0xff, 0xf6,

    /* U+00CA "Ê" */
    0x0, 0x45, 0x0, 0x2, 0x54, 0x30, 0x4f, 0xff,
    0xf6, 0x4d, 0x0, 0x0, 0x4d, 0x0, 0x0, 0x4f,
    0xff, 0x50, 0x4d, 0x0, 0x0, 0x4d, 0x0, 0x0,
    0x4f, 0xff, 0xf6,

    /* U+00CB "Ë" */
    0x4, 0x86, 0x70, 0x4f, 0xff, 0xf6, 0x4d, 0x0,
    0x0, 0x4d, 0x0, 0x0, 0x4f, 0xff, 0x50, 0x4d,
    0x0, 0x0, 0x4d, 0x0, 0x0, 0x4f, 0xff, 0xf6,

    /* U+00CC "Ì" */
    0x24, 0x0, 0x6, 0x10, 0x6e, 0xe7, 0x8, 0x90,
    0x8, 0x90, 0x8, 0x90, 0x8, 0x90, 0x8, 0x90,
    0x6e, 0xe7,

    /* U+00CD "Í" */
    0x0, 0x33, 0x1, 0x60, 0x6e, 0xe7, 0x8, 0x90,
    0x8, 0x90, 0x8, 0x90, 0x8, 0x90, 0x8, 0x90,
    0x6e, 0xe7,

    /* U+00CE "Î" */
    0x4, 0x50, 0x25, 0x53, 0x6e, 0xe7, 0x8, 0x90,
    0x8, 0x90, 0x8, 0x90, 0x8, 0x90, 0x8, 0x90,
    0x6e, 0xe7,

    /* U+00CF "Ï" */
    0x58, 0x76, 0x6e, 0xe7, 0x8, 0x90, 0x8, 0x90,
    0x8, 0x90, 0x8, 0x90, 0x8, 0x90, 0x6e, 0xe7,

    /* U+00D0 "Ð" */
    0x1f, 0xfe, 0xb3, 0x1, 0xf1, 0x6, 0xf2, 0x1f,
    0x10, 0xb, 0x7b, 0xff, 0xb0, 0xa8, 0x1f, 0x10,
    0xb, 0x71, 0xf1, 0x6, 0xf2, 0x1f, 0xfe, 0xb3,
    0x0,

    /* U+00D1 "Ñ" */
    0x0, 0x96, 0x52, 0x0, 0x18, 0x5a, 0x0, 0x4f,
    0x80, 0xd, 0x54, 0xee, 0x10, 0xd5, 0x4d, 0x99,
    0xd, 0x54, 0xd1, 0xe1, 0xd5, 0x4d, 0x8, 0x9d,
    0x54, 0xd0, 0x1e, 0xe5, 0x4d, 0x0, 0x8f, 0x50,

    /* U+00D2 "Ò" */
    0x0, 0x51, 0x0, 0x0, 0x2, 0x60, 0x0, 0x3,
    0xcf, 0xd6, 0x1, 0xf6, 0x3, 0xe5, 0x7b, 0x0,
    0x7, 0xb9, 0x90, 0x0, 0x5d, 0x7b, 0x0, 0x7,
    0xb1, 0xf5, 0x3, 0xe5, 0x3, 0xcf, 0xd6, 0x0,

    /* U+00D3 "Ó" */
    0x0, 0x0, 0x60, 0x0, 0x0, 0x34, 0x0, 0x3,
    0xcf, 0xd6, 0x1, 0xf6, 0x3, 0xe5, 0x7b, 0x0,
    0x7, 0xb9, 0x90, 0x0, 0x5d, 0x7b, 0x0, 0x7,
    0xb1, 0xf5, 0x3, 0xe5, 0x3, 0xcf, 0xd6, 0x0,

    /* U+00D4 "Ô" */
    0x0, 0x6, 0x20, 0x0, 0x5, 0x36, 0x0, 0x3,
    0xcf, 0xd6, 0x1, 0xf6, 0x3, 0xe5, 0x7b, 0x0,
    0x7, 0xb9, 0x90, 0x0, 0x5d, 0x7b, 0x0, 0x7,
    0xb1, 0xf5, 0x3, 0xe5, 0x3, 0xcf, 0xd6, 0x0,

    /* U+00D5 "Õ" */
    0x0, 0x88, 0x33, 0x0, 0x9, 0x3a, 0x10, 0x3,
    0xcf, 0xd6, 0x1, 0xf6, 0x3, 0xe5, 0x7b, 0x0,
    0x7, 0xb9, 0x90, 0x0, 0x5d, 0x7b, 0x0, 0x7,
    0xb1, 0xf5, 0x3, 0xe5, 0x3, 0xcf, 0xd6, 0x0,

    /* U+00D6 "Ö" */
    0x0, 0xc2, 0xd1, 0x0, 0x1, 0x1, 0x0, 0x3,
    0xcf, 0xd6, 0x1, 0xf6, 0x3, 0xe5, 0x7b, 0x0,
    0x7, 0xb9, 0x90, 0x0, 0x5d, 0x7b, 0x0, 0x7,
    0xb1, 0xf5, 0x3, 0xe5, 0x3, 0xcf, 0xd6, 0x0,

    /* U+00D7 "×" */
    0x14, 0x1, 0x42, 0xe6, 0xd6, 0x4, 0xf9, 0x1,
    0xd7, 0xd5, 0x15, 0x2, 0x50,

    /* U+00D8 "Ø" */
    0x3, 0xcf, 0xd8, 0x51, 0xf6, 0x5, 0xf4, 0x7b,
    0x1, 0xa8, 0xb9, 0x90, 0xa1, 0x5d, 0x7c, 0x83,
    0x7, 0xb1, 0xf9, 0x3, 0xe5, 0x19, 0xcf, 0xd6,
    0x0,

    /* U+00D9 "Ù" */
    0x0, 0x60, 0x0, 0x0, 0x4, 0x40, 0x0, 0x5d,
    0x0, 0xf, 0x35, 0xd0, 0x0, 0xf3, 0x5d, 0x0,
    0xf, 0x34, 0xd0, 0x0, 0xf2, 0x4e, 0x0, 0xf,
    0x11, 0xf4, 0x6, 0xe0, 0x5, 0xdf, 0xd4, 0x0,

    /* U+00DA "Ú" */
    0x0, 0x0, 0x50, 0x0, 0x0, 0x53, 0x0, 0x5d,
    0x0, 0xf, 0x35, 0xd0, 0x0, 0xf3, 0x5d, 0x0,
    0xf, 0x34, 0xd0, 0x0, 0xf2, 0x4e, 0x0, 0xf,
    0x11, 0xf4, 0x6, 0xe0, 0x5, 0xdf, 0xd4, 0x0,

    /* U+00DB "Û" */
    0x0, 0x16, 0x10, 0x0, 0x6, 0x36, 0x0, 0x5d,
    0x0, 0xf, 0x35, 0xd0, 0x0, 0xf3, 0x5d, 0x0,
    0xf, 0x34, 0xd0, 0x0, 0xf2, 0x4e, 0x0, 0xf,
    0x11, 0xf4, 0x6, 0xe0, 0x5, 0xdf, 0xd4, 0x0,

    /* U+00DC "Ü" */
    0x0, 0xe2, 0xd0, 0x0, 0x1, 0x1, 0x0, 0x5d,
    0x0, 0xf, 0x35, 0xd0, 0x0, 0xf3, 0x5d, 0x0,
    0xf, 0x34, 0xd0, 0x0, 0xf2, 0x4e, 0x0, 0xf,
    0x11, 0xf4, 0x6, 0xe0, 0x5, 0xdf, 0xd4, 0x0,

    /* U+00DD "Ý" */
    0x0, 0x3, 0x30, 0x0, 0x1, 0x60, 0x0, 0xb9,
    0x0, 0x8c, 0x2, 0xf2, 0x1f, 0x30, 0x9, 0xa9,
    0x90, 0x0, 0x1e, 0xf1, 0x0, 0x0, 0x9a, 0x0,
    0x0, 0x8, 0x90, 0x0, 0x0, 0x89, 0x0, 0x0,

    /* U+00DE "Þ" */
    0x4d, 0x0, 0x0, 0x4d, 0x0, 0x0, 0x4f, 0xff,
    0xc2, 0x4d, 0x0, 0x9b, 0x4d, 0x0, 0x9b, 0x4f,
    0xff, 0xc2, 0x4d, 0x0, 0x0,

    /* U+00DF "ß" */
    0x9, 0xdc, 0x30, 0x3e, 0x4, 0xb0, 0x4c, 0x5,
    0xa0, 0x4c, 0x5f, 0x80, 0x4c, 0x1, 0xb8, 0x4c,
    0x0, 0x99, 0x4c, 0x3d, 0xb2,

    /* U+00E0 "à" */
    0x9, 0x50, 0x0, 0x4, 0x0, 0x1b, 0xcc, 0x21,
    0x40, 0x79, 0x2b, 0xbc, 0xba, 0x80, 0x8b, 0x4d,
    0xb9, 0xc0,

    /* U+00E1 "á" */
    0x0, 0x1c, 0x0, 0x3, 0x10, 0x1b, 0xcc, 0x21,
    0x40, 0x79, 0x2b, 0xbc, 0xba, 0x80, 0x8b, 0x4d,
    0xb9, 0xc0,

    /* U+00E2 "â" */
    0x4, 0xc7, 0x0, 0x40, 0x41, 0x1b, 0xcc, 0x21,
    0x40, 0x79, 0x2b, 0xbc, 0xba, 0x80, 0x8b, 0x4d,
    0xb9, 0xc0,

    /* U+00E3 "ã" */
    0x9, 0xaa, 0x20, 0x0, 0x0, 0x1b, 0xcc, 0x21,
    0x40, 0x79, 0x2b, 0xbc, 0xba, 0x80, 0x8b, 0x4d,
    0xb9, 0xc0,

    /* U+00E4 "ä" */
    0xc, 0x2d, 0x10, 0x10, 0x10, 0x1b, 0xcc, 0x21,
    0x40, 0x79, 0x2b, 0xbc, 0xba, 0x80, 0x8b, 0x4d,
    0xb9, 0xc0,

    /* U+00E5 "å" */
    0x2, 0xa5, 0x0, 0x73, 0xa0, 0x2, 0xa5, 0x1,
    0xbc, 0xc2, 0x14, 0x7, 0x92, 0xbb, 0xcb, 0xa8,
    0x8, 0xb4, 0xdb, 0x9c,

    /* U+00E6 "æ" */
    0xb, 0xcc, 0x7c, 0xd7, 0x1, 0x50, 0x6e, 0x0,
    0xd3, 0x19, 0xbc, 0xeb, 0xbc, 0x5a, 0x90, 0x8e,
    0x10, 0x20, 0x4e, 0xd9, 0x6d, 0xe8, 0x0,

    /* U+00E7 "ç" */
    0xa, 0xed, 0x47, 0xc0, 0x23, 0xa8, 0x0, 0x7,
    0xb0, 0x22, 0xb, 0xed, 0x30, 0x7, 0x20, 0x1,
    0x78, 0x0,

    /* U+00E8 "è" */
    0x5, 0x80, 0x0, 0x0, 0x40, 0x0, 0x9, 0xdd,
    0x40, 0x7b, 0x2, 0xe0, 0xad, 0xcc, 0xd2, 0x7b,
    0x1, 0x10, 0x9, 0xed, 0x50,

    /* U+00E9 "é" */
    0x0, 0xb, 0x20, 0x0, 0x23, 0x0, 0x9, 0xdd,
    0x40, 0x7b, 0x2, 0xe0, 0xad, 0xcc, 0xd2, 0x7b,
    0x1, 0x10, 0x9, 0xed, 0x50,

    /* U+00EA "ê" */
    0x1, 0xba, 0x0, 0x3, 0x13, 0x20, 0x9, 0xdd,
    0x40, 0x7b, 0x2, 0xe0, 0xad, 0xcc, 0xd2, 0x7b,
    0x1, 0x10, 0x9, 0xed, 0x50,

    /* U+00EB "ë" */
    0x8, 0x6a, 0x40, 0x1, 0x1, 0x0, 0x9, 0xdd,
    0x40, 0x7b, 0x2, 0xe0, 0xad, 0xcc, 0xd2, 0x7b,
    0x1, 0x10, 0x9, 0xed, 0x50,

    /* U+00EC "ì" */
    0xb2, 0x1, 0x30, 0xaf, 0x0, 0xf0, 0xf, 0x0,
    0xf0, 0xf, 0x0,

    /* U+00ED "í" */
    0x4, 0x90, 0x30, 0xaf, 0x0, 0xf0, 0xf, 0x0,
    0xf0, 0xf, 0x0,

    /* U+00EE "î" */
    0x7, 0xc5, 0x0, 0x30, 0x30, 0xa, 0xf0, 0x0,
    0xf, 0x0, 0x0, 0xf0, 0x0, 0xf, 0x0, 0x0,
    0xf0, 0x0,

    /* U+00EF "ï" */
    0xd, 0x2d, 0x0, 0x10, 0x10, 0x9, 0xf1, 0x0,
    0xf, 0x10, 0x0, 0xf1, 0x0, 0xf, 0x10, 0x0,
    0xf1, 0x0,

    /* U+00F0 "ð" */
    0x0, 0x0, 0x0, 0x4, 0xea, 0x50, 0x0, 0x38,
    0xb0, 0x9, 0xda, 0xe1, 0x7c, 0x4, 0xf4, 0xa7,
    0x0, 0xe3, 0x7b, 0x3, 0xe0, 0x9, 0xdd, 0x40,

    /* U+00F1 "ñ" */
    0x7, 0xa2, 0x60, 0x91, 0xa2, 0x5c, 0xae, 0x75,
    0xe0, 0x3e, 0x5b, 0x2, 0xf5, 0xb0, 0x2f, 0x5b,
    0x2, 0xf0,

    /* U+00F2 "ò" */
    0x7, 0x70, 0x0, 0x0, 0x40, 0x0, 0x9, 0xed,
    0x40, 0x7c, 0x3, 0xf1, 0xa8, 0x0, 0xe3, 0x7c,
    0x2, 0xf1, 0x9, 0xed, 0x40,

    /* U+00F3 "ó" */
    0x0, 0xc, 0x10, 0x0, 0x22, 0x0, 0x9, 0xed,
    0x40, 0x7c, 0x3, 0xf1, 0xa8, 0x0, 0xe3, 0x7c,
    0x2, 0xf1, 0x9, 0xed, 0x40,

    /* U+00F4 "ô" */
    0x2, 0xc9, 0x0, 0x3, 0x13, 0x10, 0x9, 0xed,
    0x40, 0x7c, 0x3, 0xf1, 0xa8, 0x0, 0xe3, 0x7c,
    0x2, 0xf1, 0x9, 0xed, 0x40,

    /* U+00F5 "õ" */
    0x7, 0xaa, 0x30, 0x0, 0x0, 0x0, 0x9, 0xed,
    0x40, 0x7c, 0x3, 0xf1, 0xa8, 0x0, 0xe3, 0x7c,
    0x2, 0xf1, 0x9, 0xed, 0x40,

    /* U+00F6 "ö" */
    0xa, 0x5b, 0x30, 0x1, 0x1, 0x0, 0x9, 0xed,
    0x40, 0x7c, 0x3, 0xf1, 0xa8, 0x0, 0xe3, 0x7c,
    0x2, 0xf1, 0x9, 0xed, 0x40,

    /* U+00F7 "÷" */
    0x0, 0x88, 0x0, 0x0, 0x22, 0x0, 0x7f, 0xff,
    0xf7, 0x0, 0x22, 0x0, 0x0, 0x88, 0x0,

    /* U+00F8 "ø" */
    0x0, 0x0, 0x0, 0x9, 0xed, 0xb0, 0x7c, 0xa,
    0xf1, 0xa8, 0x83, 0xe3, 0x7e, 0x42, 0xf1, 0x4b,
    0xed, 0x50, 0x0, 0x0, 0x0,

    /* U+00F9 "ù" */
    0x7, 0x60, 0x0, 0x4, 0x0, 0x5b, 0x3, 0xd5,
    0xb0, 0x3d, 0x5b, 0x3, 0xd4, 0xd0, 0x6d, 0xc,
    0xe9, 0xd0,

    /* U+00FA "ú" */
    0x0, 0x1c, 0x0, 0x2, 0x10, 0x5b, 0x3, 0xd5,
    0xb0, 0x3d, 0x5b, 0x3, 0xd4, 0xd0, 0x6d, 0xc,
    0xe9, 0xd0,

    /* U+00FB "û" */
    0x3, 0xb9, 0x0, 0x30, 0x21, 0x5b, 0x3, 0xd5,
    0xb0, 0x3d, 0x5b, 0x3, 0xd4, 0xd0, 0x6d, 0xc,
    0xe9, 0xd0,

    /* U+00FC "ü" */
    0xa, 0x4c, 0x20, 0x10, 0x10, 0x5b, 0x3, 0xd5,
    0xb0, 0x3d, 0x5b, 0x3, 0xd4, 0xd0, 0x6d, 0xc,
    0xe9, 0xd0,

    /* U+00FD "ý" */
    0x0, 0x49, 0x0, 0x3, 0x0, 0xb6, 0x9, 0x86,
    0xb0, 0xe3, 0x1f, 0x3d, 0x0, 0xbc, 0x80, 0x5,
    0xf3, 0x0, 0x2d, 0x0, 0x6d, 0x50, 0x0,

    /* U+00FE "þ" */
    0x5b, 0x0, 0x0, 0x5b, 0x0, 0x0, 0x5c, 0xbe,
    0x80, 0x5e, 0x11, 0xe4, 0x5b, 0x0, 0xb6, 0x5e,
    0x11, 0xe4, 0x5c, 0xbe, 0x80, 0x5b, 0x0, 0x0,
    0x5b, 0x0, 0x0,

    /* U+00FF "ÿ" */
    0xd, 0x2c, 0x0, 0x10, 0x10, 0xb6, 0x9, 0x86,
    0xb0, 0xe3, 0x1f, 0x3d, 0x0, 0xbc, 0x80, 0x5,
    0xf3, 0x0, 0x2d, 0x0, 0x6d, 0x50, 0x0,

    /* U+0100 "Ā" */
    0x2, 0xcc, 0x70, 0x0, 0x9, 0xf1, 0x0, 0x0,
    0xee, 0x60, 0x0, 0x4e, 0x6c, 0x0, 0xa, 0x91,
    0xf2, 0x0, 0xf4, 0xd, 0x70, 0x6f, 0xff, 0xfd,
    0xb, 0x80, 0x1, 0xf3,

    /* U+0101 "ā" */
    0x9, 0xcc, 0x0, 0x0, 0x0, 0x1b, 0xcc, 0x21,
    0x40, 0x79, 0x2b, 0xbc, 0xba, 0x80, 0x8b, 0x4d,
    0xb9, 0xc0,

    /* U+0102 "Ă" */
    0x1, 0x51, 0x40, 0x0, 0x9, 0xb3, 0x0, 0x0,
    0x9f, 0x10, 0x0, 0xe, 0xe6, 0x0, 0x4, 0xe6,
    0xc0, 0x0, 0xa9, 0x1f, 0x20, 0xf, 0x40, 0xd7,
    0x6, 0xff, 0xff, 0xd0, 0xb8, 0x0, 0x1f, 0x30,

    /* U+0103 "ă" */
    0x6, 0xa9, 0x0, 0x0, 0x0, 0x1b, 0xcc, 0x21,
    0x40, 0x79, 0x2b, 0xbc, 0xba, 0x80, 0x8b, 0x4d,
    0xb9, 0xc0,

    /* U+0104 "Ą" */
    0x0, 0x9f, 0x10, 0x0, 0xe, 0xe6, 0x0, 0x4,
    0xe6, 0xc0, 0x0, 0xa9, 0x1f, 0x20, 0xf, 0x40,
    0xd7, 0x6, 0xff, 0xff, 0xd0, 0xb8, 0x0, 0x1f,
    0x30, 0x0, 0x3, 0xb0, 0x0, 0x0, 0x3c, 0x30,

    /* U+0105 "ą" */
    0x1b, 0xcc, 0x31, 0x40, 0x79, 0x2b, 0xbc, 0xba,
    0x80, 0x8b, 0x4d, 0xb9, 0xc0, 0x0, 0xb2, 0x0,
    0xa, 0x80,

    /* U+0106 "Ć" */
    0x0, 0x0, 0x60, 0x0, 0x0, 0x44, 0x0, 0x3,
    0xcf, 0xd4, 0x2, 0xf5, 0x4, 0xb0, 0x7c, 0x0,
    0x0, 0x9, 0xa0, 0x0, 0x0, 0x7c, 0x0, 0x0,
    0x2, 0xf5, 0x4, 0xc0, 0x4, 0xdf, 0xd5, 0x0,

    /* U+0107 "ć" */
    0x0, 0xc, 0x10, 0x2, 0x20, 0x9, 0xed, 0x47,
    0xc0, 0x23, 0xa8, 0x0, 0x7, 0xc0, 0x23, 0xa,
    0xed, 0x30,

    /* U+010A "Ċ" */
    0x0, 0xd, 0x10, 0x0, 0x0, 0x10, 0x0, 0x3,
    0xcf, 0xd4, 0x2, 0xf5, 0x4, 0xb0, 0x7c, 0x0,
    0x0, 0x9, 0xa0, 0x0, 0x0, 0x7c, 0x0, 0x0,
    0x2, 0xf5, 0x4, 0xc0, 0x4, 0xdf, 0xd5, 0x0,

    /* U+010B "ċ" */
    0x0, 0xa4, 0x0, 0x1, 0x0, 0x9, 0xed, 0x47,
    0xc0, 0x23, 0xa8, 0x0, 0x7, 0xc0, 0x23, 0xa,
    0xed, 0x30,

    /* U+010C "Č" */
    0x0, 0x63, 0x60, 0x0, 0x1, 0x61, 0x0, 0x3,
    0xcf, 0xd4, 0x2, 0xf5, 0x4, 0xb0, 0x7c, 0x0,
    0x0, 0x9, 0xa0, 0x0, 0x0, 0x7c, 0x0, 0x0,
    0x2, 0xf5, 0x4, 0xc0, 0x4, 0xdf, 0xd5, 0x0,

    /* U+010D "č" */
    0x6, 0xac, 0x10, 0x3, 0x10, 0x9, 0xed, 0x47,
    0xc0, 0x23, 0xa8, 0x0, 0x7, 0xc0, 0x23, 0xa,
    0xed, 0x30,

    /* U+010E "Ď" */
    0x1, 0x64, 0x40, 0x0, 0x3, 0x60, 0x0, 0x4f,
    0xfe, 0xa2, 0x4, 0xd0, 0x9, 0xd0, 0x4d, 0x0,
    0xe, 0x44, 0xd0, 0x0, 0xd5, 0x4d, 0x0, 0xe,
    0x44, 0xd0, 0x9, 0xe0, 0x4f, 0xfe, 0xa2, 0x0,

    /* U+010F "ď" */
    0x0, 0x0, 0xf3, 0xa0, 0x0, 0xf, 0x54, 0xb,
    0xe9, 0xf2, 0x7, 0xc0, 0x3f, 0x20, 0xa8, 0x0,
    0xf2, 0x7, 0xc0, 0x2f, 0x20, 0xb, 0xea, 0xd3,
    0x0,

    /* U+0110 "Đ" */
    0x1f, 0xfe, 0xb3, 0x1, 0xf1, 0x6, 0xf2, 0x1f,
    0x10, 0xb, 0x7b, 0xff, 0xb0, 0xa8, 0x1f, 0x10,
    0xb, 0x71, 0xf1, 0x6, 0xf2, 0x1f, 0xfe, 0xb3,
    0x0,

    /* U+0111 "đ" */
    0x0, 0x0, 0xf2, 0x0, 0x4b, 0xfb, 0xb, 0xe9,
    0xf2, 0x7c, 0x3, 0xf2, 0xa8, 0x0, 0xf2, 0x7c,
    0x2, 0xf2, 0xb, 0xea, 0xd3,

    /* U+0112 "Ē" */
    0x3, 0xcc, 0x60, 0x4f, 0xff, 0xf6, 0x4d, 0x0,
    0x0, 0x4d, 0x0, 0x0, 0x4f, 0xff, 0x50, 0x4d,
    0x0, 0x0, 0x4d, 0x0, 0x0, 0x4f, 0xff, 0xf6,

    /* U+0113 "ē" */
    0x6, 0xcc, 0x30, 0x0, 0x0, 0x0, 0x9, 0xdd,
    0x40, 0x7b, 0x2, 0xe0, 0xad, 0xcc, 0xd2, 0x7b,
    0x1, 0x10, 0x9, 0xed, 0x50,

    /* U+0116 "Ė" */
    0x0, 0x58, 0x0, 0x4f, 0xff, 0xf6, 0x4d, 0x0,
    0x0, 0x4d, 0x0, 0x0, 0x4f, 0xff, 0x50, 0x4d,
    0x0, 0x0, 0x4d, 0x0, 0x0, 0x4f, 0xff, 0xf6,

    /* U+0117 "ė" */
    0x0, 0x95, 0x0, 0x0, 0x10, 0x0, 0x9, 0xdd,
    0x40, 0x7b, 0x2, 0xe0, 0xad, 0xcc, 0xd2, 0x7b,
    0x1, 0x10, 0x9, 0xed, 0x50,

    /* U+0118 "Ę" */
    0x4f, 0xff, 0xf6, 0x4d, 0x0, 0x0, 0x4d, 0x0,
    0x0, 0x4f, 0xff, 0x50, 0x4d, 0x0, 0x0, 0x4d,
    0x0, 0x0, 0x4f, 0xff, 0xf6, 0x0, 0x2, 0xb0,
    0x0, 0x2, 0xd4,

    /* U+0119 "ę" */
    0x9, 0xdd, 0x40, 0x7b, 0x2, 0xe0, 0xad, 0xcc,
    0xd2, 0x7b, 0x1, 0x10, 0x9, 0xef, 0x70, 0x0,
    0x3b, 0x0, 0x0, 0x2d, 0x40,

    /* U+011A "Ě" */
    0x2, 0x54, 0x30, 0x0, 0x45, 0x0, 0x4f, 0xff,
    0xf6, 0x4d, 0x0, 0x0, 0x4d, 0x0, 0x0, 0x4f,
    0xff, 0x50, 0x4d, 0x0, 0x0, 0x4d, 0x0, 0x0,
    0x4f, 0xff, 0xf6,

    /* U+011B "ě" */
    0x5, 0xac, 0x20, 0x0, 0x21, 0x0, 0x9, 0xdd,
    0x40, 0x7b, 0x2, 0xe0, 0xad, 0xcc, 0xd2, 0x7b,
    0x1, 0x10, 0x9, 0xed, 0x50,

    /* U+011E "Ğ" */
    0x0, 0x60, 0x60, 0x0, 0x5, 0xc6, 0x0, 0x3,
    0xcf, 0xd5, 0x2, 0xf5, 0x3, 0xa0, 0x7b, 0x0,
    0x0, 0x9, 0x90, 0x6f, 0xf7, 0x7c, 0x0, 0xa,
    0x82, 0xf5, 0x3, 0xf8, 0x4, 0xdf, 0xc8, 0x80,

    /* U+011F "ğ" */
    0x7, 0x49, 0x20, 0x1, 0xb8, 0x0, 0xb, 0xd9,
    0xe1, 0x7b, 0x3, 0xf1, 0xa7, 0x0, 0xf1, 0x7b,
    0x3, 0xf1, 0xb, 0xd9, 0xf1, 0x5, 0x2, 0xe0,
    0x8, 0xdc, 0x40,

    /* U+0120 "Ġ" */
    0x0, 0xe, 0x0, 0x0, 0x0, 0x10, 0x0, 0x3,
    0xcf, 0xd5, 0x2, 0xf5, 0x3, 0xa0, 0x7b, 0x0,
    0x0, 0x9, 0x90, 0x6f, 0xf7, 0x7c, 0x0, 0xa,
    0x82, 0xf5, 0x3, 0xf8, 0x4, 0xdf, 0xc8, 0x80,

    /* U+0121 "ġ" */
    0x0, 0x95, 0x0, 0x0, 0x10, 0x0, 0xb, 0xd9,
    0xe1, 0x7b, 0x3, 0xf1, 0xa7, 0x0, 0xf1, 0x7b,
    0x3, 0xf1, 0xb, 0xd9, 0xf1, 0x5, 0x2, 0xe0,
    0x8, 0xdc, 0x40,

    /* U+0122 "Ģ" */
    0x3, 0xcf, 0xd5, 0x2, 0xf5, 0x3, 0xa0, 0x7b,
    0x0, 0x0, 0x9, 0x90, 0x6f, 0xf7, 0x7c, 0x0,
    0xa, 0x82, 0xf5, 0x3, 0xf8, 0x4, 0xdf, 0xc8,
    0x80, 0x0, 0x60, 0x0, 0x0, 0x9, 0x30, 0x0,
    0x1, 0x50, 0x0,

    /* U+0123 "ģ" */
    0x0, 0x35, 0x0, 0x0, 0xc1, 0x0, 0x0, 0x31,
    0x0, 0xb, 0xd9, 0xe1, 0x7b, 0x3, 0xf1, 0xa7,
    0x0, 0xf1, 0x7b, 0x3, 0xf1, 0xb, 0xd9, 0xf1,
    0x5, 0x2, 0xe0, 0x8, 0xdc, 0x40,

    /* U+0126 "Ħ" */
    0x4d, 0x0, 0xe, 0x4c, 0xfd, 0xdd, 0xfb, 0x4d,
    0x0, 0xe, 0x44, 0xff, 0xff, 0xf4, 0x4d, 0x0,
    0xe, 0x44, 0xd0, 0x0, 0xe4, 0x4d, 0x0, 0xe,
    0x40,

    /* U+0127 "ħ" */
    0x5, 0xb0, 0x0, 0x2c, 0xeb, 0x20, 0x5, 0xcb,
    0xe7, 0x5, 0xe0, 0x4e, 0x5, 0xb0, 0x2f, 0x5,
    0xb0, 0x2f, 0x5, 0xb0, 0x2f,

    /* U+012A "Ī" */
    0x4c, 0xc5, 0x6e, 0xe7, 0x8, 0x90, 0x8, 0x90,
    0x8, 0x90, 0x8, 0x90, 0x8, 0x90, 0x6e, 0xe7,

    /* U+012B "ī" */
    0xbc, 0xa0, 0x0, 0xaf, 0x0, 0xf0, 0xf, 0x0,
    0xf0, 0xf, 0x0,

    /* U+012E "Į" */
    0x6e, 0xe7, 0x8, 0x90, 0x8, 0x90, 0x8, 0x90,
    0x8, 0x90, 0x8, 0x90, 0x6e, 0xe7, 0x1, 0xc1,
    0x1, 0xd5,

    /* U+012F "į" */
    0x2e, 0x0, 0x40, 0xaf, 0x0, 0xf0, 0xf, 0x0,
    0xf0, 0xf, 0x6, 0x80, 0x8b, 0x0,

    /* U+0130 "İ" */
    0x6, 0x70, 0x6e, 0xe7, 0x8, 0x90, 0x8, 0x90,
    0x8, 0x90, 0x8, 0x90, 0x8, 0x90, 0x6e, 0xe7,

    /* U+0131 "ı" */
    0xaf, 0x0, 0xf0, 0xf, 0x0, 0xf0, 0xf, 0x0,

    /* U+0132 "Ĳ" */
    0x6e, 0xe7, 0x0, 0x7, 0xa0, 0x89, 0x0, 0x0,
    0x7a, 0x8, 0x90, 0x0, 0x7, 0xa0, 0x89, 0x0,
    0x0, 0x7a, 0x8, 0x90, 0x0, 0x7, 0xa0, 0x89,
    0xb, 0x70, 0xa7, 0x6e, 0xe7, 0x2c, 0xdb, 0x0,

    /* U+0133 "ĳ" */
    0x2e, 0x8, 0x80, 0x40, 0x22, 0xaf, 0x8, 0x80,
    0xf0, 0x88, 0xf, 0x8, 0x80, 0xf0, 0x88, 0xf,
    0x8, 0x80, 0x0, 0x98, 0x0, 0xdd, 0x30,

    /* U+0136 "Ķ" */
    0x4d, 0x0, 0xba, 0x4, 0xd0, 0x9c, 0x0, 0x4d,
    0x7d, 0x10, 0x4, 0xff, 0xd0, 0x0, 0x4f, 0x3c,
    0x90, 0x4, 0xd0, 0x2f, 0x40, 0x4d, 0x0, 0x6e,
    0x10, 0x0, 0x40, 0x0, 0x0, 0xd, 0x0, 0x0,
    0x3, 0x40, 0x0,

    /* U+0137 "ķ" */
    0x5b, 0x0, 0x0, 0x5b, 0x0, 0x0, 0x5b, 0xc,
    0x60, 0x5b, 0xb8, 0x0, 0x5f, 0xf4, 0x0, 0x5c,
    0x4e, 0x10, 0x5b, 0x8, 0xb0, 0x0, 0x50, 0x0,
    0x0, 0x85, 0x0, 0x1, 0x60, 0x0,

    /* U+0139 "Ĺ" */
    0x0, 0x5, 0x0, 0x0, 0x35, 0x0, 0x4d, 0x0,
    0x0, 0x4d, 0x0, 0x0, 0x4d, 0x0, 0x0, 0x4d,
    0x0, 0x0, 0x4d, 0x0, 0x0, 0x4d, 0x0, 0x0,
    0x4f, 0xff, 0xf4,

    /* U+013A "ĺ" */
    0x7, 0x70, 0x60, 0x6b, 0x6, 0xb0, 0x6b, 0x6,
    0xb0, 0x6b, 0x5, 0xb0, 0x3e, 0x90,

    /* U+013B "Ļ" */
    0x4d, 0x0, 0x0, 0x4d, 0x0, 0x0, 0x4d, 0x0,
    0x0, 0x4d, 0x0, 0x0, 0x4d, 0x0, 0x0, 0x4d,
    0x0, 0x0, 0x4f, 0xff, 0xf4, 0x0, 0x41, 0x0,
    0x0, 0x67, 0x0, 0x0, 0x60, 0x0,

    /* U+013C "ļ" */
    0x6b, 0x6, 0xb0, 0x6b, 0x6, 0xb0, 0x6b, 0x5,
    0xb0, 0x3e, 0x90, 0x50, 0xc, 0x12, 0x40,

    /* U+013D "Ľ" */
    0x4d, 0x1a, 0x0, 0x4d, 0x24, 0x0, 0x4d, 0x0,
    0x0, 0x4d, 0x0, 0x0, 0x4d, 0x0, 0x0, 0x4d,
    0x0, 0x0, 0x4f, 0xff, 0xf4,

    /* U+013E "ľ" */
    0x6b, 0x83, 0x6b, 0x70, 0x6b, 0x0, 0x6b, 0x0,
    0x6b, 0x0, 0x5b, 0x0, 0x3e, 0x90,

    /* U+0141 "Ł" */
    0xf, 0x20, 0x0, 0xf, 0x21, 0x0, 0xf, 0x8c,
    0x0, 0x2f, 0x91, 0x0, 0xbf, 0x20, 0x0, 0xf,
    0x20, 0x0, 0xf, 0xff, 0xf9,

    /* U+0142 "ł" */
    0x3e, 0x3, 0xe0, 0x3e, 0x45, 0xf6, 0x7e, 0x2,
    0xe0, 0xd, 0xc0,

    /* U+0143 "Ń" */
    0x0, 0x0, 0x60, 0x0, 0x0, 0x43, 0x0, 0x4f,
    0x80, 0xd, 0x54, 0xee, 0x10, 0xd5, 0x4d, 0x99,
    0xd, 0x54, 0xd1, 0xe1, 0xd5, 0x4d, 0x8, 0x9d,
    0x54, 0xd0, 0x1e, 0xe5, 0x4d, 0x0, 0x8f, 0x50,

    /* U+0144 "ń" */
    0x0, 0x1c, 0x10, 0x2, 0x20, 0x5c, 0xae, 0x75,
    0xe0, 0x3e, 0x5b, 0x2, 0xf5, 0xb0, 0x2f, 0x5b,
    0x2, 0xf0,

    /* U+0145 "Ņ" */
    0x4f, 0x80, 0xd, 0x54, 0xee, 0x10, 0xd5, 0x4d,
    0x99, 0xd, 0x54, 0xd1, 0xe1, 0xd5, 0x4d, 0x8,
    0x9d, 0x54, 0xd0, 0x1e, 0xe5, 0x4d, 0x0, 0x8f,
    0x50, 0x0, 0x50, 0x0, 0x0, 0x9, 0x30, 0x0,
    0x1, 0x50, 0x0,

    /* U+0146 "ņ" */
    0x5c, 0xae, 0x75, 0xe0, 0x3e, 0x5b, 0x2, 0xf5,
    0xb0, 0x2f, 0x5b, 0x2, 0xf0, 0x3, 0x10, 0x0,
    0x58, 0x0, 0x6, 0x10,

    /* U+0147 "Ň" */
    0x0, 0x63, 0x60, 0x0, 0x1, 0x61, 0x0, 0x4f,
    0x80, 0xd, 0x54, 0xee, 0x10, 0xd5, 0x4d, 0x99,
    0xd, 0x54, 0xd1, 0xe1, 0xd5, 0x4d, 0x8, 0x9d,
    0x54, 0xd0, 0x1e, 0xe5, 0x4d, 0x0, 0x8f, 0x50,

    /* U+0148 "ň" */
    0x6, 0xab, 0x10, 0x2, 0x0, 0x5c, 0xae, 0x75,
    0xe0, 0x3e, 0x5b, 0x2, 0xf5, 0xb0, 0x2f, 0x5b,
    0x2, 0xf0,

    /* U+0150 "Ő" */
    0x0, 0xc, 0x4a, 0x0, 0x3, 0x45, 0x10, 0x3,
    0xcf, 0xd6, 0x1, 0xf6, 0x3, 0xe5, 0x7b, 0x0,
    0x7, 0xb9, 0x90, 0x0, 0x5d, 0x7b, 0x0, 0x7,
    0xb1, 0xf5, 0x3, 0xe5, 0x3, 0xcf, 0xd6, 0x0,

    /* U+0151 "ő" */
    0x0, 0xa5, 0xb0, 0x1, 0x33, 0x10, 0x9, 0xed,
    0x40, 0x7c, 0x3, 0xf1, 0xa8, 0x0, 0xe3, 0x7c,
    0x2, 0xf1, 0x9, 0xed, 0x40,

    /* U+0152 "Œ" */
    0x4, 0xdf, 0xbc, 0xff, 0xfb, 0x2f, 0x72, 0x8f,
    0x81, 0x11, 0x7b, 0x0, 0xc, 0x70, 0x0, 0x99,
    0x0, 0xa, 0xff, 0xb0, 0x7b, 0x0, 0xc, 0x70,
    0x0, 0x2f, 0x72, 0x8f, 0x81, 0x11, 0x4, 0xdf,
    0xbc, 0xff, 0xfc,

    /* U+0153 "œ" */
    0x9, 0xdd, 0x5a, 0xdc, 0x20, 0x7b, 0x2, 0xf8,
    0x4, 0xc0, 0xa8, 0x0, 0xec, 0xcc, 0xd0, 0x7c,
    0x3, 0xf8, 0x1, 0x10, 0x9, 0xed, 0x5a, 0xdd,
    0x30,

    /* U+0154 "Ŕ" */
    0x0, 0x3, 0x30, 0x0, 0x0, 0x61, 0x0, 0x4f,
    0xff, 0xc2, 0x4, 0xd0, 0x8, 0xc0, 0x4d, 0x0,
    0x9b, 0x4, 0xff, 0xfc, 0x20, 0x4d, 0xd, 0x70,
    0x4, 0xd0, 0x3f, 0x20, 0x4d, 0x0, 0x9c, 0x0,

    /* U+0155 "ŕ" */
    0x0, 0x94, 0x0, 0x30, 0x5a, 0xb6, 0x5f, 0x30,
    0x5c, 0x0, 0x5b, 0x0, 0x5b, 0x0,

    /* U+0158 "Ř" */
    0x2, 0x64, 0x30, 0x0, 0x4, 0x50, 0x0, 0x4f,
    0xff, 0xc2, 0x4, 0xd0, 0x8, 0xc0, 0x4d, 0x0,
    0x9b, 0x4, 0xff, 0xfc, 0x20, 0x4d, 0xd, 0x70,
    0x4, 0xd0, 0x3f, 0x20, 0x4d, 0x0, 0x9c, 0x0,

    /* U+0159 "ř" */
    0x3b, 0xb4, 0x1, 0x10, 0x5a, 0xb6, 0x5f, 0x30,
    0x5c, 0x0, 0x5b, 0x0, 0x5b, 0x0,

    /* U+015A "Ś" */
    0x0, 0x3, 0x20, 0x0, 0x16, 0x0, 0x8, 0xee,
    0x90, 0x6c, 0x11, 0x82, 0x6e, 0x51, 0x0, 0x7,
    0xdf, 0xb1, 0x0, 0x1, 0xb9, 0x6a, 0x0, 0xb8,
    0x9, 0xee, 0x90,

    /* U+015B "ś" */
    0x0, 0x3a, 0x0, 0x4, 0x0, 0x2c, 0xdb, 0x18,
    0xa0, 0x30, 0x19, 0xdb, 0x23, 0x30, 0x98, 0x3c,
    0xdc, 0x20,

    /* U+015E "Ş" */
    0x8, 0xee, 0x90, 0x6c, 0x11, 0x82, 0x6e, 0x40,
    0x0, 0x7, 0xdf, 0xa1, 0x0, 0x1, 0xb9, 0x6a,
    0x0, 0xb8, 0x1a, 0xee, 0x90, 0x0, 0x64, 0x0,
    0x0, 0x6a, 0x0,

    /* U+015F "ş" */
    0x2c, 0xdb, 0x18, 0xa0, 0x30, 0x19, 0xdb, 0x23,
    0x30, 0x98, 0x3d, 0xdc, 0x20, 0x8, 0x10, 0x2,
    0x85, 0x0,

    /* U+0160 "Š" */
    0x3, 0x55, 0x20, 0x0, 0x54, 0x0, 0x8, 0xee,
    0x90, 0x6c, 0x11, 0x82, 0x6e, 0x51, 0x0, 0x7,
    0xdf, 0xb1, 0x0, 0x1, 0xb9, 0x6a, 0x0, 0xb8,
    0x9, 0xee, 0x90,

    /* U+0161 "š" */
    0xa, 0x99, 0x0, 0x3, 0x0, 0x2c, 0xdb, 0x18,
    0xa0, 0x30, 0x19, 0xdb, 0x23, 0x30, 0x98, 0x3c,
    0xdc, 0x20,

    /* U+0162 "Ţ" */
    0xdf, 0xff, 0xfa, 0x0, 0xb7, 0x0, 0x0, 0xb7,
    0x0, 0x0, 0xb7, 0x0, 0x0, 0xb7, 0x0, 0x0,
    0xb7, 0x0, 0x0, 0xb7, 0x0, 0x0, 0x84, 0x0,
    0x0, 0x6a, 0x0,

    /* U+0163 "ţ" */
    0xf, 0x10, 0xaf, 0xd1, 0xf, 0x10, 0xf, 0x10,
    0xf, 0x10, 0xc, 0xe1, 0x7, 0x50, 0x5, 0xa0,

    /* U+0164 "Ť" */
    0x3, 0x46, 0x20, 0x0, 0x53, 0x0, 0xdf, 0xff,
    0xfa, 0x0, 0xb7, 0x0, 0x0, 0xb7, 0x0, 0x0,
    0xb7, 0x0, 0x0, 0xb7, 0x0, 0x0, 0xb7, 0x0,
    0x0, 0xb7, 0x0,

    /* U+0165 "ť" */
    0x0, 0x36, 0x5, 0x74, 0xf, 0x10, 0xaf, 0xd1,
    0xf, 0x10, 0xf, 0x10, 0xf, 0x10, 0xc, 0xe1,

    /* U+016A "Ū" */
    0x0, 0xbc, 0xa0, 0x5, 0xd0, 0x0, 0xf3, 0x5d,
    0x0, 0xf, 0x35, 0xd0, 0x0, 0xf3, 0x4d, 0x0,
    0xf, 0x24, 0xe0, 0x0, 0xf1, 0x1f, 0x40, 0x6e,
    0x0, 0x5d, 0xfd, 0x40,

    /* U+016B "ū" */
    0x7, 0xcc, 0x20, 0x0, 0x0, 0x5b, 0x3, 0xd5,
    0xb0, 0x3d, 0x5b, 0x3, 0xd4, 0xd0, 0x6d, 0xc,
    0xe9, 0xd0,

    /* U+016E "Ů" */
    0x0, 0x4b, 0x30, 0x0, 0xa, 0x38, 0x0, 0x5d,
    0x29, 0x2f, 0x35, 0xd0, 0x0, 0xf3, 0x5d, 0x0,
    0xf, 0x34, 0xd0, 0x0, 0xf2, 0x4e, 0x0, 0xf,
    0x11, 0xf4, 0x6, 0xe0, 0x5, 0xdf, 0xd4, 0x0,

    /* U+016F "ů" */
    0x1, 0xa6, 0x0, 0x55, 0xa0, 0x1, 0xa6, 0x5,
    0xb0, 0x3d, 0x5b, 0x3, 0xd5, 0xb0, 0x3d, 0x4d,
    0x6, 0xd0, 0xce, 0x9d,

    /* U+0170 "Ű" */
    0x0, 0x1c, 0x58, 0x0, 0x4, 0x26, 0x0, 0x5d,
    0x0, 0xf, 0x35, 0xd0, 0x0, 0xf3, 0x5d, 0x0,
    0xf, 0x34, 0xd0, 0x0, 0xf2, 0x4e, 0x0, 0xf,
    0x11, 0xf4, 0x6, 0xe0, 0x5, 0xdf, 0xd4, 0x0,

    /* U+0171 "ű" */
    0x0, 0xb5, 0xb0, 0x12, 0x30, 0x5b, 0x3, 0xd5,
    0xb0, 0x3d, 0x5b, 0x3, 0xd4, 0xd0, 0x6d, 0xc,
    0xe9, 0xd0,

    /* U+0172 "Ų" */
    0x5d, 0x0, 0xf, 0x35, 0xd0, 0x0, 0xf3, 0x5d,
    0x0, 0xf, 0x35, 0xd0, 0x0, 0xf3, 0x4e, 0x0,
    0xf, 0x21, 0xf4, 0x6, 0xf0, 0x5, 0xdf, 0xf8,
    0x0, 0x0, 0x5a, 0x0, 0x0, 0x3, 0xc3, 0x0,

    /* U+0173 "ų" */
    0x5b, 0x3, 0xd5, 0xb0, 0x3d, 0x5b, 0x3, 0xd4,
    0xd0, 0x6d, 0xc, 0xe9, 0xd0, 0x0, 0xb2, 0x0,
    0xb, 0x80,

    /* U+0174 "Ŵ" */
    0x0, 0x2, 0x60, 0x0, 0x0, 0x0, 0x63, 0x50,
    0x0, 0xb7, 0x6, 0xf1, 0xd, 0x67, 0xb0, 0x9f,
    0x40, 0xf2, 0x3e, 0xd, 0x98, 0x3e, 0x0, 0xf2,
    0xe3, 0xb7, 0xa0, 0xc, 0x9a, 0xe, 0xa7, 0x0,
    0x8f, 0x70, 0xcf, 0x30, 0x4, 0xf3, 0x9, 0xf0,
    0x0,

    /* U+0175 "ŵ" */
    0x0, 0x5c, 0x60, 0x0, 0x3, 0x3, 0x0, 0xb5,
    0x1f, 0x25, 0xc7, 0x95, 0xc6, 0x88, 0x2d, 0x95,
    0xac, 0x30, 0xed, 0xc, 0xe0, 0x9, 0xa0, 0xab,
    0x0,

    /* U+0176 "Ŷ" */
    0x0, 0x66, 0x0, 0x0, 0x24, 0x33, 0x0, 0xb9,
    0x0, 0x8c, 0x2, 0xf2, 0x1f, 0x30, 0x9, 0xa9,
    0x90, 0x0, 0x1e, 0xf1, 0x0, 0x0, 0x9a, 0x0,
    0x0, 0x8, 0x90, 0x0, 0x0, 0x89, 0x0, 0x0,

    /* U+0177 "ŷ" */
    0x7, 0xc4, 0x0, 0x30, 0x30, 0xb6, 0x9, 0x86,
    0xb0, 0xe3, 0x1f, 0x3d, 0x0, 0xbc, 0x80, 0x5,
    0xf3, 0x0, 0x2d, 0x0, 0x6d, 0x50, 0x0,

    /* U+0178 "Ÿ" */
    0x5, 0x87, 0x60, 0xb, 0x90, 0x8, 0xc0, 0x2f,
    0x21, 0xf3, 0x0, 0x9a, 0x99, 0x0, 0x1, 0xef,
    0x10, 0x0, 0x9, 0xa0, 0x0, 0x0, 0x89, 0x0,
    0x0, 0x8, 0x90, 0x0,

    /* U+0179 "Ź" */
    0x0, 0x3, 0x30, 0x0, 0x6, 0x10, 0x7f, 0xff,
    0xf8, 0x0, 0x3, 0xf2, 0x0, 0x1e, 0x60, 0x0,
    0xba, 0x0, 0x6, 0xe1, 0x0, 0x3f, 0x30, 0x0,
    0x9f, 0xff, 0xfb,

    /* U+017A "ź" */
    0x0, 0x49, 0x0, 0x3, 0x0, 0x7e, 0xef, 0x60,
    0x6, 0xd0, 0x4, 0xe2, 0x2, 0xe3, 0x0, 0x9f,
    0xee, 0x70,

    /* U+017B "Ż" */
    0x0, 0x67, 0x0, 0x7f, 0xff, 0xf8, 0x0, 0x3,
    0xf2, 0x0, 0x1e, 0x60, 0x0, 0xba, 0x0, 0x6,
    0xe1, 0x0, 0x3f, 0x30, 0x0, 0x9f, 0xff, 0xfb,

    /* U+017C "ż" */
    0x1, 0xd0, 0x0, 0x1, 0x0, 0x7e, 0xef, 0x60,
    0x6, 0xd0, 0x4, 0xe2, 0x2, 0xe3, 0x0, 0x9f,
    0xee, 0x70,

    /* U+017D "Ž" */
    0x2, 0x55, 0x30, 0x0, 0x45, 0x0, 0x7f, 0xff,
    0xf8, 0x0, 0x3, 0xf2, 0x0, 0x1e, 0x60, 0x0,
    0xba, 0x0, 0x6, 0xe1, 0x0, 0x3f, 0x30, 0x0,
    0x9f, 0xff, 0xfb,

    /* U+017E "ž" */
    0xb, 0xa8, 0x0, 0x2, 0x0, 0x7e, 0xef, 0x60,
    0x6, 0xd0, 0x4, 0xe2, 0x2, 0xe3, 0x0, 0x9f,
    0xee, 0x70,

    /* U+F0E0 "" */
    0x58, 0x88, 0x88, 0x88, 0x84, 0xff, 0xff, 0xff,
    0xff, 0xff, 0x6f, 0xff, 0xff, 0xff, 0xf6, 0xc5,
    0xdf, 0xff, 0xfd, 0x5c, 0xfe, 0x6a, 0xff, 0xa5,
    0xef, 0xff, 0xf9, 0x55, 0x9f, 0xff, 0xff, 0xff,
    0xff, 0xff, 0xff, 0xcf, 0xff, 0xff, 0xff, 0xfc
};


/*---------------------
 *  GLYPH DESCRIPTION
 *--------------------*/

static const lv_font_fmt_txt_glyph_dsc_t glyph_dsc[] = {
    {.bitmap_index = 0, .adv_w = 0, .box_w = 0, .box_h = 0, .ofs_x = 0, .ofs_y = 0} /* id = 0 reserved */,
    {.bitmap_index = 0, .adv_w = 47, .box_w = 0, .box_h = 0, .ofs_x = 0, .ofs_y = 0},
    {.bitmap_index = 0, .adv_w = 47, .box_w = 3, .box_h = 7, .ofs_x = 0, .ofs_y = 0},
    {.bitmap_index = 11, .adv_w = 54, .box_w = 3, .box_h = 3, .ofs_x = 0, .ofs_y = 4},
    {.bitmap_index = 16, .adv_w = 112, .box_w = 7, .box_h = 7, .ofs_x = 0, .ofs_y = 0},
    {.bitmap_index = 41, .adv_w = 96, .box_w = 6, .box_h = 9, .ofs_x = 0, .ofs_y = -1},
    {.bitmap_index = 68, .adv_w = 150, .box_w = 10, .box_h = 7, .ofs_x = 0, .ofs_y = 0},
    {.bitmap_index = 103, .adv_w = 117, .box_w = 8, .box_h = 7, .ofs_x = 0, .ofs_y = 0},
    {.bitmap_index = 131, .adv_w = 29, .box_w = 2, .box_h = 3, .ofs_x = 0, .ofs_y = 4},
    {.bitmap_index = 134, .adv_w = 50, .box_w = 3, .box_h = 9, .ofs_x = 0, .ofs_y = -2},
    {.bitmap_index = 148, .adv_w = 50, .box_w = 3, .box_h = 9, .ofs_x = 0, .ofs_y = -2},
    {.bitmap_index = 162, .adv_w = 78, .box_w = 5, .box_h = 4, .ofs_x = 0, .ofs_y = 3},
    {.bitmap_index = 172, .adv_w = 96, .box_w = 6, .box_h = 5, .ofs_x = 0, .ofs_y = 0},
    {.bitmap_index = 187, .adv_w = 38, .box_w = 2, .box_h = 3, .ofs_x = 0, .ofs_y = -1},
    {.bitmap_index = 190, .adv_w = 59, .box_w = 4, .box_h = 1, .ofs_x = 0, .ofs_y = 2},
    {.bitmap_index = 192, .adv_w = 38, .box_w = 2, .box_h = 2, .ofs_x = 0, .ofs_y = 0},
    {.bitmap_index = 194, .adv_w = 65, .box_w = 4, .box_h = 8, .ofs_x = 0, .ofs_y = -1},
    {.bitmap_index = 210, .adv_w = 104, .box_w = 6, .box_h = 7, .ofs_x = 0, .ofs_y = 0},
    {.bitmap_index = 231, .adv_w = 67, .box_w = 4, .box_h = 7, .ofs_x = 0, .ofs_y = 0},
    {.bitmap_index = 245, .adv_w = 90, .box_w = 6, .box_h = 7, .ofs_x = 0, .ofs_y = 0},
    {.bitmap_index = 266, .adv_w = 94, .box_w = 6, .box_h = 7, .ofs_x = 0, .ofs_y = 0},
    {.bitmap_index = 287, .adv_w = 99, .box_w = 6, .box_h = 7, .ofs_x = 0, .ofs_y = 0},
    {.bitmap_index = 308, .adv_w = 95, .box_w = 6, .box_h = 7, .ofs_x = 0, .ofs_y = 0},
    {.bitmap_index = 329, .adv_w = 97, .box_w = 6, .box_h = 7, .ofs_x = 0, .ofs_y = 0},
    {.bitmap_index = 350, .adv_w = 83, .box_w = 5, .box_h = 7, .ofs_x = 0, .ofs_y = 0},
    {.bitmap_index = 368, .adv_w = 99, .box_w = 6, .box_h = 7, .ofs_x = 0, .ofs_y = 0},
    {.bitmap_index = 389, .adv_w = 94, .box_w = 6, .box_h = 7, .ofs_x = 0, .ofs_y = 0},
    {.bitmap_index = 410, .adv_w = 38, .box_w = 2, .box_h = 5, .ofs_x = 0, .ofs_y = 0},
    {.bitmap_index = 415, .adv_w = 38, .box_w = 2, .box_h = 6, .ofs_x = 0, .ofs_y = -1},
    {.bitmap_index = 421, .adv_w = 90, .box_w = 6, .box_h = 6, .ofs_x = 0, .ofs_y = -1},
    {.bitmap_index = 439, .adv_w = 99, .box_w = 6, .box_h = 3, .ofs_x = 0, .ofs_y = 1},
    {.bitmap_index = 448, .adv_w = 90, .box_w = 6, .box_h = 6, .ofs_x = 0, .ofs_y = -1},
    {.bitmap_index = 466, .adv_w = 81, .box_w = 5, .box_h = 7, .ofs_x = 0, .ofs_y = 0},
    {.bitmap_index = 484, .adv_w = 125, .box_w = 8, .box_h = 7, .ofs_x = 0, .ofs_y = -1},
    {.bitmap_index = 512, .adv_w = 104, .box_w = 7, .box_h = 7, .ofs_x = 0, .ofs_y = 0},
    {.bitmap_index = 537, .adv_w = 100, .box_w = 6, .box_h = 7, .ofs_x = 0, .ofs_y = 0},
    {.bitmap_index = 558, .adv_w = 104, .box_w = 7, .box_h = 7, .ofs_x = 0, .ofs_y = 0},
    {.bitmap_index = 583, .adv_w = 108, .box_w = 7, .box_h = 7, .ofs_x = 0, .ofs_y = 0},
    {.bitmap_index = 608, .adv_w = 93, .box_w = 6, .box_h = 7, .ofs_x = 0, .ofs_y = 0},
    {.bitmap_index = 629, .adv_w = 89, .box_w = 6, .box_h = 7, .ofs_x = 0, .ofs_y = 0},
    {.bitmap_index = 650, .adv_w = 113, .box_w = 7, .box_h = 7, .ofs_x = 0, .ofs_y = 0},
    {.bitmap_index = 675, .adv_w = 112, .box_w = 7, .box_h = 7, .ofs_x = 0, .ofs_y = 0},
    {.bitmap_index = 700, .adv_w = 65, .box_w = 4, .box_h = 7, .ofs_x = 0, .ofs_y = 0},
    {.bitmap_index = 714, .adv_w = 85, .box_w = 5, .box_h = 7, .ofs_x = 0, .ofs_y = 0},
    {.bitmap_index = 732, .adv_w = 103, .box_w = 7, .box_h = 7, .ofs_x = 0, .ofs_y = 0},
    {.bitmap_index = 757, .adv_w = 87, .box_w = 6, .box_h = 7, .ofs_x = 0, .ofs_y = 0},
    {.bitmap_index = 778, .adv_w = 134, .box_w = 8, .box_h = 7, .ofs_x = 0, .ofs_y = 0},
    {.bitmap_index = 806, .adv_w = 112, .box_w = 7, .box_h = 7, .ofs_x = 0, .ofs_y = 0},
    {.bitmap_index = 831, .adv_w = 116, .box_w = 7, .box_h = 7, .ofs_x = 0, .ofs_y = 0},
    {.bitmap_index = 856, .adv_w = 97, .box_w = 6, .box_h = 7, .ofs_x = 0, .ofs_y = 0},
    {.bitmap_index = 877, .adv_w = 118, .box_w = 8, .box_h = 8, .ofs_x = 0, .ofs_y = -1},
    {.bitmap_index = 909, .adv_w = 100, .box_w = 7, .box_h = 7, .ofs_x = 0, .ofs_y = 0},
    {.bitmap_index = 934, .adv_w = 96, .box_w = 6, .box_h = 7, .ofs_x = 0, .ofs_y = 0},
    {.bitmap_index = 955, .adv_w = 92, .box_w = 6, .box_h = 7, .ofs_x = 0, .ofs_y = 0},
    {.bitmap_index = 976, .adv_w = 110, .box_w = 7, .box_h = 7, .ofs_x = 0, .ofs_y = 0},
    {.bitmap_index = 1001, .adv_w = 98, .box_w = 7, .box_h = 7, .ofs_x = 0, .ofs_y = 0},
    {.bitmap_index = 1026, .adv_w = 139, .box_w = 9, .box_h = 7, .ofs_x = 0, .ofs_y = 0},
    {.bitmap_index = 1058, .adv_w = 104, .box_w = 7, .box_h = 7, .ofs_x = 0, .ofs_y = 0},
    {.bitmap_index = 1083, .adv_w = 97, .box_w = 7, .box_h = 7, .ofs_x = 0, .ofs_y = 0},
    {.bitmap_index = 1108, .adv_w = 98, .box_w = 6, .box_h = 7, .ofs_x = 0, .ofs_y = 0},
    {.bitmap_index = 1129, .adv_w = 52, .box_w = 3, .box_h = 9, .ofs_x = 0, .ofs_y = -2},
    {.bitmap_index = 1143, .adv_w = 65, .box_w = 4, .box_h = 8, .ofs_x = 0, .ofs_y = -1},
    {.bitmap_index = 1159, .adv_w = 55, .box_w = 3, .box_h = 9, .ofs_x = 0, .ofs_y = -2},
    {.bitmap_index = 1173, .adv_w = 90, .box_w = 6, .box_h = 4, .ofs_x = 0, .ofs_y = 3},
    {.bitmap_index = 1185, .adv_w = 61, .box_w = 5, .box_h = 1, .ofs_x = -1, .ofs_y = -1},
    {.bitmap_index = 1188, .adv_w = 42, .box_w = 3, .box_h = 2, .ofs_x = 0, .ofs_y = 6},
    {.bitmap_index = 1191, .adv_w = 86, .box_w = 5, .box_h = 5, .ofs_x = 0, .ofs_y = 0},
    {.bitmap_index = 1204, .adv_w = 92, .box_w = 6, .box_h = 7, .ofs_x = 0, .ofs_y = 0},
    {.bitmap_index = 1225, .adv_w = 79, .box_w = 5, .box_h = 5, .ofs_x = 0, .ofs_y = 0},
    {.bitmap_index = 1238, .adv_w = 92, .box_w = 6, .box_h = 7, .ofs_x = 0, .ofs_y = 0},
    {.bitmap_index = 1259, .adv_w = 88, .box_w = 6, .box_h = 5, .ofs_x = 0, .ofs_y = 0},
    {.bitmap_index = 1274, .adv_w = 54, .box_w = 4, .box_h = 7, .ofs_x = 0, .ofs_y = 0},
    {.bitmap_index = 1288, .adv_w = 92, .box_w = 6, .box_h = 7, .ofs_x = 0, .ofs_y = -2},
    {.bitmap_index = 1309, .adv_w = 89, .box_w = 5, .box_h = 7, .ofs_x = 0, .ofs_y = 0},
    {.bitmap_index = 1327, .adv_w = 43, .box_w = 3, .box_h = 7, .ofs_x = 0, .ofs_y = 0},
    {.bitmap_index = 1338, .adv_w = 40, .box_w = 4, .box_h = 9, .ofs_x = -1, .ofs_y = -2},
    {.bitmap_index = 1356, .adv_w = 83, .box_w = 6, .box_h = 7, .ofs_x = 0, .ofs_y = 0},
    {.bitmap_index = 1377, .adv_w = 46, .box_w = 3, .box_h = 7, .ofs_x = 0, .ofs_y = 0},
    {.bitmap_index = 1388, .adv_w = 138, .box_w = 8, .box_h = 5, .ofs_x = 0, .ofs_y = 0},
    {.bitmap_index = 1408, .adv_w = 89, .box_w = 5, .box_h = 5, .ofs_x = 0, .ofs_y = 0},
    {.bitmap_index = 1421, .adv_w = 89, .box_w = 6, .box_h = 5, .ofs_x = 0, .ofs_y = 0},
    {.bitmap_index = 1436, .adv_w = 92, .box_w = 6, .box_h = 7, .ofs_x = 0, .ofs_y = -2},
    {.bitmap_index = 1457, .adv_w = 93, .box_w = 7, .box_h = 7, .ofs_x = 0, .ofs_y = -2},
    {.bitmap_index = 1482, .adv_w = 58, .box_w = 4, .box_h = 5, .ofs_x = 0, .ofs_y = 0},
    {.bitmap_index = 1492, .adv_w = 78, .box_w = 5, .box_h = 5, .ofs_x = 0, .ofs_y = 0},
    {.bitmap_index = 1505, .adv_w = 55, .box_w = 4, .box_h = 6, .ofs_x = 0, .ofs_y = 0},
    {.bitmap_index = 1517, .adv_w = 88, .box_w = 5, .box_h = 5, .ofs_x = 0, .ofs_y = 0},
    {.bitmap_index = 1530, .adv_w = 78, .box_w = 5, .box_h = 5, .ofs_x = 0, .ofs_y = 0},
    {.bitmap_index = 1543, .adv_w = 113, .box_w = 7, .box_h = 5, .ofs_x = 0, .ofs_y = 0},
    {.bitmap_index = 1561, .adv_w = 81, .box_w = 5, .box_h = 5, .ofs_x = 0, .ofs_y = 0},
    {.bitmap_index = 1574, .adv_w = 76, .box_w = 5, .box_h = 7, .ofs_x = 0, .ofs_y = -2},
    {.bitmap_index = 1592, .adv_w = 76, .box_w = 5, .box_h = 5, .ofs_x = 0, .ofs_y = 0},
    {.bitmap_index = 1605, .adv_w = 57, .box_w = 4, .box_h = 9, .ofs_x = 0, .ofs_y = -2},
    {.bitmap_index = 1623, .adv_w = 39, .box_w = 2, .box_h = 10, .ofs_x = 0, .ofs_y = -2},
    {.bitmap_index = 1633, .adv_w = 57, .box_w = 4, .box_h = 9, .ofs_x = 0, .ofs_y = -2},
    {.bitmap_index = 1651, .adv_w = 88, .box_w = 6, .box_h = 4, .ofs_x = 0, .ofs_y = 1},
    {.bitmap_index = 1663, .adv_w = 47, .box_w = 0, .box_h = 0, .ofs_x = 0, .ofs_y = 0},
    {.bitmap_index = 1663, .adv_w = 47, .box_w = 3, .box_h = 7, .ofs_x = 0, .ofs_y = -2},
    {.bitmap_index = 1674, .adv_w = 79, .box_w = 5, .box_h = 7, .ofs_x = 0, .ofs_y = -1},
    {.bitmap_index = 1692, .adv_w = 99, .box_w = 6, .box_h = 8, .ofs_x = 0, .ofs_y = -1},
    {.bitmap_index = 1716, .adv_w = 94, .box_w = 6, .box_h = 6, .ofs_x = 0, .ofs_y = 0},
    {.bitmap_index = 1734, .adv_w = 97, .box_w = 7, .box_h = 7, .ofs_x = 0, .ofs_y = 0},
    {.bitmap_index = 1759, .adv_w = 39, .box_w = 2, .box_h = 10, .ofs_x = 0, .ofs_y = -2},
    {.bitmap_index = 1769, .adv_w = 86, .box_w = 6, .box_h = 9, .ofs_x = 0, .ofs_y = -2},
    {.bitmap_index = 1796, .adv_w = 63, .box_w = 4, .box_h = 3, .ofs_x = 0, .ofs_y = 5},
    {.bitmap_index = 1802, .adv_w = 128, .box_w = 8, .box_h = 7, .ofs_x = 0, .ofs_y = 0},
    {.bitmap_index = 1830, .adv_w = 61, .box_w = 4, .box_h = 3, .ofs_x = 0, .ofs_y = 4},
    {.bitmap_index = 1836, .adv_w = 96, .box_w = 6, .box_h = 5, .ofs_x = 0, .ofs_y = 0},
    {.bitmap_index = 1851, .adv_w = 97, .box_w = 6, .box_h = 4, .ofs_x = 0, .ofs_y = 0},
    {.bitmap_index = 1863, .adv_w = 128, .box_w = 8, .box_h = 7, .ofs_x = 0, .ofs_y = 0},
    {.bitmap_index = 1891, .adv_w = 59, .box_w = 4, .box_h = 1, .ofs_x = 0, .ofs_y = 6},
    {.bitmap_index = 1893, .adv_w = 59, .box_w = 4, .box_h = 3, .ofs_x = 0, .ofs_y = 4},
    {.bitmap_index = 1899, .adv_w = 95, .box_w = 6, .box_h = 5, .ofs_x = 0, .ofs_y = 0},
    {.bitmap_index = 1914, .adv_w = 62, .box_w = 4, .box_h = 4, .ofs_x = 0, .ofs_y = 4},
    {.bitmap_index = 1922, .adv_w = 63, .box_w = 4, .box_h = 4, .ofs_x = 0, .ofs_y = 4},
    {.bitmap_index = 1930, .adv_w = 42, .box_w = 3, .box_h = 2, .ofs_x = 0, .ofs_y = 6},
    {.bitmap_index = 1933, .adv_w = 82, .box_w = 5, .box_h = 9, .ofs_x = 0, .ofs_y = -2},
    {.bitmap_index = 1956, .adv_w = 42, .box_w = 3, .box_h = 2, .ofs_x = 0, .ofs_y = 2},
    {.bitmap_index = 1959, .adv_w = 44, .box_w = 3, .box_h = 3, .ofs_x = 0, .ofs_y = -2},
    {.bitmap_index = 1964, .adv_w = 43, .box_w = 3, .box_h = 4, .ofs_x = 0, .ofs_y = 4},
    {.bitmap_index = 1970, .adv_w = 62, .box_w = 4, .box_h = 3, .ofs_x = 0, .ofs_y = 4},
    {.bitmap_index = 1976, .adv_w = 96, .box_w = 6, .box_h = 5, .ofs_x = 0, .ofs_y = 0},
    {.bitmap_index = 1991, .adv_w = 132, .box_w = 8, .box_h = 7, .ofs_x = 0, .ofs_y = 0},
    {.bitmap_index = 2019, .adv_w = 133, .box_w = 8, .box_h = 7, .ofs_x = 0, .ofs_y = 0},
    {.bitmap_index = 2047, .adv_w = 142, .box_w = 9, .box_h = 7, .ofs_x = 0, .ofs_y = 0},
    {.bitmap_index = 2079, .adv_w = 77, .box_w = 5, .box_h = 7, .ofs_x = 0, .ofs_y = -2},
    {.bitmap_index = 2097, .adv_w = 104, .box_w = 7, .box_h = 9, .ofs_x = 0, .ofs_y = 0},
    {.bitmap_index = 2129, .adv_w = 104, .box_w = 7, .box_h = 9, .ofs_x = 0, .ofs_y = 0},
    {.bitmap_index = 2161, .adv_w = 104, .box_w = 7, .box_h = 9, .ofs_x = 0, .ofs_y = 0},
    {.bitmap_index = 2193, .adv_w = 104, .box_w = 7, .box_h = 9, .ofs_x = 0, .ofs_y = 0},
    {.bitmap_index = 2225, .adv_w = 104, .box_w = 7, .box_h = 8, .ofs_x = 0, .ofs_y = 0},
    {.bitmap_index = 2253, .adv_w = 104, .box_w = 7, .box_h = 9, .ofs_x = 0, .ofs_y = 0},
    {.bitmap_index = 2285, .adv_w = 147, .box_w = 9, .box_h = 7, .ofs_x = 0, .ofs_y = 0},
    {.bitmap_index = 2317, .adv_w = 104, .box_w = 7, .box_h = 9, .ofs_x = 0, .ofs_y = -2},
    {.bitmap_index = 2349, .adv_w = 93, .box_w = 6, .box_h = 9, .ofs_x = 0, .ofs_y = 0},
    {.bitmap_index = 2376, .adv_w = 93, .box_w = 6, .box_h = 9, .ofs_x = 0, .ofs_y = 0},
    {.bitmap_index = 2403, .adv_w = 93, .box_w = 6, .box_h = 9, .ofs_x = 0, .ofs_y = 0},
    {.bitmap_index = 2430, .adv_w = 93, .box_w = 6, .box_h = 8, .ofs_x = 0, .ofs_y = 0},
    {.bitmap_index = 2454, .adv_w = 65, .box_w = 4, .box_h = 9, .ofs_x = 0, .ofs_y = 0},
    {.bitmap_index = 2472, .adv_w = 65, .box_w = 4, .box_h = 9, .ofs_x = 0, .ofs_y = 0},
    {.bitmap_index = 2490, .adv_w = 65, .box_w = 4, .box_h = 9, .ofs_x = 0, .ofs_y = 0},
    {.bitmap_index = 2508, .adv_w = 65, .box_w = 4, .box_h = 8, .ofs_x = 0, .ofs_y = 0},
    {.bitmap_index = 2524, .adv_w = 112, .box_w = 7, .box_h = 7, .ofs_x = 0, .ofs_y = 0},
    {.bitmap_index = 2549, .adv_w = 112, .box_w = 7, .box_h = 9, .ofs_x = 0, .ofs_y = 0},
    {.bitmap_index = 2581, .adv_w = 116, .box_w = 7, .box_h = 9, .ofs_x = 0, .ofs_y = 0},
    {.bitmap_index = 2613, .adv_w = 116, .box_w = 7, .box_h = 9, .ofs_x = 0, .ofs_y = 0},
    {.bitmap_index = 2645, .adv_w = 116, .box_w = 7, .box_h = 9, .ofs_x = 0, .ofs_y = 0},
    {.bitmap_index = 2677, .adv_w = 116, .box_w = 7, .box_h = 9, .ofs_x = 0, .ofs_y = 0},
    {.bitmap_index = 2709, .adv_w = 116, .box_w = 7, .box_h = 9, .ofs_x = 0, .ofs_y = 0},
    {.bitmap_index = 2741, .adv_w = 85, .box_w = 5, .box_h = 5, .ofs_x = 0, .ofs_y = 0},
    {.bitmap_index = 2754, .adv_w = 116, .box_w = 7, .box_h = 7, .ofs_x = 0, .ofs_y = 0},
    {.bitmap_index = 2779, .adv_w = 110, .box_w = 7, .box_h = 9, .ofs_x = 0, .ofs_y = 0},
    {.bitmap_index = 2811, .adv_w = 110, .box_w = 7, .box_h = 9, .ofs_x = 0, .ofs_y = 0},
    {.bitmap_index = 2843, .adv_w = 110, .box_w = 7, .box_h = 9, .ofs_x = 0, .ofs_y = 0},
    {.bitmap_index = 2875, .adv_w = 110, .box_w = 7, .box_h = 9, .ofs_x = 0, .ofs_y = 0},
    {.bitmap_index = 2907, .adv_w = 97, .box_w = 7, .box_h = 9, .ofs_x = 0, .ofs_y = 0},
    {.bitmap_index = 2939, .adv_w = 97, .box_w = 6, .box_h = 7, .ofs_x = 0, .ofs_y = 0},
    {.bitmap_index = 2960, .adv_w = 96, .box_w = 6, .box_h = 7, .ofs_x = 0, .ofs_y = 0},
    {.bitmap_index = 2981, .adv_w = 86, .box_w = 5, .box_h = 7, .ofs_x = 0, .ofs_y = 0},
    {.bitmap_index = 2999, .adv_w = 86, .box_w = 5, .box_h = 7, .ofs_x = 0, .ofs_y = 0},
    {.bitmap_index = 3017, .adv_w = 86, .box_w = 5, .box_h = 7, .ofs_x = 0, .ofs_y = 0},
    {.bitmap_index = 3035, .adv_w = 86, .box_w = 5, .box_h = 7, .ofs_x = 0, .ofs_y = 0},
    {.bitmap_index = 3053, .adv_w = 86, .box_w = 5, .box_h = 7, .ofs_x = 0, .ofs_y = 0},
    {.bitmap_index = 3071, .adv_w = 86, .box_w = 5, .box_h = 8, .ofs_x = 0, .ofs_y = 0},
    {.bitmap_index = 3091, .adv_w = 139, .box_w = 9, .box_h = 5, .ofs_x = 0, .ofs_y = 0},
    {.bitmap_index = 3114, .adv_w = 79, .box_w = 5, .box_h = 7, .ofs_x = 0, .ofs_y = -2},
    {.bitmap_index = 3132, .adv_w = 88, .box_w = 6, .box_h = 7, .ofs_x = 0, .ofs_y = 0},
    {.bitmap_index = 3153, .adv_w = 88, .box_w = 6, .box_h = 7, .ofs_x = 0, .ofs_y = 0},
    {.bitmap_index = 3174, .adv_w = 88, .box_w = 6, .box_h = 7, .ofs_x = 0, .ofs_y = 0},
    {.bitmap_index = 3195, .adv_w = 88, .box_w = 6, .box_h = 7, .ofs_x = 0, .ofs_y = 0},
    {.bitmap_index = 3216, .adv_w = 43, .box_w = 3, .box_h = 7, .ofs_x = 0, .ofs_y = 0},
    {.bitmap_index = 3227, .adv_w = 43, .box_w = 3, .box_h = 7, .ofs_x = 0, .ofs_y = 0},
    {.bitmap_index = 3238, .adv_w = 43, .box_w = 5, .box_h = 7, .ofs_x = -1, .ofs_y = 0},
    {.bitmap_index = 3256, .adv_w = 46, .box_w = 5, .box_h = 7, .ofs_x = -1, .ofs_y = 0},
    {.bitmap_index = 3274, .adv_w = 92, .box_w = 6, .box_h = 8, .ofs_x = 0, .ofs_y = 0},
    {.bitmap_index = 3298, .adv_w = 89, .box_w = 5, .box_h = 7, .ofs_x = 0, .ofs_y = 0},
    {.bitmap_index = 3316, .adv_w = 89, .box_w = 6, .box_h = 7, .ofs_x = 0, .ofs_y = 0},
    {.bitmap_index = 3337, .adv_w = 89, .box_w = 6, .box_h = 7, .ofs_x = 0, .ofs_y = 0},
    {.bitmap_index = 3358, .adv_w = 89, .box_w = 6, .box_h = 7, .ofs_x = 0, .ofs_y = 0},
    {.bitmap_index = 3379, .adv_w = 89, .box_w = 6, .box_h = 7, .ofs_x = 0, .ofs_y = 0},
    {.bitmap_index = 3400, .adv_w = 89, .box_w = 6, .box_h = 7, .ofs_x = 0, .ofs_y = 0},
    {.bitmap_index = 3421, .adv_w = 96, .box_w = 6, .box_h = 5, .ofs_x = 0, .ofs_y = 0},
    {.bitmap_index = 3436, .adv_w = 89, .box_w = 6, .box_h = 7, .ofs_x = 0, .ofs_y = -1},
    {.bitmap_index = 3457, .adv_w = 88, .box_w = 5, .box_h = 7, .ofs_x = 0, .ofs_y = 0},
    {.bitmap_index = 3475, .adv_w = 88, .box_w = 5, .box_h = 7, .ofs_x = 0, .ofs_y = 0},
    {.bitmap_index = 3493, .adv_w = 88, .box_w = 5, .box_h = 7, .ofs_x = 0, .ofs_y = 0},
    {.bitmap_index = 3511, .adv_w = 88, .box_w = 5, .box_h = 7, .ofs_x = 0, .ofs_y = 0},
    {.bitmap_index = 3529, .adv_w = 76, .box_w = 5, .box_h = 9, .ofs_x = 0, .ofs_y = -2},
    {.bitmap_index = 3552, .adv_w = 92, .box_w = 6, .box_h = 9, .ofs_x = 0, .ofs_y = -2},
    {.bitmap_index = 3579, .adv_w = 76, .box_w = 5, .box_h = 9, .ofs_x = 0, .ofs_y = -2},
    {.bitmap_index = 3602, .adv_w = 104, .box_w = 7, .box_h = 8, .ofs_x = 0, .ofs_y = 0},
    {.bitmap_index = 3630, .adv_w = 86, .box_w = 5, .box_h = 7, .ofs_x = 0, .ofs_y = 0},
    {.bitmap_index = 3648, .adv_w = 104, .box_w = 7, .box_h = 9, .ofs_x = 0, .ofs_y = 0},
    {.bitmap_index = 3680, .adv_w = 86, .box_w = 5, .box_h = 7, .ofs_x = 0, .ofs_y = 0},
    {.bitmap_index = 3698, .adv_w = 104, .box_w = 7, .box_h = 9, .ofs_x = 0, .ofs_y = -2},
    {.bitmap_index = 3730, .adv_w = 86, .box_w = 5, .box_h = 7, .ofs_x = 0, .ofs_y = -2},
    {.bitmap_index = 3748, .adv_w = 104, .box_w = 7, .box_h = 9, .ofs_x = 0, .ofs_y = 0},
    {.bitmap_index = 3780, .adv_w = 79, .box_w = 5, .box_h = 7, .ofs_x = 0, .ofs_y = 0},
    {.bitmap_index = 3798, .adv_w = 104, .box_w = 7, .box_h = 9, .ofs_x = 0, .ofs_y = 0},
    {.bitmap_index = 3830, .adv_w = 79, .box_w = 5, .box_h = 7, .ofs_x = 0, .ofs_y = 0},
    {.bitmap_index = 3848, .adv_w = 104, .box_w = 7, .box_h = 9, .ofs_x = 0, .ofs_y = 0},
    {.bitmap_index = 3880, .adv_w = 79, .box_w = 5, .box_h = 7, .ofs_x = 0, .ofs_y = 0},
    {.bitmap_index = 3898, .adv_w = 108, .box_w = 7, .box_h = 9, .ofs_x = 0, .ofs_y = 0},
    {.bitmap_index = 3930, .adv_w = 105, .box_w = 7, .box_h = 7, .ofs_x = 0, .ofs_y = 0},
    {.bitmap_index = 3955, .adv_w = 112, .box_w = 7, .box_h = 7, .ofs_x = 0, .ofs_y = 0},
    {.bitmap_index = 3980, .adv_w = 92, .box_w = 6, .box_h = 7, .ofs_x = 0, .ofs_y = 0},
    {.bitmap_index = 4001, .adv_w = 93, .box_w = 6, .box_h = 8, .ofs_x = 0, .ofs_y = 0},
    {.bitmap_index = 4025, .adv_w = 88, .box_w = 6, .box_h = 7, .ofs_x = 0, .ofs_y = 0},
    {.bitmap_index = 4046, .adv_w = 93, .box_w = 6, .box_h = 8, .ofs_x = 0, .ofs_y = 0},
    {.bitmap_index = 4070, .adv_w = 88, .box_w = 6, .box_h = 7, .ofs_x = 0, .ofs_y = 0},
    {.bitmap_index = 4091, .adv_w = 93, .box_w = 6, .box_h = 9, .ofs_x = 0, .ofs_y = -2},
    {.bitmap_index = 4118, .adv_w = 88, .box_w = 6, .box_h = 7, .ofs_x = 0, .ofs_y = -2},
    {.bitmap_index = 4139, .adv_w = 93, .box_w = 6, .box_h = 9, .ofs_x = 0, .ofs_y = 0},
    {.bitmap_index = 4166, .adv_w = 88, .box_w = 6, .box_h = 7, .ofs_x = 0, .ofs_y = 0},
    {.bitmap_index = 4187, .adv_w = 113, .box_w = 7, .box_h = 9, .ofs_x = 0, .ofs_y = 0},
    {.bitmap_index = 4219, .adv_w = 92, .box_w = 6, .box_h = 9, .ofs_x = 0, .ofs_y = -2},
    {.bitmap_index = 4246, .adv_w = 113, .box_w = 7, .box_h = 9, .ofs_x = 0, .ofs_y = 0},
    {.bitmap_index = 4278, .adv_w = 92, .box_w = 6, .box_h = 9, .ofs_x = 0, .ofs_y = -2},
    {.bitmap_index = 4305, .adv_w = 113, .box_w = 7, .box_h = 10, .ofs_x = 0, .ofs_y = -3},
    {.bitmap_index = 4340, .adv_w = 92, .box_w = 6, .box_h = 10, .ofs_x = 0, .ofs_y = -2},
    {.bitmap_index = 4370, .adv_w = 112, .box_w = 7, .box_h = 7, .ofs_x = 0, .ofs_y = 0},
    {.bitmap_index = 4395, .adv_w = 89, .box_w = 6, .box_h = 7, .ofs_x = -1, .ofs_y = 0},
    {.bitmap_index = 4416, .adv_w = 65, .box_w = 4, .box_h = 8, .ofs_x = 0, .ofs_y = 0},
    {.bitmap_index = 4432, .adv_w = 43, .box_w = 3, .box_h = 7, .ofs_x = 0, .ofs_y = 0},
    {.bitmap_index = 4443, .adv_w = 65, .box_w = 4, .box_h = 9, .ofs_x = 0, .ofs_y = -2},
    {.bitmap_index = 4461, .adv_w = 43, .box_w = 3, .box_h = 9, .ofs_x = 0, .ofs_y = -2},
    {.bitmap_index = 4475, .adv_w = 65, .box_w = 4, .box_h = 8, .ofs_x = 0, .ofs_y = 0},
    {.bitmap_index = 4491, .adv_w = 43, .box_w = 3, .box_h = 5, .ofs_x = 0, .ofs_y = 0},
    {.bitmap_index = 4499, .adv_w = 150, .box_w = 9, .box_h = 7, .ofs_x = 0, .ofs_y = 0},
    {.bitmap_index = 4531, .adv_w = 84, .box_w = 5, .box_h = 9, .ofs_x = 0, .ofs_y = -2},
    {.bitmap_index = 4554, .adv_w = 103, .box_w = 7, .box_h = 10, .ofs_x = 0, .ofs_y = -3},
    {.bitmap_index = 4589, .adv_w = 83, .box_w = 6, .box_h = 10, .ofs_x = 0, .ofs_y = -3},
    {.bitmap_index = 4619, .adv_w = 87, .box_w = 6, .box_h = 9, .ofs_x = 0, .ofs_y = 0},
    {.bitmap_index = 4646, .adv_w = 46, .box_w = 3, .box_h = 9, .ofs_x = 0, .ofs_y = 0},
    {.bitmap_index = 4660, .adv_w = 87, .box_w = 6, .box_h = 10, .ofs_x = 0, .ofs_y = -3},
    {.bitmap_index = 4690, .adv_w = 46, .box_w = 3, .box_h = 10, .ofs_x = 0, .ofs_y = -3},
    {.bitmap_index = 4705, .adv_w = 87, .box_w = 6, .box_h = 7, .ofs_x = 0, .ofs_y = 0},
    {.bitmap_index = 4726, .adv_w = 54, .box_w = 4, .box_h = 7, .ofs_x = 0, .ofs_y = 0},
    {.bitmap_index = 4740, .adv_w = 92, .box_w = 6, .box_h = 7, .ofs_x = 0, .ofs_y = 0},
    {.bitmap_index = 4761, .adv_w = 51, .box_w = 3, .box_h = 7, .ofs_x = 0, .ofs_y = 0},
    {.bitmap_index = 4772, .adv_w = 112, .box_w = 7, .box_h = 9, .ofs_x = 0, .ofs_y = 0},
    {.bitmap_index = 4804, .adv_w = 89, .box_w = 5, .box_h = 7, .ofs_x = 0, .ofs_y = 0},
    {.bitmap_index = 4822, .adv_w = 112, .box_w = 7, .box_h = 10, .ofs_x = 0, .ofs_y = -3},
    {.bitmap_index = 4857, .adv_w = 89, .box_w = 5, .box_h = 8, .ofs_x = 0, .ofs_y = -3},
    {.bitmap_index = 4877, .adv_w = 112, .box_w = 7, .box_h = 9, .ofs_x = 0, .ofs_y = 0},
    {.bitmap_index = 4909, .adv_w = 89, .box_w = 5, .box_h = 7, .ofs_x = 0, .ofs_y = 0},
    {.bitmap_index = 4927, .adv_w = 116, .box_w = 7, .box_h = 9, .ofs_x = 0, .ofs_y = 0},
    {.bitmap_index = 4959, .adv_w = 89, .box_w = 6, .box_h = 7, .ofs_x = 0, .ofs_y = 0},
    {.bitmap_index = 4980, .adv_w = 162, .box_w = 10, .box_h = 7, .ofs_x = 0, .ofs_y = 0},
    {.bitmap_index = 5015, .adv_w = 149, .box_w = 10, .box_h = 5, .ofs_x = 0, .ofs_y = 0},
    {.bitmap_index = 5040, .adv_w = 100, .box_w = 7, .box_h = 9, .ofs_x = 0, .ofs_y = 0},
    {.bitmap_index = 5072, .adv_w = 58, .box_w = 4, .box_h = 7, .ofs_x = 0, .ofs_y = 0},
    {.bitmap_index = 5086, .adv_w = 100, .box_w = 7, .box_h = 9, .ofs_x = 0, .ofs_y = 0},
    {.bitmap_index = 5118, .adv_w = 58, .box_w = 4, .box_h = 7, .ofs_x = 0, .ofs_y = 0},
    {.bitmap_index = 5132, .adv_w = 96, .box_w = 6, .box_h = 9, .ofs_x = 0, .ofs_y = 0},
    {.bitmap_index = 5159, .adv_w = 78, .box_w = 5, .box_h = 7, .ofs_x = 0, .ofs_y = 0},
    {.bitmap_index = 5177, .adv_w = 96, .box_w = 6, .box_h = 9, .ofs_x = 0, .ofs_y = -2},
    {.bitmap_index = 5204, .adv_w = 78, .box_w = 5, .box_h = 7, .ofs_x = 0, .ofs_y = -2},
    {.bitmap_index = 5222, .adv_w = 96, .box_w = 6, .box_h = 9, .ofs_x = 0, .ofs_y = 0},
    {.bitmap_index = 5249, .adv_w = 78, .box_w = 5, .box_h = 7, .ofs_x = 0, .ofs_y = 0},
    {.bitmap_index = 5267, .adv_w = 92, .box_w = 6, .box_h = 9, .ofs_x = 0, .ofs_y = -2},
    {.bitmap_index = 5294, .adv_w = 55, .box_w = 4, .box_h = 8, .ofs_x = 0, .ofs_y = -2},
    {.bitmap_index = 5310, .adv_w = 92, .box_w = 6, .box_h = 9, .ofs_x = 0, .ofs_y = 0},
    {.bitmap_index = 5337, .adv_w = 55, .box_w = 4, .box_h = 8, .ofs_x = 0, .ofs_y = 0},
    {.bitmap_index = 5353, .adv_w = 110, .box_w = 7, .box_h = 8, .ofs_x = 0, .ofs_y = 0},
    {.bitmap_index = 5381, .adv_w = 88, .box_w = 5, .box_h = 7, .ofs_x = 0, .ofs_y = 0},
    {.bitmap_index = 5399, .adv_w = 110, .box_w = 7, .box_h = 9, .ofs_x = 0, .ofs_y = 0},
    {.bitmap_index = 5431, .adv_w = 88, .box_w = 5, .box_h = 8, .ofs_x = 0, .ofs_y = 0},
    {.bitmap_index = 5451, .adv_w = 110, .box_w = 7, .box_h = 9, .ofs_x = 0, .ofs_y = 0},
    {.bitmap_index = 5483, .adv_w = 88, .box_w = 5, .box_h = 7, .ofs_x = 0, .ofs_y = 0},
    {.bitmap_index = 5501, .adv_w = 110, .box_w = 7, .box_h = 9, .ofs_x = 0, .ofs_y = -2},
    {.bitmap_index = 5533, .adv_w = 88, .box_w = 5, .box_h = 7, .ofs_x = 0, .ofs_y = -2},
    {.bitmap_index = 5551, .adv_w = 139, .box_w = 9, .box_h = 9, .ofs_x = 0, .ofs_y = 0},
    {.bitmap_index = 5592, .adv_w = 113, .box_w = 7, .box_h = 7, .ofs_x = 0, .ofs_y = 0},
    {.bitmap_index = 5617, .adv_w = 97, .box_w = 7, .box_h = 9, .ofs_x = 0, .ofs_y = 0},
    {.bitmap_index = 5649, .adv_w = 76, .box_w = 5, .box_h = 9, .ofs_x = 0, .ofs_y = -2},
    {.bitmap_index = 5672, .adv_w = 97, .box_w = 7, .box_h = 8, .ofs_x = 0, .ofs_y = 0},
    {.bitmap_index = 5700, .adv_w = 98, .box_w = 6, .box_h = 9, .ofs_x = 0, .ofs_y = 0},
    {.bitmap_index = 5727, .adv_w = 76, .box_w = 5, .box_h = 7, .ofs_x = 0, .ofs_y = 0},
    {.bitmap_index = 5745, .adv_w = 98, .box_w = 6, .box_h = 8, .ofs_x = 0, .ofs_y = 0},
    {.bitmap_index = 5769, .adv_w = 76, .box_w = 5, .box_h = 7, .ofs_x = 0, .ofs_y = 0},
    {.bitmap_index = 5787, .adv_w = 98, .box_w = 6, .box_h = 9, .ofs_x = 0, .ofs_y = 0},
    {.bitmap_index = 5814, .adv_w = 76, .box_w = 5, .box_h = 7, .ofs_x = 0, .ofs_y = 0},
    {.bitmap_index = 5832, .adv_w = 160, .box_w = 10, .box_h = 8, .ofs_x = 0, .ofs_y = 0}
};

/*---------------------
 *  CHARACTER MAPPING
 *--------------------*/

static const uint8_t glyph_id_ofs_list_4[] = {
    0, 1, 2, 3, 4, 5, 6, 7,
    8, 9, 0, 0, 10, 11, 12, 13,
    14, 15, 0, 0, 16, 17, 18, 19,
    20, 21, 0, 0, 22, 23, 0, 0,
    24, 25, 0, 0, 26, 27, 28, 29,
    30, 31, 0, 0, 32, 33, 0, 34,
    35, 36, 37, 38, 39, 0, 0, 40,
    41, 42, 43, 44, 45, 46, 47, 0,
    0, 0, 0, 0, 0, 0, 48, 49,
    50, 51, 52, 53, 0, 0, 54, 55,
    56, 57, 0, 0, 58, 59, 60, 61,
    62, 63, 64, 65, 0, 0, 0, 0,
    66, 67
};

/*Collect the unicode lists and glyph_id offsets*/
static const lv_font_fmt_txt_cmap_t cmaps[] =
{
    {
        .range_start = 32, .range_length = 95, .glyph_id_start = 1,
        .unicode_list = NULL, .glyph_id_ofs_list = NULL, .list_length = 0, .type = LV_FONT_FMT_TXT_CMAP_FORMAT0_TINY
    },
    {
        .range_start = 160, .range_length = 13, .glyph_id_start = 96,
        .unicode_list = NULL, .glyph_id_ofs_list = NULL, .list_length = 0, .type = LV_FONT_FMT_TXT_CMAP_FORMAT0_TINY
    },
    {
        .range_start = 174, .range_length = 7, .glyph_id_start = 109,
        .unicode_list = NULL, .glyph_id_ofs_list = NULL, .list_length = 0, .type = LV_FONT_FMT_TXT_CMAP_FORMAT0_TINY
    },
    {
        .range_start = 182, .range_length = 82, .glyph_id_start = 116,
        .unicode_list = NULL, .glyph_id_ofs_list = NULL, .list_length = 0, .type = LV_FONT_FMT_TXT_CMAP_FORMAT0_TINY
    },
    {
        .range_start = 266, .range_length = 98, .glyph_id_start = 198,
        .unicode_list = NULL, .glyph_id_ofs_list = glyph_id_ofs_list_4, .list_length = 98, .type = LV_FONT_FMT_TXT_CMAP_FORMAT0_FULL
    },
    {
        .range_start = 366, .range_length = 17, .glyph_id_start = 266,
        .unicode_list = NULL, .glyph_id_ofs_list = NULL, .list_length = 0, .type = LV_FONT_FMT_TXT_CMAP_FORMAT0_TINY
    },
    {
        .range_start = 61664, .range_length = 1, .glyph_id_start = 283,
        .unicode_list = NULL, .glyph_id_ofs_list = NULL, .list_length = 0, .type = LV_FONT_FMT_TXT_CMAP_FORMAT0_TINY
    }
};

/*-----------------
 *    KERNING
 *----------------*/


/*Map glyph_ids to kern left classes*/
static const uint8_t kern_left_class_mapping[] =
{
    0, 1, 0, 2, 0, 0, 0, 3,
    2, 4, 0, 5, 6, 7, 8, 7,
    9, 10, 0, 11, 12, 13, 14, 15,
    16, 17, 18, 19, 19, 0, 0, 0,
    20, 21, 22, 23, 24, 25, 26, 27,
    28, 0, 29, 30, 31, 32, 0, 0,
    25, 33, 34, 35, 36, 37, 30, 38,
    39, 40, 41, 42, 43, 44, 45, 0,
    46, 0, 47, 48, 49, 0, 50, 51,
    52, 53, 0, 54, 55, 56, 53, 53,
    48, 48, 57, 58, 59, 60, 61, 62,
    62, 63, 62, 64, 43, 65, 0, 0,
    0, 66, 67, 0, 0, 0, 65, 68,
    0, 0, 0, 69, 0, 0, 0, 70,
    0, 0, 0, 0, 71, 0, 0, 0,
    0, 72, 0, 0, 0, 73, 22, 22,
    22, 22, 22, 22, 26, 24, 26, 26,
    26, 26, 29, 29, 29, 29, 25, 0,
    25, 25, 25, 25, 25, 0, 25, 30,
    30, 30, 30, 41, 74, 75, 47, 47,
    47, 47, 47, 47, 50, 49, 50, 50,
    50, 50, 0, 0, 76, 77, 78, 53,
    48, 48, 48, 48, 48, 0, 48, 61,
    61, 61, 61, 62, 48, 62, 22, 47,
    22, 47, 79, 80, 24, 49, 24, 49,
    24, 49, 25, 81, 25, 82, 26, 50,
    26, 50, 83, 50, 26, 50, 28, 52,
    28, 52, 28, 52, 84, 53, 29, 0,
    85, 86, 29, 0, 30, 54, 31, 55,
    0, 0, 32, 87, 32, 88, 32, 56,
    0, 53, 0, 53, 0, 53, 25, 48,
    26, 50, 35, 58, 35, 58, 36, 59,
    36, 59, 36, 59, 37, 89, 37, 90,
    30, 61, 30, 61, 30, 61, 30, 52,
    39, 62, 41, 62, 41, 42, 64, 42,
    64, 42, 64, 0
};

/*Map glyph_ids to kern right classes*/
static const uint8_t kern_right_class_mapping[] =
{
    0, 1, 2, 3, 4, 0, 5, 6,
    3, 0, 7, 8, 9, 10, 11, 12,
    13, 14, 15, 16, 17, 18, 19, 20,
    21, 22, 23, 24, 25, 0, 0, 0,
    26, 27, 28, 0, 29, 0, 0, 0,
    29, 0, 30, 31, 0, 0, 0, 0,
    29, 0, 29, 0, 32, 33, 34, 35,
    36, 37, 38, 39, 40, 41, 42, 0,
    43, 0, 44, 45, 46, 46, 46, 47,
    48, 45, 49, 50, 45, 45, 51, 51,
    46, 52, 46, 51, 53, 54, 55, 56,
    56, 57, 56, 58, 0, 40, 42, 0,
    0, 59, 60, 0, 0, 61, 40, 59,
    0, 0, 0, 62, 0, 0, 0, 63,
    0, 0, 0, 0, 64, 65, 0, 0,
    0, 66, 0, 0, 0, 67, 28, 28,
    28, 28, 28, 28, 68, 29, 0, 0,
    0, 0, 30, 30, 30, 30, 0, 0,
    29, 29, 29, 29, 29, 0, 29, 34,
    34, 34, 34, 38, 0, 0, 44, 44,
    69, 70, 71, 44, 44, 46, 46, 46,
    46, 72, 73, 49, 74, 75, 46, 51,
    46, 46, 76, 77, 78, 0, 46, 55,
    55, 55, 55, 56, 79, 56, 28, 80,
    28, 81, 28, 44, 29, 46, 29, 46,
    29, 46, 0, 46, 0, 46, 0, 46,
    0, 46, 0, 46, 0, 46, 29, 48,
    29, 48, 29, 48, 0, 82, 30, 83,
    30, 84, 30, 49, 30, 49, 0, 45,
    0, 0, 0, 45, 0, 45, 0, 45,
    0, 51, 0, 51, 0, 51, 29, 46,
    29, 46, 0, 51, 0, 51, 32, 53,
    32, 53, 32, 53, 33, 54, 33, 54,
    34, 55, 34, 55, 34, 55, 34, 55,
    36, 56, 38, 56, 38, 39, 58, 39,
    58, 39, 58, 0
};

/*Kern values between classes*/
static const int8_t kern_class_values[] =
{
    0, 0, 0, 0, 0, 0, 0, 0,
    0, 0, 0, 0, 0, 0, 0, 0,
    0, 0, 0, 0, 0, 0, 0, 0,
    0, 0, 0, -2, 0, 0, 0, 0,
    -3, 0, -3, -3, 0, -5, 0, 0,
    0, 0, 0, 0, 0, 0, 0, 0,
    0, 0, 0, 0, 0, 0, 0, -2,
    0, 0, 0, 0, 0, 0, 0, 0,
    0, 0, 0, 0, 0, 0, 0, 0,
    0, 0, 0, 0, 0, 0, 0, 0,
    0, 0, 0, 0, 0, 0, 0, 0,
    0, 0, 0, 0, 0, 0, 0, 0,
    0, 0, 3, 0, 0, -8, 0, 0,
    6, -3, 0, 0, 0, 0, 0, 0,
    0, 0, 0, 0, 0, 0, 0, 0,
    0, 0, 0, 0, 0, 0, 0, 0,
    0, 0, 0, 0, 0, 0, 0, 0,
    0, 0, 0, 0, 0, 0, 0, -5,
    0, 0, 0, 0, 0, 0, 0, 0,
    0, 0, 0, 0, 0, 0, 0, 0,
    0, 0, 0, 0, 0, 0, 0, 0,
    0, 0, 0, 0, 0, 0, 0, 0,
    0, 0, 0, 0, 0, 0, 0, 0,
    0, 0, 0, 0, 0, 0, 0, 0,
    0, 0, 0, 0, 0, 0, 0, -5,
    -9, -4, -8, -4, 0, -11, 0, 0,
    0, 0, 0, 0, 0, 0, 0, 0,
    0, 0, 0, 0, 0, 0, 0, -4,
    0, 0, 0, 0, 0, 0, 0, 0,
    0, 0, 0, 0, 0, 0, 0, 0,
    0, 0, 0, 0, 0, 0, 0, 0,
    0, 0, 0, 0, 0, 0, 0, 0,
    0, 0, 0, 0, 0, 0, 0, 0,
    0, -3, 0, 0, 0, 0, 0, 0,
    0, 0, 0, 0, 0, 0, 0, 0,
    0, 0, 0, 0, 0, 0, 0, 0,
    0, 0, 0, 0, 0, 0, 0, 0,
    0, 0, 0, 0, 0, 0, 0, 0,
    0, 0, 0, 0, 0, 0, 0, -6,
    0, 0, 0, 0, 0, 0, 0, 0,
    0, 0, 0, 0, 0, 0, 0, 0,
    0, 0, 0, 0, 0, 0, 0, 0,
    0, 0, 0, 0, 0, 0, 0, 0,
    0, -11, 0, -11, 0, 0, 0, 0,
    0, 0, 0, 0, 0, 0, 0, 0,
    0, 0, 0, 0, 0, 0, 0, 0,
    0, 0, 0, 0, 0, 0, 0, 0,
    0, 0, 0, 0, 0, 0, 0, 0,
    0, 0, 0, 0, 0, 0, 0, 0,
    0, 0, 0, -3, 0, 0, 0, 0,
    0, 0, 0, 0, 0, 0, 0, 0,
    0, 0, 0, 0, 0, 0, 0, 0,
    0, 0, 0, 0, 0, 0, 0, 0,
    0, 0, 0, 0, 0, 0, 0, 0,
    0, 0, -5, 0, 0, 4, 0, 0,
    0, 0, 0, 0, 0, 0, 0, 0,
    0, 0, 0, 0, 0, 0, 0, 0,
    0, 0, 0, 0, 0, 0, 0, 0,
    0, 0, 0, 0, 0, 0, 0, 0,
    0, 0, 0, 0, 0, 0, 0, 0,
    0, 0, 0, 0, 0, 0, 0, 0,
    0, 0, 0, 0, 0, 0, 0, 0,
    0, 0, 0, 0, 0, 0, 0, 0,
    0, 0, 0, 0, 0, 0, 0, -11,
    0, 0, 0, 0, 0, 0, -5, 0,
    0, 0, 0, 0, 0, 0, 0, 0,
    0, 0, 0, 0, 0, 0, 0, 0,
    0, 0, 0, 0, 0, 0, 0, 0,
    0, 0, 0, 0, 0, 0, 0, 0,
    0, 0, 0, 0, 0, 0, 0, 0,
    0, 0, 0, -2, 0, 0, 0, 0,
    0, 0, 0, 0, 0, 0, 0, 0,
    0, 0, 0, 0, 0, 0, 0, 0,
    0, 0, 0, 0, 0, 0, 0, 0,
    0, 0, 0, 0, 0, 0, 0, 0,
    0, 3, 0, 0, 0, 8, 2, 0,
    0, 0, 0, 0, 0, 0, 0, 0,
    0, 0, 0, 0, 0, 0, 0, 0,
    0, 0, 0, 0, 0, 0, 0, 0,
    0, 0, 0, 0, 0, 0, 0, 0,
    0, 0, 0, 0, 0, 0, 0, 2,
    0, 0, 0, 0, 0, 0, 0, 0,
    0, 0, 0, 0, 0, 0, 0, 0,
    0, 0, 0, 0, 0, 0, 0, 0,
    0, 0, 0, 0, 0, 0, 0, 0,
    0, 0, 0, 0, -18, 0, 0, 0,
    0, -8, 0, 0, 8, 0, 0, 0,
    0, 0, 0, 0, 0, 0, 0, 0,
    0, 0, 0, 0, 0, 0, 0, 0,
    0, 0, 0, 0, 0, 0, 0, 0,
    0, 0, 0, 0, 0, 0, 0, 0,
    0, 0, 0, -10, 0, 0, 0, 0,
    0, 0, 0, 0, 0, 0, 0, 0,
    0, 0, 0, 0, 0, 0, 0, 0,
    0, 0, 0, 0, 0, 0, 0, 0,
    0, 0, -3, 0, 0, 0, 3, 0,
    0, 0, 0, 0, 0, 0, 0, 0,
    0, 0, 0, 0, 0, 0, 0, 0,
    0, 0, 0, 0, 0, 0, 0, 0,
    0, 0, 0, 0, 0, 0, 0, 0,
    0, 0, 0, 0, 0, 0, 0, 0,
    0, 0, 0, 0, 0, 0, 0, 0,
    0, 0, 0, 0, 0, 0, 0, 0,
    0, 0, 0, 0, 0, 0, 0, 0,
    0, 0, 0, 0, 0, 0, 0, 0,
    0, 0, 0, 0, 0, 0, 0, 0,
    0, 0, 0, 0, 0, 0, 0, 0,
    -1, -3, 0, 0, 0, -2, 0, 0,
    0, 0, 0, 0, 0, 0, 0, 0,
    0, 0, 0, 0, 0, 0, 0, 0,
    0, 0, 0, 0, 0, 0, 0, 0,
    0, 0, 0, 0, 0, 0, 0, 0,
    0, 0, 0, 0, 0, 0, 0, 0,
    0, 0, 0, 0, 0, 0, 0, 0,
    0, 0, 0, 0, 0, 0, 0, 0,
    0, 0, 0, 0, 0, 0, 0, 0,
    0, 0, 0, 0, 0, 0, 0, 0,
    -5, 0, 0, 0, 0, 0, 0, 0,
    0, 0, 0, 0, 0, 0, 0, 0,
    0, 0, 0, 0, 0, 0, 0, 0,
    0, 0, 0, 0, 0, 0, 0, 0,
    0, 0, 0, 0, 0, 0, 0, 0,
    0, 0, 0, 0, 0, 0, 0, 0,
    0, 0, 0, 0, 0, 0, 0, 0,
    0, 0, 0, 0, 0, 0, 0, 0,
    0, 0, 0, 0, 0, 0, 0, 0,
    0, 0, -6, 0, 0, 0, 0, 0,
    3, 0, 3, 0, 0, 0, 0, -2,
    0, 2, 0, 0, 0, 0, -4, 0,
    0, 0, 0, 0, 0, 0, 0, 0,
    0, 0, 0, 0, 0, 0, 0, 0,
    0, 0, 0, 0, 0, 0, 0, 0,
    0, 0, 0, 0, 0, 0, 0, 0,
    0, 0, 0, 0, 0, 0, 0, 0,
    0, 0, 0, 0, 0, 0, 0, 0,
    0, 0, 0, 0, 0, 0, 0, 0,
    0, 0, 0, 0, 0, 0, 0, 0,
    0, 0, 0, 0, 0, 0, 0, 0,
    -4, 0, -3, 0, -3, 0, -1, -1,
    0, 0, -1, 0, 0, 0, 0, 0,
    0, 0, 0, 0, 0, 0, 0, 0,
    0, 0, 0, 0, 0, 0, 0, 0,
    0, 0, 0, 0, 0, 0, 0, 0,
    0, 0, 0, 0, 0, 0, 0, 0,
    0, 0, 0, 0, 0, 0, 0, 0,
    0, 0, 0, 0, 0, 0, 0, 0,
    0, 0, 0, 0, 0, 0, 0, 0,
    0, 0, 0, 0, 0, 0, 0, 0,
    0, 0, 0, 0, -5, 0, -4, 0,
    0, 0, 0, 0, 0, 0, 0, 0,
    0, 0, 0, 0, 0, 0, 0, 0,
    0, 0, 0, 0, 0, 0, 0, 0,
    0, 0, 0, 0, 0, 0, 0, 0,
    0, 0, 0, 0, 0, 0, 0, 0,
    0, 0, 0, 0, 0, 0, 0, 0,
    0, 0, 0, 0, 0, 0, 0, 0,
    0, 0, 0, 0, 0, 0, 0, 0,
    0, 0, 0, 0, 0, 0, 6, 0,
    5, 0, 0, 0, 0, -5, 0, -5,
    -8, 0, 3, 0, 2, -8, 0, 0,
    5, -3, 0, 0, 0, 0, 0, 0,
    0, 0, 0, 0, 0, 0, 0, 0,
    0, 0, 0, 0, 0, 2, 0, 0,
    0, 0, 0, 0, 0, 0, 0, 0,
    0, 0, 0, 0, 0, 0, 0, 0,
    0, 0, 8, 0, 0, 0, 0, 0,
    0, 0, 0, 0, 0, 0, 0, 0,
    0, 0, 0, 0, 0, 0, 0, 0,
    0, 0, -3, 0, -2, 0, 0, 0,
    0, 0, 0, 0, -2, 0, -3, -2,
    0, 0, 0, 0, -2, 0, -4, 0,
    0, 0, 0, 0, 0, 0, 0, 0,
    0, 0, 0, 0, 0, 0, 0, 0,
    0, 0, 0, 0, 0, 0, 0, 0,
    0, 0, 0, 0, 0, 0, 0, 0,
    0, 0, 0, 0, 0, 0, 0, 0,
    0, 0, 0, 0, 0, 0, 0, 0,
    0, 0, 0, 0, 0, 0, 0, 0,
    0, 0, 0, 0, 0, 0, 0, 0,
    0, 0, 0, 0, 0, 0, 0, 0,
    -8, 0, 0, -3, 0, -1, 0, 0,
    0, 0, 0, 0, 0, 0, 0, 0,
    0, 0, 0, 0, 0, 0, 0, 0,
    0, 0, 0, 0, 0, 0, 0, 0,
    0, 0, 0, 0, 0, 0, 0, 0,
    0, 0, 0, 0, 0, 0, 0, 0,
    0, 0, 0, 0, 0, 0, 0, 0,
    0, 0, 0, 0, 0, 0, 0, 0,
    0, 0, 0, 0, 0, 0, 0, 0,
    0, 0, 0, 0, 0, 0, 0, 0,
    0, 0, 0, 0, 0, 0, 0, 0,
    0, 0, 0, 0, 0, 0, 0, 0,
    0, 0, 0, 0, 0, 0, 0, 0,
    0, 0, 0, 0, 0, 0, 0, 0,
    0, 0, 0, 0, 0, 0, 0, 0,
    0, 0, 0, 0, 0, 0, 0, 0,
    0, 0, 0, -1, 0, 0, 0, 0,
    0, 0, 0, 0, 0, 0, 0, 0,
    0, 0, 0, 0, 0, 0, 0, 0,
    0, 0, 0, 0, 0, 0, 0, 0,
    0, 0, 0, 0, 0, 0, 0, 0,
    0, 0, 0, 0, 0, 0, 0, 0,
    0, 0, 0, 0, 0, 0, 0, -8,
    0, 0, 0, 0, 0, 0, 0, 0,
    0, 0, 0, 0, 0, 0, 0, 0,
    0, 0, 0, 0, 0, 0, 0, 0,
    0, 0, 0, 0, 0, 0, 0, 0,
    0, 0, 0, 0, 0, 0, 0, 0,
    0, 0, 0, 0, 0, 0, 0, 0,
    0, 0, 0, 0, 0, 0, 0, 0,
    0, 0, 0, 0, 0, 0, 0, 0,
    0, 0, 0, 0, 0, 0, 0, 0,
    0, 0, 0, 0, 0, 0, 0, 0,
    0, 0, 0, 0, 0, 0, 0, 0,
    -6, 0, 0, 0, 0, -4, 0, 0,
    0, 0, 0, 0, 0, 0, 0, 0,
    0, 0, 0, 0, 0, -3, 0, 0,
    0, 0, 0, 0, 0, 0, 0, 0,
    0, 0, 0, 0, 0, 0, 0, 0,
    0, 0, 0, 0, 0, 0, 0, 0,
    0, 0, 0, 0, -2, -2, -8, 0,
    0, 0, -3, -11, 0, 2, -2, 2,
    2, 0, 0, 0, 0, 0, 0, 0,
    0, 0, 0, 0, 0, -8, 0, 4,
    -4, 0, 0, -3, -9, -5, -7, -5,
    3, -9, 0, 0, -10, 0, 0, 0,
    0, -2, -2, 0, 0, 0, 0, 0,
    0, -4, -2, -5, 0, 0, 0, -2,
    0, 0, 0, 0, 0, 0, 0, 0,
    0, 0, 0, -2, 0, 0, 0, -2,
    -2, -2, 0, 0, 0, 0, 0, 0,
    0, 0, 0, 0, 0, 0, 0, -3,
    0, 0, 0, 0, -3, 0, 0, 0,
    0, 0, 0, 0, 0, 0, 0, 0,
    0, 0, 0, 0, 0, 0, 0, 0,
    0, 0, -2, -2, -3, -3, 0, 0,
    0, 0, 0, 0, 0, 1, 0, 0,
    0, 0, 0, 0, 0, 0, 0, 0,
    0, 0, 0, 1, 0, 0, 0, 0,
    0, 0, 0, 0, 0, 0, 0, 1,
    0, 0, 0, 1, 1, 1, 0, 0,
    0, 0, 0, 0, 0, 0, 0, 0,
    0, 0, 0, 0, 0, 0, 0, 0,
    0, 0, 0, 0, 0, 0, 0, 0,
    0, 0, 0, 0, 0, 0, 0, -2,
    -3, 0, 0, 0, 2, 0, 0, 2,
    -2, 0, 2, 0, 0, 0, 0, 0,
    0, 0, 0, 0, 0, 0, 0, 0,
    0, 0, 0, 0, 0, 0, 0, 0,
    0, 0, 0, 0, 0, 0, 0, 0,
    0, 0, 0, 0, 0, 0, 0, 0,
    0, 0, 0, 0, 0, 0, 0, 0,
    0, 0, 0, 0, 0, 0, -3, 0,
    0, -5, 2, -5, -6, 0, 0, 0,
    0, 0, 0, 0, 0, 0, 0, 0,
    0, -7, 0, -4, 0, -4, 0, 0,
    -3, 0, -3, -2, -6, -6, -4, 0,
    -6, 0, 0, 0, 0, 0, 0, 0,
    0, 0, 0, 0, 0, 0, 0, 0,
    0, -1, 0, 0, 0, 0, 0, 0,
    0, 0, 0, -6, 0, 0, 0, 0,
    0, 0, 0, 0, 0, 0, 0, 0,
    0, 0, 0, 0, 0, 0, 0, 0,
    0, 0, 0, 0, 0, 0, 0, 0,
    0, 0, 0, 0, 0, 0, 0, 0,
    0, 0, 0, 0, 0, 0, 0, 0,
    -4, 0, 0, -1, 2, 0, 0, 0,
    0, 0, 0, 0, 0, 0, 0, 0,
    0, -2, 0, 0, 0, 0, 0, 0,
    0, 0, 0, -2, 0, 0, 0, -2,
    0, 0, 0, 0, 0, 0, 0, 0,
    0, 0, 0, -2, 0, 0, 0, -2,
    -2, -2, 0, 0, 0, 0, 0, 0,
    0, 0, 0, 0, 0, 0, 0, 0,
    0, -9, 0, -9, -11, 0, 0, 0,
    0, 0, 0, 0, 0, 0, 0, 0,
    0, 0, 0, -8, -1, 0, -8, 0,
    0, 0, 0, 0, 0, 0, 0, 0,
    0, 0, 0, -2, 0, 0, 0, 0,
    0, 0, 0, 0, 0, 0, 0, 0,
    0, 0, 0, 0, 0, 0, 0, 0,
    0, 0, 0, -13, -2, -2, -2, 0,
    2, 4, 4, 0, 0, 0, 0, -2,
    -2, 0, 4, 0, 0, 0, 0, 0,
    0, 0, 0, -3, 0, 0, 0, 0,
    0, 0, 0, 0, 0, 0, 0, 0,
    0, 0, 0, 0, 0, -6, 0, 0,
    0, 0, 0, 0, -4, 0, -3, -2,
    0, -6, 0, 0, 0, 0, 0, 0,
    0, 0, 0, 0, 0, 0, 0, 0,
    0, 0, 0, 0, 0, 0, 0, 0,
    0, 0, 0, 0, 0, 0, 0, 0,
    0, 0, 0, 0, 0, 0, 0, 0,
    0, 0, 0, 0, 0, 0, 0, 0,
    0, 0, 0, 0, 0, 0, 0, 0,
    0, 0, 0, 0, 0, 0, 0, 0,
    0, 0, 0, 0, 0, 0, 0, 0,
    0, 0, 0, 0, -4, 0, 0, 0,
    0, 0, 0, 0, 0, 0, 0, 0,
    0, 0, 0, -1, 0, -4, 0, -4,
    0, 0, 0, 0, 0, 0, 0, -3,
    0, 0, 0, -4, 0, 0, 0, 0,
    0, 0, 0, 0, -1, -1, -1, -4,
    0, 0, 0, -4, -4, -4, 0, -1,
    -1, 0, 0, 0, 0, 0, 0, 0,
    0, 0, 0, 0, 0, -6, 0, -6,
    -5, 0, 0, 0, 0, 0, 0, 0,
    0, 0, 0, 0, 0, 0, 0, -5,
    0, 0, 0, 0, 0, 0, 0, 0,
    0, 0, 0, 0, 0, 0, 0, 0,
    0, 0, 0, -1, 0, 0, 0, 0,
    0, 0, 0, 0, 0, 0, 0, 0,
    0, 0, 0, 0, 0, 0, 0, -5,
    0, 0, 0, 0, 0, 0, 0, 0,
    0, 0, 0, 0, 0, 0, 0, 0,
    -3, 0, 0, 0, 0, 0, 0, 0,
    0, 0, 0, 0, 0, 0, 0, 0,
    0, 0, 0, 0, 0, 0, 0, 0,
    0, -5, 0, 3, -7, 0, 0, 0,
    0, -4, -1, -2, 3, 0, 0, 0,
    0, 0, 0, 0, 0, -6, 0, -5,
    -4, 0, 0, 0, 0, 0, -4, -7,
    0, 0, 0, -6, 0, -7, 0, 0,
    0, -3, 0, 0, 0, 0, 0, -6,
    -4, -4, -4, -6, -6, -6, 0, 0,
    0, 0, -4, -4, 0, 0, -13, 0,
    0, 0, 0, -11, 0, 0, 0, 0,
    0, 0, 0, 0, 0, 0, 0, 0,
    0, 0, 0, 0, 0, -11, 0, 1,
    -5, 0, 0, -2, -12, -3, -11, -8,
    0, -13, 0, 0, 0, 0, 0, 0,
    0, -1, 0, 0, -1, 0, 0, 0,
    0, 0, 0, 0, 0, 0, 0, -1,
    0, -6, 0, 0, 0, 0, 0, 0,
    0, 0, 0, -1, -1, -1, -1, -1,
    -1, -1, 0, 0, 0, 0, -1, -1,
    -5, 0, 0, 0, 0, 0, 0, 0,
    0, -10, 0, -10, -10, 0, 0, 0,
    0, 0, 0, 0, 0, 0, 0, 0,
    0, 0, 0, -8, 0, 0, -16, 0,
    2, 0, 1, 0, -4, -2, 0, 0,
    0, 0, 0, 0, 0, -1, 0, 0,
    3, 0, 0, 0, 0, 0, 0, 3,
    0, 0, 0, -1, 0, -3, 0, 0,
    0, 0, 0, -16, 0, 0, 0, -1,
    3, 3, 3, -1, -1, -1, 0, 0,
    0, 0, 3, 3, 0, 0, 0, 0,
    0, 0, -3, 0, 0, 3, 2, 3,
    2, 0, 0, 0, 0, 0, 0, 0,
    0, 0, 0, 0, 0, -7, 0, 6,
    0, -4, 0, 0, -3, 0, -3, -2,
    4, -6, 1, 0, -6, 0, 0, 0,
    0, 0, 0, 0, 0, 3, 0, 0,
    0, 0, 0, 0, 0, -1, 0, 0,
    0, 0, 0, 0, 0, 0, 0, 7,
    0, 0, 0, 0, 0, 0, 0, 0,
    0, 0, 0, 0, 0, 0, 0, 0,
    0, 0, 0, 0, 0, 0, 0, 0,
    0, 0, -4, 0, 0, 0, 0, 0,
    0, 0, 0, 0, 0, 0, 0, 0,
    0, 0, 0, 1, -2, 0, -3, 0,
    -1, -2, 0, 0, 1, -3, 0, 0,
    0, 0, 0, 0, 0, -2, 0, 0,
    0, 0, 0, 0, 0, 0, 0, 0,
    0, 0, 0, -2, 0, 0, 0, 0,
    0, 0, 0, -2, 0, 0, 0, -2,
    0, 0, 0, -2, -2, -2, 0, 0,
    0, 0, 0, 0, 0, 0, 0, 0,
    0, 0, 0, 0, 0, 0, 4, 0,
    -3, 0, 0, 0, 0, 0, 0, 0,
    0, 0, 0, 0, 0, -3, 0, -2,
    0, 0, 0, 0, -2, 0, -2, -1,
    0, -4, 0, 0, 0, 0, 0, 0,
    0, 0, 0, 0, 0, 0, 0, -1,
    0, -3, 0, -3, 0, 0, 0, 0,
    0, 0, 0, 0, 0, 0, 0, -5,
    0, 0, 0, 0, 0, 0, 0, 0,
    0, 0, -1, 0, 0, 0, 0, 0,
    -3, 0, 5, 0, 0, -6, 0, 3,
    0, -12, -6, -12, -16, 0, 0, 0,
    0, 0, 0, 0, 0, 0, 0, -5,
    -5, 3, -6, -9, -4, 0, -15, -2,
    3, 0, 3, 3, 1, 4, 0, 0,
    5, 0, 0, -11, 0, -13, 0, -11,
    0, 0, -6, -6, -7, 0, -6, -4,
    -8, -6, 0, -13, 0, -13, 0, 0,
    0, -4, 0, -14, -5, -4, -5, -13,
    6, 8, 8, -8, -7, -8, -6, -6,
    -7, 5, 6, 0, -3, 0, 3, 0,
    0, -4, 0, 0, 0, -6, -5, -6,
    -8, 0, 0, 0, 0, 0, 0, 0,
    0, 0, 0, -3, -3, 0, -2, -7,
    -3, 0, -9, -1, 3, 0, 3, 0,
    1, 5, 0, 0, 0, 0, 0, -5,
    0, -5, 0, -4, 2, 0, -5, -4,
    -4, 0, -3, -2, -3, 0, 0, -5,
    0, -8, 0, 0, 0, -4, 0, -12,
    -2, -3, -4, -5, 2, 5, 6, -5,
    -5, -5, -4, -5, -5, 1, 3, 2,
    -3, 0, 3, 0, 0, -2, 0, 0,
    0, -5, -2, -5, -5, 0, 0, 0,
    0, 0, 0, 0, 0, 0, 0, -3,
    -3, 0, 0, -5, -2, 0, -8, -1,
    3, 0, 0, 1, 0, 4, 0, 0,
    0, 0, 0, -1, 0, -4, 0, -4,
    0, 0, 0, 0, 0, 0, -2, 0,
    0, 0, 0, -4, 0, -5, 0, 0,
    0, 0, 0, -11, -1, -1, -1, -4,
    4, 5, 6, -4, -4, -4, 0, -1,
    -1, 1, 5, 0, 0, 0, 0, 0,
    0, 0, 0, 0, 0, 2, -3, 2,
    0, 0, 0, 0, 0, 0, 0, 0,
    0, 0, 0, 0, 0, -2, 0, 3,
    -6, 0, 0, 0, 1, 0, 1, 0,
    0, 2, 0, 0, 0, 0, 0, -2,
    0, -6, 0, 0, 0, 0, 0, 0,
    0, 0, 0, -3, 0, 0, 0, -6,
    0, -6, 0, 0, 0, 0, 0, 0,
    -2, -2, -2, -6, 0, 0, 0, -6,
    -6, -6, 0, -2, -2, 0, 0, 0,
    -5, 0, 0, 0, 0, -8, 0, 0,
    0, -11, -3, -11, -14, 0, 0, 0,
    0, 0, 0, 0, 0, 0, 0, -5,
    -5, -2, -4, -9, -6, 0, -15, -3,
    4, 0, 5, 4, 2, 6, 0, 0,
    3, 0, 0, -9, 0, -11, 0, -11,
    0, 0, -7, -8, -8, 0, -6, -4,
    -4, -5, 0, -11, 0, -12, 0, 0,
    0, -8, 0, -21, -9, -5, -6, -8,
    4, 4, 6, -11, -11, -9, -8, -9,
    -9, 1, 6, 0, 0, 0, 0, 0,
    0, 0, 0, 0, 0, 0, 0, 0,
    0, 0, 0, 0, 0, 0, 0, 0,
    0, 0, 0, 0, 0, 0, 0, 0,
    -6, 0, 0, 0, 0, 0, 0, 0,
    0, 0, 0, 0, 0, 0, 0, 0,
    0, -3, 0, 0, 0, 0, 0, 0,
    0, 0, 0, 0, 0, 0, 0, -3,
    0, -5, 0, 0, 0, 0, 0, 0,
    0, 0, 0, -3, 0, 0, 0, -3,
    -3, -3, 0, 0, 0, 0, 0, 0,
    0, 0, 0, 0, 0, 0, 0, 0,
    0, 0, 0, 0, 0, 0, 0, 0,
    0, -3, 0, 0, 5, 0, 0, 0,
    0, 0, 0, 0, 0, 0, 0, 0,
    0, 0, 0, 0, 0, 0, 0, 0,
    0, 0, 0, 0, 0, 0, 0, 0,
    0, 0, 0, 0, 0, 0, 0, 0,
    0, 0, 0, 0, 0, 0, 0, 0,
    0, 0, 0, 0, 0, 0, 0, 0,
    0, 0, 0, 0, 0, 0, 0, 0,
    0, 0, 0, 0, 0, 0, 0, 0,
    0, 0, 0, 0, 0, 0, 0, 0,
    0, 0, 0, 0, 0, 0, 0, 0,
    0, 0, 0, 0, 0, 0, 0, 0,
    -6, 0, 0, 0, -16, -5, 0, -5,
    0, -14, 0, 0, 0, 0, 0, 0,
    0, 0, 0, 0, -2, 12, 0, 0,
    0, 0, 0, -5, 0, 0, 0, 0,
    0, 0, 0, 0, 0, 0, 0, 0,
    0, 0, 0, 0, -2, -2, -2, 0,
    0, 0, 0, 0, 0, 0, -2, -2,
    0, 0, 0, 0, 0, 0, 0, 0,
    0, 0, 0, 0, 0, 0, 0, 0,
    0, 0, 0, 0, 0, 0, 0, 0,
    0, 0, 0, 0, 0, 0, 0, 0,
    0, 0, 0, 0, 0, 0, 0, 0,
    0, 0, 0, 0, 0, 0, 0, 0,
    0, 3, 0, 0, 0, 0, 0, 0,
    0, 0, 0, 0, 0, 0, 0, 0,
    0, 0, 0, 0, 0, 0, 0, 0,
    0, 0, 0, 0, 0, 0, 0, 0,
    0, 0, 0, 0, 0, 0, 0, 0,
    0, 0, 0, 0, 0, 0, 0, 0,
    0, 0, 0, 0, 0, 0, 0, 0,
    0, 0, 0, 0, 0, 0, 0, 0,
    0, 0, 0, 0, 0, 0, 0, 0,
    0, 0, 0, 0, 0, 0, 0, 0,
    0, 0, 0, 0, 0, 5, 0, 0,
    0, 0, 0, 0, 0, 0, 0, 0,
    0, 0, 0, 0, 0, 0, 0, 0,
    0, 0, 0, 0, 0, 0, 0, 0,
    0, 0, 0, 0, 0, 0, 0, 0,
    0, 0, -6, 0, 0, 0, -3, 0,
    0, 0, -2, 0, 0, 0, 0, 0,
    0, 0, 0, 0, 0, 0, 0, 0,
    0, -8, 0, 0, 0, 0, 0, 0,
    -8, 0, 0, 0, 0, -4, 0, 0,
    -8, 0, 0, 0, 0, -1, -1, 0,
    -1, 0, 0, 0, -1, -1, -1, -2,
    0, 0, 0, -1, 0, 0, 0, 0,
    0, 0, 0, 0, 0, 0, 0, -1,
    -1, -1, -1, -1, -1, -1, 0, 0,
    0, 0, -1, -1, 0, 0, -1, 0,
    0, 0, -3, 0, 0, -2, 2, -2,
    -2, 0, 0, 0, 0, 0, 0, 0,
    0, 0, 0, -1, -1, -6, 0, -2,
    0, 0, 0, 0, -13, 0, -5, -4,
    -6, -11, 0, 0, -10, 0, 0, 0,
    0, 0, -1, 0, -1, 0, 0, 0,
    -1, -1, 0, -2, -4, -3, 0, 0,
    0, -3, 0, 0, 0, -3, 0, 0,
    0, 0, 0, 0, -1, -1, -1, 0,
    0, 0, 0, 0, 0, 0, -1, -1,
    0, 0, 0, 0, 0, 0, -3, 0,
    0, 0, 0, 0, 0, 0, 0, 0,
    0, 0, 0, 0, 0, 0, 0, 0,
    0, -3, 0, 0, 0, 0, 0, 0,
    -10, 0, 0, 0, 0, 0, 0, 0,
    -4, 0, 0, 0, 3, -2, 3, 0,
    1, 0, 0, 0, 0, 3, 0, 0,
    0, 0, 0, -2, 0, 0, 0, 0,
    0, 0, 0, 0, 0, 0, 0, -2,
    1, 1, 1, -2, -2, -2, 0, 0,
    0, 3, 1, 1, 0, 0, -5, 0,
    0, 0, 0, 0, 0, 0, 0, 0,
    -3, 0, 0, 0, 0, 0, 0, 0,
    0, 0, 0, 0, 0, -7, 2, 0,
    0, 0, 0, 0, -12, 0, -5, -4,
    0, -11, 0, 0, -8, 0, 0, 0,
    0, 0, 0, 1, 0, 0, 0, 0,
    0, 0, 0, -1, 0, -2, 0, 0,
    0, 0, 0, 0, 0, 0, 0, 0,
    0, 0, 0, 0, 0, 0, 0, 0,
    0, 0, 0, 0, 0, 0, 0, 0,
    0, 0, 5, 0, 0, 0, 0, 6,
    0, -6, -5, -6, -5, 0, 0, 0,
    0, 0, 0, 0, 0, 0, 0, 0,
    0, 2, -3, 0, 0, 0, 0, 0,
    0, 0, 0, 0, 0, 0, 0, 0,
    0, 0, 0, -2, 0, -4, 1, -3,
    2, 0, 0, 0, -2, 1, 0, 1,
    -1, 0, 0, -4, 0, 0, 0, 0,
    0, 0, 0, 0, -2, -2, -2, -4,
    2, 5, 6, -4, -4, -4, 0, -2,
    -2, 2, 6, 2, 0, 0, 0, 0,
    0, 0, 0, 0, 0, 0, 0, 0,
    0, 0, 0, 0, 0, 0, 0, 0,
    0, 0, 0, 0, 0, 0, 0, 0,
    0, 0, 0, 0, -6, 0, 0, 0,
    0, 0, 0, 0, -5, 0, 0, 0,
    0, 0, 0, 0, 0, 4, 0, 0,
    0, 0, 0, 0, 0, 0, 0, 0,
    0, 0, 0, 0, 0, 0, 0, 0,
    0, 0, 0, 0, 0, 0, 0, 0,
    0, 0, 0, 0, 0, 0, 0, 0,
    0, 0, 0, 0, 0, 0, 0, 0,
    0, 0, 0, 0, 0, 0, 0, 0,
    0, 0, 0, 0, 0, 0, 0, 0,
    0, -5, 0, 0, 0, 0, 0, 0,
    -8, 0, 0, 0, 0, 0, 0, 0,
    -7, 0, 0, 0, 0, 0, 0, 0,
    0, 0, 0, 0, 0, -2, 0, -3,
    0, 0, 0, 0, 0, 0, 0, 0,
    0, 0, 0, 0, 0, 0, 0, 0,
    0, 0, 0, 0, 0, 0, 0, 0,
    0, 0, 0, 0, 0, 0, 0, 0,
    0, 0, 0, 0, 0, 0, 0, 0,
    0, 0, 0, 0, 0, 0, 0, 0,
    0, 0, 0, 0, 0, 0, 0, 0,
    0, 0, 0, 0, 0, 0, 0, 0,
    0, 0, 0, 0, 0, 0, 0, 0,
    0, 0, 0, 0, 0, 4, 0, 0,
    0, 0, 0, 0, 0, 0, 0, 0,
    0, 0, 0, 0, 0, 0, 0, 0,
    0, 0, 0, 0, 0, 0, 0, 0,
    0, 0, 0, 0, 0, 0, 0, 0,
    0, 0, 0, 0, 0, -3, 0, 0,
    0, -1, -5, -1, 0, 0, 0, 0,
    0, 0, 0, 0, 0, 0, 0, -1,
    -1, 0, -5, 0, 0, 0, 0, 0,
    -8, 0, 0, 0, 0, 0, 0, 0,
    0, 0, 0, -2, 0, -4, 0, 0,
    -2, 0, 0, 0, 0, -2, 0, 1,
    4, 0, 0, -4, 0, -3, 0, 0,
    0, 0, 0, 0, -2, -2, -2, -4,
    -2, -2, -2, -4, -4, -4, 0, -2,
    -2, 0, -2, -2, 0, 0, 0, 0,
    0, 0, 0, 0, 0, 2, 0, 2,
    0, 0, 0, 0, 0, 0, 0, 0,
    0, 0, 0, 0, 0, 0, 0, 0,
    0, 0, 0, 0, 0, 0, 0, 0,
    0, 0, 0, 0, -3, 0, 0, 2,
    -1, -1, 0, -1, -1, 0, 0, 0,
    0, -1, 0, -2, 0, 0, 0, -1,
    0, 0, 0, 0, 0, 0, 0, 0,
    2, 2, 2, -1, -1, -1, -1, -1,
    -1, -1, 0, 2, 2, -1, -1, -1,
    0, 0, 0, 0, 0, 0, 11, 0,
    0, 6, 0, 0, 12, 0, 0, 0,
    0, 0, 0, 0, 0, 0, 0, 0,
    6, 0, 0, 0, 0, 0, 0, 0,
    -6, 0, 0, 0, 0, 0, 0, 2,
    -5, 14, 15, 0, 0, 0, 0, 0,
    0, 22, 0, 2, 0, 0, 0, 5,
    0, 0, 2, 0, 0, 0, 0, 0,
    0, 0, 9, 0, 0, 0, 0, 0,
    0, 0, 0, 0, 0, 0, 2, 0,
    0, 0, 0, 10, -3, 0, 8, 0,
    0, 0, 0, 0, 0, -11, 0, -11,
    0, 0, 0, 0, 0, 0, 0, 0,
    0, 0, 0, 0, 0, 0, 0, 0,
    0, 0, 0, 0, 0, 0, 0, 0,
    0, 0, 0, 0, 0, 0, 0, -2,
    2, -2, 5, -1, 4, 0, 2, 2,
    0, 4, 2, 2, 0, 0, 0, -2,
    0, 0, 0, 0, 0, 0, 0, 0,
    -2, -2, -2, -2, 4, 4, 4, -2,
    -2, -2, 2, -2, -2, 2, 4, 4,
    0, 0, -3, 0, 0, 0, 0, 0,
    0, 0, 0, 0, 0, 0, 0, 0,
    0, 0, 0, 0, 0, 0, 0, 0,
    0, -6, 0, 0, 0, 0, 0, 0,
    -7, 0, 0, 0, 0, 0, 0, 0,
    -4, 0, 0, 0, 0, 0, 0, 0,
    0, 0, 0, 0, 0, 0, 0, -1,
    -1, 0, 0, 0, 0, 0, 0, 0,
    0, 0, 0, 0, 0, 0, 0, 0,
    0, 0, 0, 0, 0, 0, 0, 0,
    0, 0, 0, 0, 0, 0, 2, 0,
    0, 0, 0, 0, 0, 0, -2, 0,
    0, 0, 0, 0, 0, 0, 0, 0,
    0, 0, 0, 0, 0, -2, -1, 0,
    0, 0, 0, 0, 0, 0, 0, 0,
    0, 0, 0, 0, 0, 0, 0, 0,
    0, -2, 0, 0, 1, 0, 0, 0,
    0, 0, 0, 0, 0, 0, 0, -2,
    0, 0, 0, 0, 0, 0, 0, 0,
    0, 0, 0, -2, 1, 1, 1, -2,
    -2, -2, 0, 0, 0, 0, 1, 1,
    0, 0, 0, 0, 0, 0, 0, 0,
    0, 0, 0, 0, 0, 0, 0, 0,
    0, 0, 0, 0, 0, 0, 0, 0,
    0, 0, 0, 0, 0, 0, 0, 0,
    -6, 0, 0, 0, 0, 0, 0, 0,
    -5, 0, 0, 0, 0, 0, 0, 0,
    0, 0, 0, 0, 0, 0, 0, 0,
    0, 0, 0, 0, 0, 0, 0, 0,
    0, 0, 0, 0, 0, 0, 0, 0,
    0, 0, 0, 0, 0, 0, 0, 0,
    0, 0, 0, 0, -2, 0, 0, 0,
    0, 0, 0, 0, 0, -6, -2, -6,
    -5, 0, 0, 0, 0, 0, 0, 0,
    0, 0, 0, 0, 0, 0, 0, -5,
    0, 0, 0, 0, -4, 0, -2, 0,
    -3, -4, 0, 0, -3, 0, 0, -2,
    0, -2, 3, -1, 3, 0, 0, 0,
    -1, 2, 0, 4, 0, 0, 0, -2,
    0, 0, 0, 0, 0, 0, 0, 0,
    -2, -2, -2, -2, 3, 3, 3, -2,
    -2, -2, 0, -2, -2, 0, 3, 3,
    0, 0, 0, 0, 0, 0, 0, 0,
    0, 0, 0, 0, 0, 0, 0, 0,
    0, 0, 0, 0, 0, 0, 0, 0,
    0, 0, 0, 0, 0, 0, 0, 0,
    -8, 0, -3, 0, 0, -4, 0, 0,
    0, 0, 0, 0, 0, -4, 1, -2,
    0, 0, 0, 0, -1, 0, 0, 0,
    4, 0, 0, -4, 0, 0, 0, 0,
    0, 0, 0, 0, 0, 0, 0, -4,
    0, 0, 0, -4, -4, -4, 0, 0,
    0, 0, 0, 0, 0, 0, 0, 0,
    0, 0, 0, 0, 0, 0, -2, 0,
    0, 0, 0, 0, 0, 0, 0, 0,
    0, 0, 0, 0, 0, 0, 0, 0,
    0, 0, 0, 0, -6, 0, 0, 0,
    0, -5, 0, 0, 0, 0, 0, 0,
    0, -3, 2, 0, 0, 0, 0, 0,
    0, 2, 0, 2, 0, 0, 0, -3,
    0, 0, 0, 0, 0, 0, 0, 0,
    0, 0, 0, -3, 0, 0, 0, -3,
    -3, -3, 0, 0, 0, 0, 0, 0,
    0, 0, 0, 0, 0, 0, 0, 0,
    0, 0, 0, 0, 0, 0, 0, 0,
    0, 0, 0, 0, 0, 0, 0, 0,
    0, 0, 0, 0, 0, 0, 0, 0,
    0, 0, 0, 0, 0, 0, 0, 0,
    0, 0, 0, 0, 0, 0, 0, 0,
    0, 5, 0, 0, 0, 0, 0, 0,
    0, 0, 0, 0, 0, 0, 0, 0,
    0, 0, 0, 0, 0, 0, 0, 0,
    0, 0, 0, 0, 0, 0, 0, 0,
    0, 0, 0, 0, 0, 0, 0, 0,
    0, 0, 0, 0, 0, 0, 0, 0,
    0, 0, 0, 0, 0, 0, 0, 0,
    0, 0, 0, 0, 0, 0, 0, 0,
    0, 0, 0, 0, -5, 0, -5, -3,
    0, -8, 0, 0, 0, 0, 0, 0,
    0, 0, 0, 0, 0, 7, 0, 0,
    0, 0, 0, 0, 0, 0, 0, 0,
    0, 0, 0, 0, 0, 0, 0, 0,
    0, 0, 0, 0, 0, 0, 0, 0,
    0, 0, 0, 0, 0, 0, 0, 0,
    0, 0, 0, 0, 0, 0, -3, 0,
    0, 0, 0, 0, 0, 0, 0, 0,
    0, 0, 0, 0, 0, 0, 0, 0,
    0, -3, 0, 0, 0, 0, 0, 0,
    0, 0, 0, 0, 0, 0, 0, 0,
    -4, 0, 0, 0, 0, 0, 0, 0,
    0, 0, 0, 0, 0, 0, 0, 0,
    0, 0, 0, -2, 0, 0, 0, 0,
    0, 0, 0, 0, 0, 0, 0, 0,
    0, 0, 0, 0, 0, 0, 0, 0,
    0, 0, 0, 0, 0, 0, 0, 0,
    0, 0, 0, 0, 0, 0, 0, 0,
    0, 0, 0, 0, 0, 0, 0, 0,
    0, 0, 0, 0, 0, 0, 0, 0,
    0, 0, 0, 0, 0, 0, 0, 0,
    0, 0, 0, 0, 0, 0, 0, 0,
    0, 0, 0, 0, 0, 2, 0, 0,
    0, 0, 0, 0, 0, 0, 0, 0,
    0, 0, 0, 0, 0, 0, 0, 0,
    0, 0, 0, 0, 0, 0, 0, 0,
    0, 0, 0, 0, 0, 0, 0, 0,
    0, 0, 0, 0, 0, 0, 0, 0,
    0, 0, 0, 0, 0, 0, 0, 0,
    0, 0, 0, 0, 0, 0, 0, 0,
    0, 0, 0, 0, 0, 0, 0, 0,
    0, 0, 0, 0, 0, 0, 0, 0,
    0, 0, 0, 0, 0, 0, 0, 0,
    0, 0, 0, 0, 0, 0, 0, 0,
    0, 0, 0, -3, 0, 0, 0, 0,
    0, 0, 0, 0, 0, 0, 0, 0,
    0, 0, 0, 0, 0, 0, 0, 0,
    0, 0, 0, 0, 0, 0, 0, 0,
    0, 0, 0, 0, 0, 0, 0, 0,
    0, 0, 4, 0, 0, 0, 0, 0,
    8, 0, 0, 0, 0, 0, 0, 0,
    0, 0, 0, 0, 0, 0, 0, 0,
    0, 0, 0, 0, 0, 0, 0, 0,
    0, 0, 0, 0, 0, 0, 0, 0,
    0, 0, 0, 0, 0, 0, 0, 0,
    0, 0, 0, 0, 0, 0, 0, 0,
    0, 0, 0, 0, 0, 0, 0, 0,
    0, 0, 0, 0, 0, 0, 0, 0,
    0, 0, 0, 0, 0, 0, 0, 0,
    0, 0, 0, 0, 0, 0, 0, 0,
    0, 0, 0, 0, 0, 0, 0, 0,
    0, 0, 0, 0, 0, 0, 0, 0,
    0, 0, 0, 0, 0, 0, 0, 0,
    0, 0, 0, 0, 0, 0, 0, 0,
    0, 0, 0, 0, 0, 0, 0, 0,
    0, 0, 0, 0, 0, 0, 0, 0,
    0, 0, 0, 0, 0, 0, 0, 0,
    0, 0, 0, 0, 0, 0, 0, 0,
    0, 2, 0, 0, 0, 0, 0, 0,
    0, 0, 0, 0, 0, 0, 0, 0,
    0, 0, 0, 0, 0, 0, 0, 0,
    0, 0, 0, 0, 0, 0, 0, 0,
    0, 0, 0, 0, 0, 0, 0, 0,
    0, 0, 0, 0, 0, 0, 0, 0,
    0, 0, 0, 0, 0, 0, 0, 0,
    0, 0, 0, 0, 0, 0, 0, -2,
    0, 0, 0, 0, 0, 0, 0, 0,
    0, 0, 0, 0, 0, 0, 0, 0,
    0, 0, 0, 0, 0, 0, 0, 0,
    0, 0, 0, 0, 0, 0, 0, 0,
    0, 0, 0, 0, 0, 0, 0, 0,
    0, 0, 0, 0, 0, 0, 0, 0,
    0, 0, 0, 0, 0, 0, 0, 0,
    0, 0, 0, 0, 0, 0, 0, 0,
    0, 0, 0, 0, 0, 0, 0, 0,
    0, 0, 0, 0, 0, 0, 0, 0,
    0, 0, 0, -6, 0, 0, 0, 0,
    0, 0, 0, 0, 0, 0, 0, 0,
    0, 0, 0, 0, 0, 0, 0, 0,
    0, 0, 0, 0, 0, 0, 0, 0,
    0, 0, -8, 0, 0, 0, 2, 0,
    -5, 0, 0, 0, 0, 0, 0, 0,
    0, 0, 0, 0, 0, -4, 0, -3,
    0, 0, 0, 0, 0, 0, -5, 0,
    -6, 0, 0, 0, -2, 0, 0, 0,
    0, 0, 0, 0, 0, 0, 0, 0,
    0, 0, 0, 0, 0, 0, 0, 0,
    0, 0, 0, 0, 0, 0, 0, -9,
    0, 0, 0, 0, 0, 0, 0, 0,
    0, 0, 0, 0, 0, 0, 0, 0,
    0, 0, 0, 0, 0, 0, 0, 0,
    0, 0, 0, 0, 0, 0, 0, 0,
    0, 0, 0, 0, 0, 0, 0, 0,
    0, 0, 0, 0, 0, 0, 0, 0,
    0, 0, 0, 0, 0, 0, 0, 0,
    -4, 0, 0, 0, 0, 0, 0, 0,
    0, 0, 0, 0, 0, 0, 0, -1,
    0, 0, 0, 0, 0, 0, 0, 0,
    0, 0, 0, 0, 0, 0, 0, 0,
    0, 0, 0, 0, 0, 0, 0, 0,
    0, 0, 0, 0, 0, 0, 4, 0,
    0, 0, 0, 0, 0, 0, 0, 0,
    0, 0, 0, 0, 0, 0, 0, 0,
    0, 0, 0, 0, 0, 5, 0, 0,
    0, 0, 0, 0, 0, 0, 0, 0,
    0, 0, 0, 0, 0, 2, 0, 0,
    2, 0, 0, 0, 0, 0, 0, 0,
    0, 0, 0, 0, 0, 0, 0, 0,
    0, 0, 4, 1, 0, 0, 0, 0,
    0, 0, 0, 0, 0, 0, 0, 0,
    0, 0, 1, 0, 0, 2, 0, 0,
    0, 0, 0, 0, 0, 0, 0, 0,
    0, 0, 0, 0, 0, 0, 0, 0,
    0, 0, 0, 0, 0, 0, 0, 0,
    0, 0, 0, 0, 0, 0, 0, 0,
    0, 0, 0, 0, 0, 0, 0, 0,
    0, 1, 0, 0, 3, 0, 0, 0,
    0, 0, 0, 0, 0, 0, 0, 0,
    0, 0, 0, 0, 5, 0, 0, 0,
    0, 0, 0, 0, 0, 0, 0, 0,
    0, 0, 0, 0, 0, 0, 0, 0,
    0, 3, 0, 0, 0, 0, 0, 0,
    0, 0, 0, 0, 0, -4, 0, -4,
    0, 0, 0, 0, 0, 0, 0, 0,
    0, 0, 0, 0, 0, 0, 0, 0,
    0, 0, 0, 0, 0, 0, 0, 0,
    0, 0, 0, 0, 0, 0, 0, 0,
    0, 0, 0, 0, 0, 0, 0, 0,
    0, 0, 0, 0, 0, 0, 0, 0,
    0, 0, 0, 0, 0, 0, 0, 0,
    0, 0, 0, 0, 0, 0, 0, 0,
    0, 0, 0, 0, 0, 0, 0, 0,
    -2, -2, -8, 0, 0, 0, -3, -11,
    0, 2, -2, 2, 2, 0, 0, 0,
    0, 0, 0, 0, 0, 0, 0, 0,
    0, -8, 0, 4, -4, 0, 0, -3,
    -9, -5, -7, -5, 3, -9, 0, 0,
    -10, 0, 0, 0, 0, -2, -2, 0,
    0, 12, 0, 0, 0, -4, -2, -5,
    0, 0, 0, -2, 0, 0, 0, 0,
    0, 0, 0, 0, 0, 0, 0, -2,
    0, 0, 0, -2, -2, -2, 0, 0,
    0, 0, 0, 0, 0, 0, -6, 0,
    0, 0, -3, 0, 0, 0, -2, 0,
    0, 0, 0, 0, 0, 0, 0, 0,
    0, 0, 0, 0, 0, -8, 0, 0,
    0, 0, 0, 0, -8, 0, 0, 0,
    0, -4, 0, 0, -8, 0, 0, 0,
    0, -1, -1, 0, -1, 7, 0, 0,
    -1, -1, -1, -2, 0, 0, 0, -1,
    0, 0, 0, 0, 0, 0, 0, 0,
    0, 0, 0, -1, -1, -1, -1, -1,
    -1, -1, 0, 0, 0, 0, -1, -1,
    0, 0, 2, -4, 0, -11, 1, 0,
    0, -13, -10, -13, -13, 0, 0, 0,
    0, 0, 0, 0, 0, 0, 0, 0,
    0, 0, -10, 0, 0, 0, 0, 0,
    0, 0, 0, 0, 0, 0, 0, 0,
    5, 1, -13, -7, 0, -9, -2, -6,
    -1, -2, -4, -4, -6, 0, -4, -1,
    -2, -1, 0, -9, 5, -13, 0, 0,
    -11, -13, 0, 0, -7, -7, -7, -9,
    -1, -1, -1, -9, -9, -9, 0, -7,
    -7, 0, -1, -1, 0, 0, 0, 0,
    0, 0, 0, 0, 0, 0, 0, 0,
    0, 0, 0, 0, 0, 0, 0, 0,
    0, 0, 0, 0, 0, 4, 0, 0,
    0, 0, 0, 0, 0, 0, 0, 0,
    0, 0, 0, 0, 0, 0, 0, 0,
    0, 0, 0, 0, 0, 0, 0, 0,
    0, 0, 0, 0, 0, 0, 0, 0,
    0, 0, 0, 0, 0, 0, 0, 0,
    0, 0, 0, 0, 0, 0, 0, 0,
    0, 0, 0, 0, 0, 0, 0, 0,
    0, 0, 0, 0, 0, 0, 0, 0,
    0, 0, 0, 0, 0, 0, 0, 0,
    0, 0, 0, 0, 0, 0, 0, 0,
    0, 0, 0, 0, -4, 0, 0, -1,
    2, 0, 0, 0, 0, 0, 0, 0,
    0, 0, 0, 0, 0, -2, 0, 0,
    0, 7, 0, 0, 0, 0, 0, -2,
    0, 0, 0, -2, 0, 0, 0, 0,
    0, 0, 0, 0, 0, 0, 0, -2,
    0, 0, 0, -2, -2, -2, 0, 0,
    0, 0, 0, 0, 0, 0, 0, 0,
    0, 0, 0, 0, 0, 0, 0, 0,
    0, 0, 0, 0, 0, 0, 0, 0,
    0, 0, 0, 0, 0, 0, 0, 0,
    0, 0, 0, 0, 0, 0, 0, 0,
    0, 0, 0, 0, 0, 0, 0, 0,
    0, 0, 0, 0, 0, 0, 0, 0,
    0, 0, 0, 0, 0, 0, 0, 0,
    0, 0, 0, 0, 0, 0, 0, 0,
    0, 0, 0, 0, 0, 5, 0, 0,
    0, 0, 0, 0, 0, 5, 0, 0,
    0, 0, 0, 0, 0, 0, 0, 0,
    0, 0, 0, 0, 0, 0, 0, 0,
    0, 0, 0, 0, 0, 0, 0, 0,
    0, 0, 0, 0, -4, 0, 0, 0,
    0, 0, 0, 0, 0, 0, 0, 0,
    0, 0, 0, -1, 0, -4, 0, -4,
    0, 5, 0, 0, 0, 0, 0, -3,
    0, 0, 0, -4, 0, 0, 0, 0,
    0, 0, 0, 0, -1, -1, -1, -4,
    0, 0, 0, -4, -4, -4, 0, -1,
    -1, 0, 0, 0, 0, 0, 0, 0,
    0, 0, 0, 0, 0, 0, 0, 0,
    0, 0, 0, 0, 0, 0, 0, 0,
    0, 0, 0, 0, 0, 0, 0, 0,
    0, 0, 0, 0, 0, 0, 0, 0,
    0, 0, 0, 0, 0, 0, 0, 0,
    0, 0, 0, 0, 0, 4, 0, 0,
    0, 0, 0, 0, 0, 0, 0, 0,
    0, 0, 0, 0, 0, 0, 0, 0,
    0, 0, 0, 0, 0, 0, 0, 0,
    0, 0, 0, 0, 0, 0, 0, 0,
    0, 0, 0, 0, 0, 0, 0, 0,
    0, 2, 0, 2, 0, 0, 0, 0,
    0, 0, 0, 0, 0, 0, 0, 0,
    0, 0, 0, 0, 0, 0, 0, 0,
    0, 0, 0, 0, 0, 0, 0, 0,
    -3, 0, 0, 2, -1, -1, 0, -1,
    -1, 7, 0, 0, 0, -1, 0, -2,
    0, 0, 0, -1, 0, 0, 0, 0,
    0, 0, 0, 0, 2, 2, 2, -1,
    -1, -1, -1, -1, -1, -1, 0, 2,
    2, -1, -1, -1, 0, 0, 2, -3,
    0, -8, 1, -3, 0, -8, -8, -8,
    -8, 0, 0, 0, 0, 0, 0, 0,
    0, 0, 0, -1, -1, 0, -7, 0,
    0, 0, 0, 0, 0, 0, 0, 0,
    0, 0, 0, 0, 5, 1, -7, -6,
    0, -8, -2, -7, -1, 0, -3, -2,
    -7, -1, -4, -1, -2, -4, 0, -8,
    5, -8, 0, 0, -8, -8, 0, 0,
    -6, -6, -6, -8, -1, -1, -1, -8,
    -8, -8, 0, -6, -6, 0, -1, -1,
    0, 0, 2, 0, 0, 0, 0, 0,
    0, 0, -2, 0, 0, 0, 0, 0,
    0, 0, 0, 0, 0, 0, 0, 0,
    0, -2, -1, 0, 0, 0, 0, 0,
    0, 0, 0, 0, 0, 0, 0, 0,
    0, 0, 0, 0, 0, -2, 0, 0,
    1, 8, 0, 0, 0, 0, 0, 0,
    0, 0, 0, -2, 0, 0, 0, 0,
    0, 0, 0, 0, 0, 0, 0, -2,
    1, 1, 1, -2, -2, -2, 0, 0,
    0, 0, 1, 1, 0, 0, 2, 0,
    0, 0, 0, 0, 0, 0, -2, 0,
    0, 0, 0, 0, 0, 0, 0, 0,
    0, 0, 0, 0, 0, -2, -1, 0,
    0, 0, 0, 0, 0, 0, 0, 0,
    0, 0, 0, 0, 1, 1, 0, 0,
    0, -2, 0, 0, 1, 0, 0, 0,
    0, 0, 0, 0, 0, 0, 0, -2,
    0, 0, 0, 0, 0, 0, 0, 0,
    0, 0, 0, -2, 1, 1, 1, -2,
    -2, -2, 0, 0, 0, 0, 1, 1
};


/*Collect the kern class' data in one place*/
static const lv_font_fmt_txt_kern_classes_t kern_classes =
{
    .class_pair_values   = kern_class_values,
    .left_class_mapping  = kern_left_class_mapping,
    .right_class_mapping = kern_right_class_mapping,
    .left_class_cnt      = 90,
    .right_class_cnt     = 84,
};

/*--------------------
 *  ALL CUSTOM DATA
 *--------------------*/

#if LVGL_VERSION_MAJOR == 8
/*Store all the custom data of the font*/
static  lv_font_fmt_txt_glyph_cache_t cache;
#endif

#if LVGL_VERSION_MAJOR >= 8
static const lv_font_fmt_txt_dsc_t font_dsc = {
#else
static lv_font_fmt_txt_dsc_t font_dsc = {
#endif
    .glyph_bitmap = glyph_bitmap,
    .glyph_dsc = glyph_dsc,
    .cmaps = cmaps,
    .kern_dsc = &kern_classes,
    .kern_scale = 16,
    .cmap_num = 7,
    .bpp = 4,
    .kern_classes = 1,
    .bitmap_format = 0,
#if LVGL_VERSION_MAJOR == 8
    .cache = &cache
#endif
};



/*-----------------
 *  PUBLIC FONT
 *----------------*/

/*Initialize a public general font descriptor*/
#if LVGL_VERSION_MAJOR >= 8
const lv_font_t lv_font_ratdeck_10 = {
#else
lv_font_t lv_font_ratdeck_10 = {
#endif
    .get_glyph_dsc = lv_font_get_glyph_dsc_fmt_txt,    /*Function pointer to get glyph's data*/
    .get_glyph_bitmap = lv_font_get_bitmap_fmt_txt,    /*Function pointer to get glyph's bitmap*/
    .line_height = 12,          /*The maximum line height required by the font*/
    .base_line = 3,             /*Baseline measured from the bottom of the line*/
#if !(LVGL_VERSION_MAJOR == 6 && LVGL_VERSION_MINOR == 0)
    .subpx = LV_FONT_SUBPX_NONE,
#endif
#if LV_VERSION_CHECK(7, 4, 0) || LVGL_VERSION_MAJOR >= 8
    .underline_position = -1,
    .underline_thickness = 1,
#endif
    .dsc = &font_dsc,          /*The custom font data. Will be accessed by `get_glyph_bitmap/dsc` */
#if LV_VERSION_CHECK(8, 2, 0) || LVGL_VERSION_MAJOR >= 9
    .fallback = NULL,
#endif
    .user_data = NULL,
};



#endif /*#if LV_FONT_RATDECK_10*/

