/*******************************************************************************
 * Size: 16 px
 * Bpp: 4
 * Opts: --no-compress --no-prefilter --bpp 4 --size 16 --font assets/fonts/atkinson-hyperlegible-next/AtkinsonHyperlegibleNext-Medium.ttf -r 0x20-0x7F,0xA0-0xFF,0x100-0x17F --font assets/fonts/atkinson-hyperlegible-next/FontAwesome5-Solid+Brands+Regular.woff -r 0xF0E0 --format lvgl --lv-include lvgl.h -o src/fonts/lv_font_ratdeck_16.c --force-fast-kern-format
 ******************************************************************************/

#ifdef LV_LVGL_H_INCLUDE_SIMPLE
#include "lvgl.h"
#else
#include "lvgl.h"
#endif

#ifndef LV_FONT_RATDECK_16
#define LV_FONT_RATDECK_16 1
#endif

#if LV_FONT_RATDECK_16

/*-----------------
 *    BITMAPS
 *----------------*/

/*Store the image of the glyphs*/
static LV_ATTRIBUTE_LARGE_CONST const uint8_t glyph_bitmap[] = {
    /* U+0020 " " */

    /* U+0021 "!" */
    0x9f, 0x49, 0xf4, 0x9f, 0x38, 0xf2, 0x6f, 0x15,
    0xf0, 0x4e, 0x0, 0x30, 0x15, 0xc, 0xf7, 0x8f,
    0x40,

    /* U+0022 "\"" */
    0x5f, 0x3d, 0xb4, 0xf2, 0xca, 0x3f, 0x1b, 0x91,
    0x90, 0x54,

    /* U+0023 "#" */
    0x0, 0x5, 0xf4, 0xb, 0xe0, 0x0, 0x0, 0x7f,
    0x20, 0xdc, 0x0, 0x0, 0x9, 0xf0, 0xf, 0xa0,
    0x0, 0xbf, 0xff, 0xff, 0xff, 0xf8, 0x8, 0x9f,
    0xd9, 0xbf, 0xb9, 0x40, 0x0, 0xf9, 0x5, 0xf4,
    0x0, 0x0, 0x2f, 0x70, 0x7f, 0x10, 0x5, 0xff,
    0xff, 0xff, 0xff, 0xf0, 0x49, 0xcf, 0xa9, 0xee,
    0x98, 0x0, 0x9, 0xf0, 0xf, 0xa0, 0x0, 0x0,
    0xcd, 0x1, 0xf8, 0x0, 0x0,

    /* U+0024 "$" */
    0x0, 0x0, 0xb3, 0x0, 0x0, 0x0, 0x7d, 0xff,
    0xc4, 0x0, 0xa, 0xfb, 0xda, 0xef, 0x50, 0x2f,
    0xb0, 0xb3, 0x28, 0x20, 0x2f, 0xc0, 0xb3, 0x0,
    0x0, 0xb, 0xfe, 0xe7, 0x10, 0x0, 0x0, 0x7d,
    0xff, 0xfa, 0x10, 0x0, 0x0, 0xb8, 0xbf, 0xc0,
    0x0, 0x0, 0xb3, 0xd, 0xf0, 0x3e, 0x80, 0xb3,
    0xe, 0xe0, 0xd, 0xfb, 0xd9, 0xdf, 0x60, 0x0,
    0x8e, 0xff, 0xc5, 0x0, 0x0, 0x0, 0xb3, 0x0,
    0x0, 0x0, 0x0, 0x41, 0x0, 0x0,

    /* U+0025 "%" */
    0x3, 0xcf, 0xc3, 0x0, 0x0, 0xdb, 0x0, 0x1,
    0xed, 0x7c, 0xf1, 0x0, 0x9e, 0x10, 0x0, 0x6f,
    0x10, 0x1f, 0x60, 0x4f, 0x50, 0x0, 0x6, 0xf0,
    0x0, 0xf7, 0xe, 0xa0, 0x0, 0x0, 0x2f, 0x92,
    0x8f, 0x3a, 0xe1, 0x1, 0x0, 0x0, 0x6f, 0xff,
    0x75, 0xf4, 0x4e, 0xfe, 0x40, 0x0, 0x14, 0x11,
    0xe9, 0x2f, 0xb5, 0xbf, 0x20, 0x0, 0x0, 0xae,
    0x6, 0xf1, 0x0, 0xf7, 0x0, 0x0, 0x5f, 0x40,
    0x6f, 0x0, 0xf, 0x60, 0x0, 0x1e, 0x90, 0x1,
    0xfa, 0x4a, 0xf1, 0x0, 0xb, 0xd0, 0x0, 0x3,
    0xcf, 0xc3, 0x0,

    /* U+0026 "&" */
    0x0, 0x6, 0xdf, 0xd4, 0x0, 0x0, 0x0, 0x5f,
    0xb6, 0xcf, 0x20, 0x0, 0x0, 0x8f, 0x20, 0x4f,
    0x50, 0x0, 0x0, 0x4f, 0x90, 0xaf, 0x10, 0x0,
    0x0, 0xc, 0xfe, 0xe4, 0x0, 0x0, 0x1, 0xbf,
    0xef, 0x80, 0x4d, 0x30, 0xb, 0xf5, 0xb, 0xf7,
    0x9f, 0x0, 0x1f, 0xb0, 0x0, 0xcf, 0xfa, 0x0,
    0x1f, 0xd0, 0x0, 0x2f, 0xf6, 0x0, 0x9, 0xfc,
    0x78, 0xef, 0xef, 0x30, 0x0, 0x7d, 0xfe, 0xa2,
    0x2f, 0xe2,

    /* U+0027 "'" */
    0x5f, 0x34, 0xf2, 0x3f, 0x11, 0x90,

    /* U+0028 "(" */
    0x0, 0x6f, 0x30, 0xe, 0xb0, 0x5, 0xf4, 0x0,
    0xae, 0x0, 0xe, 0xb0, 0x1, 0xf8, 0x0, 0x2f,
    0x70, 0x2, 0xf7, 0x0, 0x1f, 0x80, 0x0, 0xeb,
    0x0, 0xa, 0xe0, 0x0, 0x5f, 0x40, 0x0, 0xeb,
    0x0, 0x6, 0xf3,

    /* U+0029 ")" */
    0x3f, 0x60, 0x0, 0xae, 0x0, 0x4, 0xf5, 0x0,
    0xe, 0xa0, 0x0, 0xbe, 0x0, 0x8, 0xf1, 0x0,
    0x6f, 0x20, 0x6, 0xf2, 0x0, 0x8f, 0x10, 0xa,
    0xe0, 0x0, 0xea, 0x0, 0x4f, 0x50, 0xa, 0xe0,
    0x3, 0xf6, 0x0,

    /* U+002A "*" */
    0x0, 0xb6, 0x0, 0x64, 0xb7, 0x54, 0x8e, 0xff,
    0xd5, 0x6, 0xff, 0x20, 0xe, 0x48, 0xb0, 0x1,
    0x0, 0x10,

    /* U+002B "+" */
    0x0, 0x0, 0xf9, 0x0, 0x0, 0x0, 0xf, 0x90,
    0x0, 0x0, 0x0, 0xf9, 0x0, 0x1, 0x88, 0x8f,
    0xc8, 0x86, 0x3f, 0xff, 0xff, 0xff, 0xd0, 0x0,
    0xf, 0x90, 0x0, 0x0, 0x0, 0xf9, 0x0, 0x0,
    0x0, 0xf, 0x90, 0x0,

    /* U+002C "," */
    0x4, 0x20, 0x3f, 0xf0, 0x2e, 0xe0, 0x8, 0x80,
    0xe, 0x20,

    /* U+002D "-" */
    0x48, 0x88, 0x83, 0x7f, 0xff, 0xf5,

    /* U+002E "." */
    0x4, 0x30, 0x3f, 0xf0, 0x1e, 0xc0,

    /* U+002F "/" */
    0x0, 0x0, 0xaf, 0x0, 0x0, 0xe, 0xb0, 0x0,
    0x4, 0xf5, 0x0, 0x0, 0xaf, 0x0, 0x0, 0xf,
    0xb0, 0x0, 0x5, 0xf5, 0x0, 0x0, 0xaf, 0x0,
    0x0, 0xf, 0xa0, 0x0, 0x5, 0xf5, 0x0, 0x0,
    0xaf, 0x0, 0x0, 0xf, 0xa0, 0x0, 0x5, 0xf5,
    0x0, 0x0, 0x48, 0x0, 0x0, 0x0,

    /* U+0030 "0" */
    0x0, 0x2a, 0xef, 0xd6, 0x0, 0x1, 0xef, 0x86,
    0xcf, 0x70, 0x9, 0xfd, 0x0, 0xd, 0xf1, 0xe,
    0xec, 0x90, 0x7, 0xf5, 0x1f, 0xb2, 0xf4, 0x4,
    0xf8, 0x1f, 0xa0, 0x6e, 0x14, 0xf8, 0x1f, 0xb0,
    0xb, 0xb4, 0xf7, 0xe, 0xe0, 0x1, 0xed, 0xf5,
    0x9, 0xf4, 0x0, 0x5f, 0xf1, 0x1, 0xef, 0x86,
    0xcf, 0x70, 0x0, 0x2a, 0xef, 0xd6, 0x0,

    /* U+0031 "1" */
    0x0, 0x6, 0xf0, 0x2, 0x6f, 0xf0, 0x6f, 0xff,
    0xf0, 0x14, 0x4c, 0xf0, 0x0, 0xa, 0xf0, 0x0,
    0xa, 0xf0, 0x0, 0xa, 0xf0, 0x0, 0xa, 0xf0,
    0x0, 0xa, 0xf0, 0x0, 0xa, 0xf0, 0x0, 0xa,
    0xf0,

    /* U+0032 "2" */
    0x0, 0x7d, 0xfe, 0x90, 0x0, 0x9f, 0x95, 0x9f,
    0xb0, 0xa, 0xa0, 0x0, 0xcf, 0x0, 0x0, 0x0,
    0xb, 0xf0, 0x0, 0x0, 0x2, 0xfc, 0x0, 0x0,
    0x0, 0xcf, 0x40, 0x0, 0x1, 0xcf, 0x70, 0x0,
    0x2, 0xdf, 0x60, 0x0, 0x4, 0xee, 0x30, 0x0,
    0x5, 0xff, 0x88, 0x88, 0x82, 0x8f, 0xff, 0xff,
    0xff, 0x50,

    /* U+0033 "3" */
    0x0, 0x7d, 0xfe, 0x91, 0x0, 0xaf, 0x95, 0x9f,
    0xc0, 0xd, 0xa0, 0x0, 0xaf, 0x10, 0x0, 0x0,
    0xa, 0xf1, 0x0, 0x0, 0x28, 0xfa, 0x0, 0x0,
    0x8f, 0xfc, 0x10, 0x0, 0x2, 0x58, 0xfd, 0x0,
    0x0, 0x0, 0x6, 0xf6, 0x2a, 0x60, 0x0, 0x7f,
    0x60, 0xdf, 0x85, 0x8f, 0xe1, 0x1, 0x9e, 0xfe,
    0x91, 0x0,

    /* U+0034 "4" */
    0x0, 0x0, 0x9, 0xf8, 0x0, 0x0, 0x0, 0x5f,
    0xf8, 0x0, 0x0, 0x1, 0xed, 0xf8, 0x0, 0x0,
    0xc, 0xe4, 0xf8, 0x0, 0x0, 0x8f, 0x43, 0xf8,
    0x0, 0x4, 0xf8, 0x3, 0xf8, 0x0, 0x1e, 0xb0,
    0x3, 0xf8, 0x0, 0x7f, 0xff, 0xff, 0xff, 0xf4,
    0x38, 0x88, 0x89, 0xfc, 0x82, 0x0, 0x0, 0x3,
    0xf8, 0x0, 0x0, 0x0, 0x3, 0xf8, 0x0,

    /* U+0035 "5" */
    0x5, 0xff, 0xff, 0xff, 0x30, 0x6f, 0x87, 0x77,
    0x71, 0x8, 0xf0, 0x0, 0x0, 0x0, 0xae, 0x0,
    0x0, 0x0, 0xc, 0xec, 0xff, 0xc3, 0x0, 0xdf,
    0x84, 0x7f, 0xf1, 0x0, 0x30, 0x0, 0x6f, 0x70,
    0x0, 0x0, 0x3, 0xf9, 0xa, 0x90, 0x0, 0x6f,
    0x70, 0x9f, 0x95, 0x8f, 0xe1, 0x0, 0x7d, 0xfe,
    0x91, 0x0,

    /* U+0036 "6" */
    0x0, 0x19, 0xef, 0xd5, 0x0, 0xc, 0xf7, 0x6d,
    0xf2, 0x6, 0xf5, 0x0, 0x11, 0x0, 0xcf, 0x0,
    0x10, 0x0, 0xe, 0xc8, 0xff, 0xe6, 0x0, 0xff,
    0xd5, 0x6d, 0xf5, 0xf, 0xf1, 0x0, 0x2f, 0xb0,
    0xee, 0x0, 0x0, 0xed, 0x9, 0xf2, 0x0, 0x2f,
    0xa0, 0x2f, 0xd7, 0x7e, 0xf3, 0x0, 0x3b, 0xff,
    0xb3, 0x0,

    /* U+0037 "7" */
    0xcf, 0xff, 0xff, 0xfd, 0x68, 0x88, 0x89, 0xfc,
    0x0, 0x0, 0x7, 0xf5, 0x0, 0x0, 0xe, 0xe0,
    0x0, 0x0, 0x7f, 0x70, 0x0, 0x0, 0xef, 0x0,
    0x0, 0x6, 0xf8, 0x0, 0x0, 0xd, 0xf1, 0x0,
    0x0, 0x5f, 0xa0, 0x0, 0x0, 0xcf, 0x20, 0x0,
    0x4, 0xfb, 0x0, 0x0,

    /* U+0038 "8" */
    0x0, 0x8, 0xee, 0x70, 0x0, 0x0, 0x8f, 0x9a,
    0xf6, 0x0, 0x0, 0xe9, 0x0, 0xbd, 0x0, 0x0,
    0xf8, 0x0, 0xad, 0x0, 0x0, 0xbe, 0x44, 0xf9,
    0x0, 0x0, 0x9f, 0xff, 0xf7, 0x0, 0xa, 0xfa,
    0x56, 0xbf, 0x80, 0x1f, 0xc0, 0x0, 0xd, 0xf0,
    0x1f, 0xc0, 0x0, 0xe, 0xf0, 0xa, 0xfc, 0x78,
    0xdf, 0x80, 0x0, 0x7d, 0xff, 0xc6, 0x0,

    /* U+0039 "9" */
    0x0, 0x4c, 0xfd, 0x70, 0x0, 0x5f, 0xea, 0xcf,
    0xa0, 0xe, 0xe1, 0x0, 0xbf, 0x32, 0xf8, 0x0,
    0x3, 0xf7, 0x2f, 0x80, 0x0, 0x3f, 0x60, 0xde,
    0x20, 0xc, 0xf2, 0x3, 0xff, 0xce, 0xfa, 0x0,
    0x2, 0x9c, 0xff, 0x20, 0x0, 0x0, 0x3f, 0x80,
    0x0, 0x0, 0xd, 0xe1, 0x0, 0x0, 0x7, 0xf6,
    0x0, 0x0,

    /* U+003A ":" */
    0x1e, 0xb0, 0x3f, 0xf0, 0x4, 0x30, 0x0, 0x0,
    0x0, 0x0, 0x4, 0x30, 0x3f, 0xf0, 0x1e, 0xc0,

    /* U+003B ";" */
    0x1e, 0xb0, 0x3f, 0xf0, 0x4, 0x30, 0x0, 0x0,
    0x0, 0x0, 0x4, 0x20, 0x3f, 0xf0, 0x2e, 0xe0,
    0x8, 0x80, 0xe, 0x20,

    /* U+003C "<" */
    0x0, 0x0, 0x0, 0x29, 0x40, 0x0, 0x3, 0xaf,
    0xf4, 0x0, 0x5c, 0xfe, 0x81, 0x3, 0xef, 0xb5,
    0x0, 0x0, 0x4f, 0xf9, 0x20, 0x0, 0x0, 0x18,
    0xef, 0xc5, 0x0, 0x0, 0x0, 0x6d, 0xfe, 0x30,
    0x0, 0x0, 0x4, 0xb4, 0x0, 0x0, 0x0, 0x0,
    0x0,

    /* U+003D "=" */
    0x8, 0x88, 0x88, 0x88, 0x70, 0xff, 0xff, 0xff,
    0xff, 0x0, 0x0, 0x0, 0x0, 0x0, 0x88, 0x88,
    0x88, 0x87, 0xf, 0xff, 0xff, 0xff, 0xf0,

    /* U+003E ">" */
    0x48, 0x10, 0x0, 0x0, 0x4, 0xff, 0xa3, 0x0,
    0x0, 0x2, 0x8e, 0xfc, 0x50, 0x0, 0x0, 0x5,
    0xbf, 0xe3, 0x0, 0x0, 0x39, 0xff, 0x30, 0x6,
    0xcf, 0xe7, 0x10, 0x4e, 0xfc, 0x50, 0x0, 0x5,
    0xa3, 0x0, 0x0, 0x0, 0x0, 0x0, 0x0, 0x0,
    0x0,

    /* U+003F "?" */
    0x2, 0xae, 0xfd, 0x60, 0x2f, 0xe7, 0x6c, 0xf7,
    0x4c, 0x30, 0x0, 0xfc, 0x0, 0x0, 0x4, 0xfa,
    0x0, 0x0, 0x7f, 0xe2, 0x0, 0xb, 0xfb, 0x10,
    0x0, 0x3f, 0xa0, 0x0, 0x0, 0x29, 0x40, 0x0,
    0x0, 0x5, 0x10, 0x0, 0x0, 0x8f, 0xa0, 0x0,
    0x0, 0x5f, 0x70, 0x0,

    /* U+0040 "@" */
    0x0, 0x2, 0x9d, 0xec, 0x81, 0x0, 0x0, 0x7e,
    0x73, 0x24, 0x9e, 0x40, 0x6, 0xe2, 0x0, 0x0,
    0x4, 0xf2, 0xe, 0x40, 0x6d, 0xfe, 0x60, 0x99,
    0x3e, 0x5, 0xf7, 0x3c, 0x80, 0x5c, 0x5c, 0xa,
    0xb0, 0xb, 0x80, 0x5c, 0x4d, 0x8, 0xd1, 0x2e,
    0xa0, 0xb8, 0xf, 0x21, 0xcf, 0xf8, 0xef, 0xc1,
    0x8, 0xc0, 0x1, 0x0, 0x1, 0x0, 0x0, 0xad,
    0x50, 0x2, 0x30, 0x0, 0x0, 0x5, 0xcf, 0xff,
    0x60, 0x0, 0x0, 0x0, 0x0, 0x10, 0x0, 0x0,

    /* U+0041 "A" */
    0x0, 0x0, 0xff, 0x60, 0x0, 0x0, 0x0, 0x6f,
    0xfb, 0x0, 0x0, 0x0, 0xc, 0xfb, 0xf1, 0x0,
    0x0, 0x2, 0xfb, 0x5f, 0x70, 0x0, 0x0, 0x7f,
    0x50, 0xfd, 0x0, 0x0, 0xd, 0xf1, 0xb, 0xf3,
    0x0, 0x3, 0xfb, 0x0, 0x6f, 0x90, 0x0, 0x9f,
    0xc8, 0x89, 0xfe, 0x0, 0xe, 0xff, 0xff, 0xff,
    0xf4, 0x5, 0xfa, 0x0, 0x0, 0x5f, 0xa0, 0xbf,
    0x40, 0x0, 0x0, 0xef, 0x10,

    /* U+0042 "B" */
    0xdf, 0xff, 0xfd, 0x80, 0xd, 0xf8, 0x88, 0xcf,
    0xa0, 0xdf, 0x0, 0x0, 0xef, 0xd, 0xf0, 0x0,
    0xd, 0xf0, 0xdf, 0x11, 0x16, 0xfa, 0xd, 0xff,
    0xff, 0xfe, 0x20, 0xdf, 0x44, 0x47, 0xee, 0x1d,
    0xf0, 0x0, 0x7, 0xf7, 0xdf, 0x0, 0x0, 0x8f,
    0x7d, 0xf8, 0x88, 0xaf, 0xf2, 0xdf, 0xff, 0xfe,
    0xa2, 0x0,

    /* U+0043 "C" */
    0x0, 0x8, 0xdf, 0xea, 0x20, 0x1, 0xdf, 0xc8,
    0xaf, 0xf4, 0xa, 0xf8, 0x0, 0x2, 0xd7, 0x1f,
    0xe0, 0x0, 0x0, 0x0, 0x4f, 0xa0, 0x0, 0x0,
    0x0, 0x5f, 0x90, 0x0, 0x0, 0x0, 0x4f, 0xa0,
    0x0, 0x0, 0x0, 0x1f, 0xe0, 0x0, 0x0, 0x0,
    0xa, 0xf8, 0x0, 0x2, 0xd8, 0x1, 0xdf, 0xc8,
    0xaf, 0xf4, 0x0, 0x18, 0xdf, 0xea, 0x30,

    /* U+0044 "D" */
    0xdf, 0xff, 0xeb, 0x50, 0x0, 0xdf, 0x88, 0xae,
    0xfb, 0x0, 0xdf, 0x0, 0x0, 0xaf, 0x80, 0xdf,
    0x0, 0x0, 0xf, 0xe0, 0xdf, 0x0, 0x0, 0xc,
    0xf1, 0xdf, 0x0, 0x0, 0xb, 0xf2, 0xdf, 0x0,
    0x0, 0xc, 0xf1, 0xdf, 0x0, 0x0, 0xf, 0xe0,
    0xdf, 0x0, 0x0, 0xaf, 0x80, 0xdf, 0x88, 0xae,
    0xfc, 0x0, 0xdf, 0xff, 0xeb, 0x60, 0x0,

    /* U+0045 "E" */
    0xdf, 0xff, 0xff, 0xfa, 0xdf, 0x99, 0x99, 0x95,
    0xdf, 0x0, 0x0, 0x0, 0xdf, 0x0, 0x0, 0x0,
    0xdf, 0x0, 0x0, 0x0, 0xdf, 0xff, 0xff, 0x0,
    0xdf, 0x99, 0x99, 0x0, 0xdf, 0x0, 0x0, 0x0,
    0xdf, 0x0, 0x0, 0x0, 0xdf, 0x99, 0x99, 0x96,
    0xdf, 0xff, 0xff, 0xfb,

    /* U+0046 "F" */
    0xdf, 0xff, 0xff, 0xf4, 0xdf, 0x99, 0x99, 0x92,
    0xdf, 0x0, 0x0, 0x0, 0xdf, 0x0, 0x0, 0x0,
    0xdf, 0x0, 0x0, 0x0, 0xdf, 0xff, 0xff, 0xf3,
    0xdf, 0x99, 0x99, 0x92, 0xdf, 0x0, 0x0, 0x0,
    0xdf, 0x0, 0x0, 0x0, 0xdf, 0x0, 0x0, 0x0,
    0xdf, 0x0, 0x0, 0x0,

    /* U+0047 "G" */
    0x0, 0x7, 0xdf, 0xeb, 0x30, 0x0, 0x1d, 0xfc,
    0x89, 0xff, 0x50, 0xa, 0xf8, 0x0, 0x1, 0xc7,
    0x1, 0xfe, 0x0, 0x0, 0x0, 0x0, 0x4f, 0xa0,
    0x0, 0x0, 0x0, 0x5, 0xf9, 0x0, 0x4f, 0xff,
    0xf6, 0x4f, 0xa0, 0x2, 0x88, 0xbf, 0x61, 0xfe,
    0x0, 0x0, 0x7, 0xf6, 0xa, 0xf8, 0x0, 0x1,
    0xdf, 0x60, 0x1d, 0xfc, 0x8a, 0xed, 0xf6, 0x0,
    0x19, 0xdf, 0xe9, 0x1d, 0x60,

    /* U+0048 "H" */
    0xdf, 0x0, 0x0, 0xd, 0xf0, 0xdf, 0x0, 0x0,
    0xd, 0xf0, 0xdf, 0x0, 0x0, 0xd, 0xf0, 0xdf,
    0x0, 0x0, 0xd, 0xf0, 0xdf, 0x0, 0x0, 0xd,
    0xf0, 0xdf, 0xff, 0xff, 0xff, 0xf0, 0xdf, 0x99,
    0x99, 0x9e, 0xf0, 0xdf, 0x0, 0x0, 0xd, 0xf0,
    0xdf, 0x0, 0x0, 0xd, 0xf0, 0xdf, 0x0, 0x0,
    0xd, 0xf0, 0xdf, 0x0, 0x0, 0xd, 0xf0,

    /* U+0049 "I" */
    0x3f, 0xff, 0xfa, 0x15, 0xcf, 0x73, 0x0, 0xbf,
    0x20, 0x0, 0xbf, 0x20, 0x0, 0xbf, 0x20, 0x0,
    0xbf, 0x20, 0x0, 0xbf, 0x20, 0x0, 0xbf, 0x20,
    0x0, 0xbf, 0x20, 0x15, 0xcf, 0x73, 0x3f, 0xff,
    0xfa,

    /* U+004A "J" */
    0x0, 0x0, 0x7, 0xf6, 0x0, 0x0, 0x7, 0xf6,
    0x0, 0x0, 0x7, 0xf6, 0x0, 0x0, 0x7, 0xf6,
    0x0, 0x0, 0x7, 0xf6, 0x0, 0x0, 0x7, 0xf6,
    0x0, 0x0, 0x7, 0xf6, 0x38, 0x0, 0x7, 0xf5,
    0xaf, 0x30, 0xb, 0xf2, 0x3f, 0xe8, 0xaf, 0xb0,
    0x4, 0xcf, 0xe9, 0x0,

    /* U+004B "K" */
    0xdf, 0x0, 0x1, 0xdf, 0x50, 0xdf, 0x0, 0xc,
    0xf6, 0x0, 0xdf, 0x0, 0xbf, 0x80, 0x0, 0xdf,
    0x9, 0xf9, 0x0, 0x0, 0xdf, 0x7f, 0xd0, 0x0,
    0x0, 0xdf, 0xff, 0xf3, 0x0, 0x0, 0xdf, 0xd5,
    0xfe, 0x0, 0x0, 0xdf, 0x20, 0x8f, 0xa0, 0x0,
    0xdf, 0x0, 0xc, 0xf5, 0x0, 0xdf, 0x0, 0x2,
    0xff, 0x10, 0xdf, 0x0, 0x0, 0x6f, 0xc0,

    /* U+004C "L" */
    0xdf, 0x0, 0x0, 0x0, 0xdf, 0x0, 0x0, 0x0,
    0xdf, 0x0, 0x0, 0x0, 0xdf, 0x0, 0x0, 0x0,
    0xdf, 0x0, 0x0, 0x0, 0xdf, 0x0, 0x0, 0x0,
    0xdf, 0x0, 0x0, 0x0, 0xdf, 0x0, 0x0, 0x0,
    0xdf, 0x0, 0x0, 0x0, 0xdf, 0x99, 0x99, 0x94,
    0xdf, 0xff, 0xff, 0xf8,

    /* U+004D "M" */
    0xdf, 0xf3, 0x0, 0x0, 0xcf, 0xf4, 0xdf, 0xf8,
    0x0, 0x1, 0xff, 0xf4, 0xdf, 0xdd, 0x0, 0x6,
    0xfc, 0xf4, 0xdf, 0x8f, 0x20, 0xb, 0xe8, 0xf4,
    0xdf, 0x3f, 0x70, 0xf, 0x98, 0xf4, 0xdf, 0xe,
    0xb0, 0x5f, 0x48, 0xf4, 0xdf, 0x9, 0xf1, 0xaf,
    0x8, 0xf4, 0xdf, 0x4, 0xf6, 0xea, 0x8, 0xf4,
    0xdf, 0x0, 0xee, 0xf5, 0x8, 0xf4, 0xdf, 0x0,
    0x9f, 0xf0, 0x8, 0xf4, 0xdf, 0x0, 0x4f, 0xb0,
    0x8, 0xf4,

    /* U+004E "N" */
    0xdf, 0xe0, 0x0, 0xb, 0xf1, 0xdf, 0xf7, 0x0,
    0xb, 0xf1, 0xdf, 0xde, 0x0, 0xb, 0xf1, 0xdf,
    0x5f, 0x80, 0xb, 0xf1, 0xdf, 0xd, 0xf1, 0xb,
    0xf1, 0xdf, 0x4, 0xf8, 0xb, 0xf1, 0xdf, 0x0,
    0xcf, 0x1b, 0xf1, 0xdf, 0x0, 0x4f, 0x9b, 0xf1,
    0xdf, 0x0, 0xb, 0xfd, 0xf1, 0xdf, 0x0, 0x3,
    0xff, 0xf1, 0xdf, 0x0, 0x0, 0xbf, 0xf1,

    /* U+004F "O" */
    0x0, 0x7, 0xdf, 0xeb, 0x40, 0x0, 0x0, 0xcf,
    0xd9, 0x9f, 0xf7, 0x0, 0x9, 0xf9, 0x0, 0x1,
    0xdf, 0x30, 0x1f, 0xe0, 0x0, 0x0, 0x4f, 0xa0,
    0x4f, 0xa0, 0x0, 0x0, 0xf, 0xe0, 0x5f, 0x90,
    0x0, 0x0, 0xe, 0xf0, 0x4f, 0xa0, 0x0, 0x0,
    0xf, 0xe0, 0x1f, 0xe0, 0x0, 0x0, 0x4f, 0xa0,
    0x9, 0xf9, 0x0, 0x1, 0xdf, 0x30, 0x0, 0xcf,
    0xd8, 0x9f, 0xf7, 0x0, 0x0, 0x7, 0xdf, 0xeb,
    0x40, 0x0,

    /* U+0050 "P" */
    0xdf, 0xff, 0xfd, 0x80, 0xd, 0xf8, 0x89, 0xdf,
    0xb0, 0xdf, 0x0, 0x0, 0xdf, 0x2d, 0xf0, 0x0,
    0xa, 0xf4, 0xdf, 0x0, 0x0, 0xdf, 0x2d, 0xf9,
    0x99, 0xdf, 0xb0, 0xdf, 0xff, 0xfd, 0x80, 0xd,
    0xf0, 0x0, 0x0, 0x0, 0xdf, 0x0, 0x0, 0x0,
    0xd, 0xf0, 0x0, 0x0, 0x0, 0xdf, 0x0, 0x0,
    0x0, 0x0,

    /* U+0051 "Q" */
    0x0, 0x7, 0xdf, 0xeb, 0x40, 0x0, 0x0, 0xc,
    0xfd, 0x99, 0xff, 0x70, 0x0, 0x9, 0xf9, 0x0,
    0x1, 0xdf, 0x30, 0x1, 0xfe, 0x0, 0x0, 0x4,
    0xfa, 0x0, 0x4f, 0xa0, 0x0, 0x0, 0xf, 0xe0,
    0x5, 0xf9, 0x0, 0x2b, 0x10, 0xef, 0x0, 0x4f,
    0xa0, 0x6, 0xfd, 0x2f, 0xe0, 0x1, 0xfe, 0x0,
    0x6, 0xfe, 0xfa, 0x0, 0x9, 0xf9, 0x0, 0x7,
    0xff, 0x50, 0x0, 0xc, 0xfd, 0x8a, 0xff, 0xfe,
    0x30, 0x0, 0x7, 0xdf, 0xfb, 0x33, 0xed, 0x0,
    0x0, 0x0, 0x0, 0x0, 0x2, 0x20,

    /* U+0052 "R" */
    0xdf, 0xff, 0xfe, 0x91, 0xd, 0xf8, 0x89, 0xcf,
    0xc0, 0xdf, 0x0, 0x0, 0xcf, 0x3d, 0xf0, 0x0,
    0x9, 0xf4, 0xdf, 0x0, 0x3, 0xef, 0x1d, 0xff,
    0xff, 0xff, 0x60, 0xdf, 0x9b, 0xfc, 0x10, 0xd,
    0xf0, 0xd, 0xf4, 0x0, 0xdf, 0x0, 0x3f, 0xe1,
    0xd, 0xf0, 0x0, 0x8f, 0xa0, 0xdf, 0x0, 0x0,
    0xcf, 0x60,

    /* U+0053 "S" */
    0x0, 0x7d, 0xfe, 0xb3, 0x0, 0xa, 0xfc, 0x89,
    0xff, 0x50, 0x1f, 0xc0, 0x0, 0x28, 0x20, 0x2f,
    0xc0, 0x0, 0x0, 0x0, 0xb, 0xfe, 0x96, 0x10,
    0x0, 0x0, 0x7d, 0xff, 0xfb, 0x10, 0x0, 0x0,
    0x15, 0xbf, 0xc0, 0x0, 0x0, 0x0, 0xd, 0xf0,
    0x3e, 0x90, 0x0, 0x1e, 0xe0, 0xc, 0xfc, 0x89,
    0xef, 0x60, 0x0, 0x8d, 0xff, 0xb4, 0x0,

    /* U+0054 "T" */
    0xdf, 0xff, 0xff, 0xff, 0xf1, 0x79, 0x9b, 0xfc,
    0x99, 0x90, 0x0, 0x4, 0xf8, 0x0, 0x0, 0x0,
    0x4, 0xf8, 0x0, 0x0, 0x0, 0x4, 0xf8, 0x0,
    0x0, 0x0, 0x4, 0xf8, 0x0, 0x0, 0x0, 0x4,
    0xf8, 0x0, 0x0, 0x0, 0x4, 0xf8, 0x0, 0x0,
    0x0, 0x4, 0xf8, 0x0, 0x0, 0x0, 0x4, 0xf8,
    0x0, 0x0, 0x0, 0x4, 0xf8, 0x0, 0x0,

    /* U+0055 "U" */
    0xef, 0x0, 0x0, 0xf, 0xee, 0xf0, 0x0, 0x0,
    0xfe, 0xef, 0x0, 0x0, 0xf, 0xee, 0xf0, 0x0,
    0x0, 0xfe, 0xef, 0x0, 0x0, 0xf, 0xee, 0xf0,
    0x0, 0x0, 0xfe, 0xef, 0x0, 0x0, 0xf, 0xec,
    0xf1, 0x0, 0x1, 0xfc, 0x9f, 0x70, 0x0, 0x7f,
    0x92, 0xff, 0xb9, 0xbf, 0xf2, 0x3, 0xbe, 0xfe,
    0xb3, 0x0,

    /* U+0056 "V" */
    0xaf, 0x40, 0x0, 0x8, 0xf7, 0x5f, 0x90, 0x0,
    0xd, 0xf2, 0xf, 0xe0, 0x0, 0x2f, 0xc0, 0xa,
    0xf3, 0x0, 0x7f, 0x70, 0x5, 0xf8, 0x0, 0xcf,
    0x20, 0x0, 0xfd, 0x1, 0xfc, 0x0, 0x0, 0xaf,
    0x26, 0xf7, 0x0, 0x0, 0x5f, 0x7b, 0xf2, 0x0,
    0x0, 0xf, 0xdf, 0xc0, 0x0, 0x0, 0xa, 0xff,
    0x70, 0x0, 0x0, 0x5, 0xff, 0x20, 0x0,

    /* U+0057 "W" */
    0x9f, 0x40, 0x3, 0xff, 0x10, 0x6, 0xf7, 0x6f,
    0x80, 0x6, 0xff, 0x40, 0xa, 0xf3, 0x2f, 0xc0,
    0x9, 0xef, 0x70, 0xd, 0xf0, 0xe, 0xf0, 0xd,
    0xac, 0xb0, 0x1f, 0xc0, 0xa, 0xf3, 0xf, 0x79,
    0xe0, 0x4f, 0x80, 0x6, 0xf6, 0x3f, 0x35, 0xf2,
    0x8f, 0x40, 0x2, 0xfa, 0x7f, 0x2, 0xf5, 0xbf,
    0x0, 0x0, 0xed, 0xac, 0x0, 0xe9, 0xfc, 0x0,
    0x0, 0xaf, 0xe9, 0x0, 0xbe, 0xf9, 0x0, 0x0,
    0x7f, 0xf5, 0x0, 0x7f, 0xf5, 0x0, 0x0, 0x3f,
    0xf2, 0x0, 0x4f, 0xf1, 0x0,

    /* U+0058 "X" */
    0x4f, 0xd0, 0x0, 0x9, 0xfa, 0x0, 0x9f, 0x90,
    0x4, 0xfe, 0x0, 0x0, 0xdf, 0x41, 0xef, 0x40,
    0x0, 0x3, 0xfe, 0xbf, 0x80, 0x0, 0x0, 0x7,
    0xff, 0xd0, 0x0, 0x0, 0x0, 0x1f, 0xf7, 0x0,
    0x0, 0x0, 0xb, 0xff, 0xf2, 0x0, 0x0, 0x6,
    0xfc, 0x7f, 0xc0, 0x0, 0x2, 0xff, 0x20, 0xbf,
    0x70, 0x0, 0xcf, 0x60, 0x1, 0xef, 0x20, 0x7f,
    0xb0, 0x0, 0x5, 0xfd, 0x0,

    /* U+0059 "Y" */
    0xbf, 0x50, 0x0, 0xb, 0xf6, 0x2f, 0xe0, 0x0,
    0x3f, 0xc0, 0x8, 0xf7, 0x0, 0xcf, 0x30, 0x0,
    0xef, 0x15, 0xfa, 0x0, 0x0, 0x5f, 0x9e, 0xf1,
    0x0, 0x0, 0xc, 0xff, 0x70, 0x0, 0x0, 0x3,
    0xfe, 0x0, 0x0, 0x0, 0x1, 0xfc, 0x0, 0x0,
    0x0, 0x1, 0xfc, 0x0, 0x0, 0x0, 0x1, 0xfc,
    0x0, 0x0, 0x0, 0x1, 0xfc, 0x0, 0x0,

    /* U+005A "Z" */
    0x2f, 0xff, 0xff, 0xff, 0xe0, 0x19, 0x99, 0x99,
    0xcf, 0xc0, 0x0, 0x0, 0x2, 0xef, 0x20, 0x0,
    0x0, 0xc, 0xf6, 0x0, 0x0, 0x0, 0x9f, 0xa0,
    0x0, 0x0, 0x5, 0xfd, 0x0, 0x0, 0x0, 0x2f,
    0xf2, 0x0, 0x0, 0x0, 0xcf, 0x60, 0x0, 0x0,
    0x9, 0xfa, 0x0, 0x0, 0x0, 0x4f, 0xf9, 0x99,
    0x99, 0x91, 0x5f, 0xff, 0xff, 0xff, 0xf2,

    /* U+005B "[" */
    0xdf, 0xfb, 0xdc, 0x64, 0xda, 0x0, 0xda, 0x0,
    0xda, 0x0, 0xda, 0x0, 0xda, 0x0, 0xda, 0x0,
    0xda, 0x0, 0xda, 0x0, 0xda, 0x0, 0xda, 0x0,
    0xdc, 0x64, 0xdf, 0xfb,

    /* U+005C "\\" */
    0x8f, 0x20, 0x0, 0x2, 0xf7, 0x0, 0x0, 0xd,
    0xd0, 0x0, 0x0, 0x8f, 0x20, 0x0, 0x2, 0xf8,
    0x0, 0x0, 0xd, 0xd0, 0x0, 0x0, 0x7f, 0x20,
    0x0, 0x2, 0xf8, 0x0, 0x0, 0xc, 0xd0, 0x0,
    0x0, 0x7f, 0x30, 0x0, 0x2, 0xf8, 0x0, 0x0,
    0xc, 0xd0, 0x0, 0x0, 0x48, 0x0,

    /* U+005D "]" */
    0x3f, 0xff, 0x61, 0x67, 0xf6, 0x0, 0x2f, 0x60,
    0x2, 0xf6, 0x0, 0x2f, 0x60, 0x2, 0xf6, 0x0,
    0x2f, 0x60, 0x2, 0xf6, 0x0, 0x2f, 0x60, 0x2,
    0xf6, 0x0, 0x2f, 0x60, 0x2, 0xf6, 0x16, 0x7f,
    0x63, 0xff, 0xf6,

    /* U+005E "^" */
    0x0, 0x2, 0x82, 0x0, 0x0, 0x0, 0xbf, 0xc0,
    0x0, 0x0, 0x4f, 0xcf, 0x40, 0x0, 0xc, 0xd0,
    0xdd, 0x0, 0x5, 0xf5, 0x5, 0xf5, 0x0, 0xdd,
    0x0, 0xc, 0xd0,

    /* U+005F "_" */
    0x8, 0x88, 0x88, 0x81, 0xf, 0xff, 0xff, 0xf2,

    /* U+0060 "`" */
    0x3e, 0x30, 0x8, 0xe2,

    /* U+0061 "a" */
    0x1, 0x9e, 0xfc, 0x40, 0xc, 0xe6, 0x4c, 0xf2,
    0x0, 0x20, 0x3, 0xf6, 0x0, 0x59, 0xce, 0xf7,
    0x1d, 0xf9, 0x55, 0xf7, 0x7f, 0x50, 0x4, 0xf8,
    0x6f, 0xb4, 0x6d, 0xf8, 0x7, 0xdf, 0xc4, 0xeb,

    /* U+0062 "b" */
    0xfc, 0x0, 0x0, 0x0, 0xfc, 0x0, 0x0, 0x0,
    0xfc, 0x0, 0x0, 0x0, 0xfc, 0x6e, 0xfb, 0x20,
    0xff, 0xd7, 0x8f, 0xe1, 0xff, 0x10, 0x7, 0xf7,
    0xfc, 0x0, 0x3, 0xfa, 0xfc, 0x0, 0x3, 0xfa,
    0xff, 0x10, 0x7, 0xf7, 0xff, 0xd7, 0x8f, 0xe1,
    0xf8, 0x6e, 0xfb, 0x20,

    /* U+0063 "c" */
    0x0, 0x8d, 0xfd, 0x50, 0xa, 0xfa, 0x7c, 0xf5,
    0x3f, 0xa0, 0x0, 0x30, 0x6f, 0x50, 0x0, 0x0,
    0x6f, 0x50, 0x0, 0x0, 0x3f, 0xa0, 0x0, 0x20,
    0xb, 0xfa, 0x7b, 0xf5, 0x0, 0x9e, 0xfc, 0x50,

    /* U+0064 "d" */
    0x0, 0x0, 0x0, 0x8f, 0x30, 0x0, 0x0, 0x8,
    0xf3, 0x0, 0x0, 0x0, 0x8f, 0x30, 0x9, 0xee,
    0x98, 0xf3, 0xc, 0xfa, 0x6b, 0xff, 0x33, 0xfb,
    0x0, 0xc, 0xf3, 0x6f, 0x60, 0x0, 0x8f, 0x36,
    0xf7, 0x0, 0x8, 0xf3, 0x3f, 0xb0, 0x0, 0xcf,
    0x30, 0xbf, 0xa6, 0xbf, 0xf4, 0x0, 0x9e, 0xf9,
    0x4f, 0x60,

    /* U+0065 "e" */
    0x0, 0x7d, 0xfd, 0x70, 0x0, 0xaf, 0x96, 0x9f,
    0x90, 0x3f, 0x80, 0x0, 0x8f, 0x16, 0xff, 0xff,
    0xff, 0xf5, 0x6f, 0x73, 0x33, 0x33, 0x13, 0xfb,
    0x0, 0x0, 0x0, 0xa, 0xfb, 0x79, 0xf7, 0x0,
    0x7, 0xdf, 0xe8, 0x0,

    /* U+0066 "f" */
    0x1, 0xcf, 0xe0, 0x6f, 0x95, 0x7, 0xf4, 0xc,
    0xff, 0xfe, 0x39, 0xf7, 0x40, 0x7f, 0x40, 0x7,
    0xf4, 0x0, 0x7f, 0x40, 0x7, 0xf4, 0x0, 0x7f,
    0x40, 0x7, 0xf4, 0x0,

    /* U+0067 "g" */
    0x1, 0xaf, 0xe8, 0x5f, 0x20, 0xcf, 0xa6, 0xbe,
    0xf2, 0x3f, 0xa0, 0x0, 0xdf, 0x26, 0xf6, 0x0,
    0x8, 0xf2, 0x6f, 0x60, 0x0, 0x8f, 0x23, 0xfa,
    0x0, 0xc, 0xf2, 0xc, 0xfa, 0x6b, 0xff, 0x20,
    0x1a, 0xfe, 0x89, 0xf1, 0x0, 0x0, 0x0, 0xaf,
    0x0, 0x6f, 0x62, 0x5f, 0xb0, 0x1, 0xcf, 0xff,
    0xc1, 0x0, 0x0, 0x23, 0x20, 0x0,

    /* U+0068 "h" */
    0xfc, 0x0, 0x0, 0xf, 0xc0, 0x0, 0x0, 0xfc,
    0x0, 0x0, 0xf, 0xc7, 0xef, 0xb1, 0xff, 0xc6,
    0xaf, 0x9f, 0xf1, 0x0, 0xed, 0xfc, 0x0, 0xc,
    0xef, 0xc0, 0x0, 0xce, 0xfc, 0x0, 0xc, 0xef,
    0xc0, 0x0, 0xce, 0xfc, 0x0, 0xc, 0xe0,

    /* U+0069 "i" */
    0x8, 0xe3, 0xb, 0xf4, 0x0, 0x20, 0xaf, 0xf4,
    0x39, 0xf4, 0x7, 0xf4, 0x7, 0xf4, 0x7, 0xf4,
    0x7, 0xf4, 0x7, 0xf4, 0x7, 0xf4,

    /* U+006A "j" */
    0x0, 0xc, 0xd0, 0x0, 0xe, 0xf1, 0x0, 0x1,
    0x20, 0x0, 0xc, 0xe0, 0x0, 0xc, 0xe0, 0x0,
    0xc, 0xe0, 0x0, 0xc, 0xe0, 0x0, 0xc, 0xe0,
    0x0, 0xc, 0xe0, 0x0, 0xc, 0xe0, 0x0, 0xc,
    0xe0, 0x0, 0xc, 0xe0, 0x6, 0x8f, 0xb0, 0xf,
    0xfc, 0x20,

    /* U+006B "k" */
    0xfc, 0x0, 0x0, 0x0, 0xfc, 0x0, 0x0, 0x0,
    0xfc, 0x0, 0x0, 0x0, 0xfc, 0x0, 0xaf, 0x50,
    0xfc, 0x8, 0xf7, 0x0, 0xfc, 0x6f, 0x80, 0x0,
    0xfe, 0xff, 0x0, 0x0, 0xff, 0xdf, 0xa0, 0x0,
    0xfd, 0xb, 0xf5, 0x0, 0xfc, 0x1, 0xef, 0x20,
    0xfc, 0x0, 0x4f, 0xc0,

    /* U+006C "l" */
    0xf, 0xb0, 0x0, 0xfb, 0x0, 0xf, 0xb0, 0x0,
    0xfb, 0x0, 0xf, 0xb0, 0x0, 0xfb, 0x0, 0xf,
    0xb0, 0x0, 0xfb, 0x0, 0xf, 0xb0, 0x0, 0xfe,
    0x71, 0x8, 0xff, 0x30,

    /* U+006D "m" */
    0xf9, 0x7e, 0xfb, 0x2a, 0xee, 0xa0, 0xff, 0xa4,
    0xaf, 0xf9, 0x4a, 0xf6, 0xfe, 0x0, 0x1f, 0xe0,
    0x1, 0xfa, 0xfc, 0x0, 0xf, 0xc0, 0x0, 0xfb,
    0xfc, 0x0, 0xf, 0xc0, 0x0, 0xfb, 0xfc, 0x0,
    0xf, 0xc0, 0x0, 0xfb, 0xfc, 0x0, 0xf, 0xc0,
    0x0, 0xfb, 0xfc, 0x0, 0xf, 0xc0, 0x0, 0xfb,

    /* U+006E "n" */
    0xf9, 0x8e, 0xfb, 0x1f, 0xfa, 0x48, 0xf9, 0xfe,
    0x0, 0xe, 0xdf, 0xc0, 0x0, 0xce, 0xfc, 0x0,
    0xc, 0xef, 0xc0, 0x0, 0xce, 0xfc, 0x0, 0xc,
    0xef, 0xc0, 0x0, 0xce,

    /* U+006F "o" */
    0x0, 0x8d, 0xfd, 0x70, 0x0, 0xaf, 0xa6, 0xaf,
    0x90, 0x3f, 0xa0, 0x0, 0xbf, 0x26, 0xf5, 0x0,
    0x6, 0xf6, 0x6f, 0x50, 0x0, 0x6f, 0x63, 0xfa,
    0x0, 0xb, 0xf2, 0xa, 0xfa, 0x6a, 0xf9, 0x0,
    0x7, 0xdf, 0xd6, 0x0,

    /* U+0070 "p" */
    0xf8, 0x7e, 0xfb, 0x20, 0xff, 0xb4, 0x6f, 0xe1,
    0xfe, 0x0, 0x6, 0xf7, 0xfb, 0x0, 0x2, 0xfa,
    0xfc, 0x0, 0x3, 0xfa, 0xff, 0x10, 0x7, 0xf7,
    0xff, 0xd7, 0x8f, 0xe1, 0xfc, 0x6e, 0xfb, 0x20,
    0xfc, 0x0, 0x0, 0x0, 0xfc, 0x0, 0x0, 0x0,
    0xfc, 0x0, 0x0, 0x0,

    /* U+0071 "q" */
    0x0, 0x9e, 0xe9, 0x5f, 0x30, 0x0, 0xbf, 0xa6,
    0xbf, 0xf3, 0x0, 0x3f, 0xb0, 0x0, 0xcf, 0x30,
    0x6, 0xf7, 0x0, 0x8, 0xf3, 0x0, 0x6f, 0x70,
    0x0, 0x8f, 0x30, 0x3, 0xfb, 0x0, 0xc, 0xf3,
    0x0, 0xc, 0xfa, 0x6b, 0xff, 0x30, 0x0, 0x1a,
    0xff, 0x98, 0xf3, 0x0, 0x0, 0x0, 0x0, 0x7f,
    0x40, 0x0, 0x0, 0x0, 0x5, 0xfc, 0x92, 0x0,
    0x0, 0x0, 0x9, 0xee, 0x30,

    /* U+0072 "r" */
    0xf7, 0x5d, 0x8f, 0xef, 0xa4, 0xff, 0x40, 0xf,
    0xd0, 0x0, 0xfc, 0x0, 0xf, 0xc0, 0x0, 0xfc,
    0x0, 0xf, 0xc0, 0x0,

    /* U+0073 "s" */
    0x4, 0xcf, 0xeb, 0x20, 0x2f, 0xc6, 0x7e, 0xc0,
    0x4f, 0x70, 0x1, 0x0, 0xb, 0xfe, 0xb6, 0x10,
    0x0, 0x37, 0xbf, 0xe1, 0x5, 0x0, 0x6, 0xf5,
    0x4f, 0xc5, 0x6c, 0xf2, 0x4, 0xcf, 0xfc, 0x30,

    /* U+0074 "t" */
    0x6, 0xf4, 0x0, 0x6f, 0x40, 0xbf, 0xff, 0xf3,
    0x9f, 0x84, 0x6, 0xf4, 0x0, 0x6f, 0x40, 0x6,
    0xf4, 0x0, 0x6f, 0x40, 0x5, 0xfb, 0x60, 0x1d,
    0xff,

    /* U+0075 "u" */
    0xfb, 0x0, 0xf, 0xcf, 0xb0, 0x0, 0xfc, 0xfb,
    0x0, 0xf, 0xcf, 0xb0, 0x0, 0xfc, 0xfb, 0x0,
    0xf, 0xce, 0xd0, 0x2, 0xfc, 0xaf, 0x97, 0xdf,
    0xc2, 0xcf, 0xd4, 0xbc,

    /* U+0076 "v" */
    0xaf, 0x20, 0x4, 0xf7, 0x5f, 0x70, 0xa, 0xf2,
    0xe, 0xc0, 0xe, 0xc0, 0x9, 0xf1, 0x4f, 0x60,
    0x4, 0xf7, 0x9f, 0x10, 0x0, 0xec, 0xeb, 0x0,
    0x0, 0x8f, 0xf5, 0x0, 0x0, 0x3f, 0xf0, 0x0,

    /* U+0077 "w" */
    0xaf, 0x10, 0x5f, 0x90, 0xd, 0xe0, 0x5f, 0x50,
    0x8f, 0xd0, 0x1f, 0xa0, 0x1f, 0x90, 0xca, 0xf1,
    0x4f, 0x60, 0xc, 0xd0, 0xf3, 0xe5, 0x8f, 0x10,
    0x8, 0xf6, 0xf0, 0xb9, 0xcd, 0x0, 0x4, 0xfd,
    0xb0, 0x7d, 0xf9, 0x0, 0x0, 0xff, 0x70, 0x3f,
    0xf4, 0x0, 0x0, 0xbf, 0x30, 0xe, 0xf0, 0x0,

    /* U+0078 "x" */
    0x4f, 0x90, 0x8, 0xf6, 0x9, 0xf5, 0x4f, 0xb0,
    0x0, 0xde, 0xee, 0x10, 0x0, 0x3f, 0xf4, 0x0,
    0x0, 0x5f, 0xf7, 0x0, 0x2, 0xfd, 0xcf, 0x20,
    0xc, 0xf2, 0x2f, 0xd0, 0x7f, 0x70, 0x5, 0xf9,

    /* U+0079 "y" */
    0xaf, 0x20, 0x8, 0xf5, 0x5f, 0x70, 0xc, 0xf0,
    0xf, 0xc0, 0x1f, 0xa0, 0x9, 0xf1, 0x6f, 0x40,
    0x4, 0xf6, 0xaf, 0x0, 0x0, 0xeb, 0xfa, 0x0,
    0x0, 0x9f, 0xf4, 0x0, 0x0, 0x3f, 0xf0, 0x0,
    0x0, 0xf, 0xa0, 0x0, 0x5, 0xaf, 0x30, 0x0,
    0x2f, 0xe7, 0x0, 0x0,

    /* U+007A "z" */
    0x4f, 0xff, 0xff, 0xf0, 0x16, 0x66, 0x9f, 0xe0,
    0x0, 0x1, 0xef, 0x20, 0x0, 0xc, 0xf4, 0x0,
    0x0, 0xaf, 0x70, 0x0, 0x7, 0xf9, 0x0, 0x0,
    0x4f, 0xf6, 0x66, 0x61, 0x6f, 0xff, 0xff, 0xf3,

    /* U+007B "{" */
    0x0, 0x5e, 0xf3, 0x0, 0xde, 0x61, 0x0, 0xfb,
    0x0, 0x0, 0xfb, 0x0, 0x0, 0xfb, 0x0, 0x0,
    0xfa, 0x0, 0x16, 0xf7, 0x0, 0x7f, 0xc0, 0x0,
    0x29, 0xf7, 0x0, 0x0, 0xfa, 0x0, 0x0, 0xfb,
    0x0, 0x0, 0xfb, 0x0, 0x0, 0xed, 0x61, 0x0,
    0x6e, 0xf3,

    /* U+007C "|" */
    0xdc, 0xdc, 0xdc, 0xdc, 0xdc, 0xdc, 0xdc, 0xdc,
    0xdc, 0xdc, 0xdc, 0xdc, 0xdc, 0xdc, 0xdc, 0xdc,

    /* U+007D "}" */
    0x7f, 0xd2, 0x0, 0x27, 0xf9, 0x0, 0x0, 0xfb,
    0x0, 0x0, 0xfb, 0x0, 0x0, 0xfb, 0x0, 0x0,
    0xeb, 0x0, 0x0, 0xbf, 0x40, 0x0, 0x2e, 0xf3,
    0x0, 0xbf, 0x61, 0x0, 0xeb, 0x0, 0x0, 0xfb,
    0x0, 0x0, 0xfb, 0x0, 0x26, 0xfa, 0x0, 0x7f,
    0xd3, 0x0,

    /* U+007E "~" */
    0x0, 0x10, 0x0, 0x2, 0x0, 0xbf, 0xf9, 0x47,
    0xf0, 0x3f, 0x77, 0xdf, 0xfa, 0x1, 0x60, 0x0,
    0x33, 0x0,

    /* U+00A0 " " */

    /* U+00A1 "¡" */
    0x8f, 0x4c, 0xf7, 0x15, 0x0, 0x30, 0x4f, 0x5,
    0xf0, 0x6f, 0x18, 0xf3, 0x9f, 0x49, 0xf4, 0x9f,
    0x40,

    /* U+00A2 "¢" */
    0x0, 0x2, 0xb0, 0x0, 0x0, 0x8e, 0xfd, 0x60,
    0xa, 0xfc, 0xdc, 0xf5, 0x2f, 0xb2, 0xb0, 0x40,
    0x6f, 0x62, 0xb0, 0x0, 0x6f, 0x52, 0xb0, 0x0,
    0x4f, 0x82, 0xb0, 0x0, 0xd, 0xf7, 0xc6, 0xd4,
    0x3, 0xef, 0xff, 0xb0, 0x0, 0x6, 0xd3, 0x0,
    0x0, 0x1, 0x80, 0x0,

    /* U+00A3 "£" */
    0x1, 0x9e, 0xfd, 0x70, 0x0, 0xdf, 0x96, 0xaf,
    0x90, 0x2f, 0xa0, 0x0, 0x87, 0x1, 0xfb, 0x0,
    0x0, 0x0, 0xc, 0xf1, 0x0, 0x0, 0xc, 0xef,
    0xfe, 0xe5, 0x0, 0x0, 0xee, 0x0, 0x0, 0x0,
    0xd, 0xd0, 0x0, 0x0, 0x4, 0xf5, 0x0, 0x0,
    0x6, 0xff, 0xfd, 0x98, 0xc0, 0x59, 0x56, 0xae,
    0xfb, 0x10,

    /* U+00A4 "¤" */
    0x3, 0x0, 0x10, 0x2, 0x0, 0xc9, 0xdf, 0xf9,
    0xe3, 0x4, 0xfb, 0x68, 0xfa, 0x0, 0xbc, 0x0,
    0x7, 0xf1, 0xb, 0xb0, 0x0, 0x5f, 0x10, 0x5f,
    0x83, 0x5e, 0xb0, 0xa, 0xcf, 0xff, 0xcd, 0x20,
    0x60, 0x14, 0x20, 0x41,

    /* U+00A5 "¥" */
    0xbf, 0x50, 0x0, 0xa, 0xf6, 0x3f, 0xd0, 0x0,
    0x2f, 0xd0, 0xa, 0xf5, 0x0, 0xaf, 0x50, 0x2,
    0xfd, 0x2, 0xfd, 0x0, 0x0, 0x9f, 0x5a, 0xf4,
    0x0, 0x0, 0x1f, 0xef, 0xc0, 0x0, 0x0, 0x8,
    0xff, 0x30, 0x0, 0x5, 0xee, 0xff, 0xee, 0x0,
    0x0, 0x1, 0xfc, 0x0, 0x0, 0x5, 0xff, 0xff,
    0xff, 0x0, 0x0, 0x1, 0xfc, 0x0, 0x0,

    /* U+00A6 "¦" */
    0xdc, 0xdc, 0xdc, 0xdc, 0xdc, 0xdc, 0x33, 0x0,
    0x0, 0x33, 0xdc, 0xdc, 0xdc, 0xdc, 0xdc, 0xdc,

    /* U+00A7 "§" */
    0x0, 0x8e, 0xfd, 0x50, 0x0, 0x8f, 0x96, 0xbf,
    0x40, 0xc, 0xf0, 0x0, 0x72, 0x0, 0x8f, 0xa1,
    0x0, 0x0, 0x6, 0xff, 0xf8, 0x10, 0x4, 0xf9,
    0x4c, 0xfe, 0x30, 0x8f, 0x20, 0x4, 0xee, 0x5,
    0xfd, 0x40, 0x8, 0xf2, 0x8, 0xff, 0xb6, 0xee,
    0x0, 0x3, 0xbf, 0xfe, 0x20, 0x0, 0x0, 0x4e,
    0xf2, 0x0, 0x46, 0x0, 0x5f, 0x60, 0xa, 0xf8,
    0x6c, 0xf2, 0x0, 0x9, 0xef, 0xc4, 0x0,

    /* U+00A8 "¨" */
    0x2d, 0x52, 0xd6, 0x2e, 0x62, 0xe6,

    /* U+00A9 "©" */
    0x0, 0x1, 0x9d, 0xec, 0x70, 0x0, 0x0, 0x5e,
    0x83, 0x14, 0xad, 0x20, 0x3, 0xe3, 0x0, 0x0,
    0x6, 0xe0, 0xb, 0x60, 0x5c, 0xeb, 0x20, 0xa7,
    0xf, 0x2, 0xf7, 0x27, 0x50, 0x4c, 0x2e, 0x6,
    0xf0, 0x0, 0x0, 0x2e, 0x1f, 0x4, 0xf5, 0x3,
    0x20, 0x3d, 0xc, 0x50, 0x8f, 0xfe, 0x50, 0x89,
    0x4, 0xe1, 0x0, 0x10, 0x3, 0xe1, 0x0, 0x7e,
    0x50, 0x1, 0x7e, 0x40, 0x0, 0x4, 0xcf, 0xff,
    0xa2, 0x0, 0x0, 0x0, 0x0, 0x10, 0x0, 0x0,

    /* U+00AA "ª" */
    0x6, 0xdd, 0x60, 0x3, 0x25, 0xf0, 0x7, 0xdd,
    0xf1, 0x1f, 0x45, 0xf1, 0xa, 0xfa, 0xf2,

    /* U+00AB "«" */
    0x0, 0x9, 0x90, 0x5a, 0x40, 0x9, 0xf5, 0x2f,
    0xd0, 0x5, 0xfa, 0xc, 0xf2, 0x0, 0xef, 0x6,
    0xf8, 0x0, 0x9, 0xf6, 0x1e, 0xd0, 0x0, 0xd,
    0xf2, 0x5f, 0xa0, 0x0, 0x2f, 0xd0, 0x9f, 0x50,

    /* U+00AC "¬" */
    0x18, 0x88, 0x88, 0x88, 0x62, 0xff, 0xff, 0xff,
    0xfd, 0x0, 0x0, 0x0, 0xa, 0xd0, 0x0, 0x0,
    0x0, 0xad, 0x0, 0x0, 0x0, 0xa, 0xd0, 0x0,
    0x0, 0x0, 0x56,

    /* U+00AE "®" */
    0x0, 0x1, 0x9d, 0xec, 0x70, 0x0, 0x0, 0x5e,
    0x83, 0x14, 0xad, 0x20, 0x3, 0xe3, 0xde, 0xeb,
    0x36, 0xe0, 0xb, 0x60, 0xe7, 0x2b, 0xb0, 0xa7,
    0xf, 0x0, 0xe7, 0xa, 0xc0, 0x4c, 0x2e, 0x0,
    0xef, 0xfd, 0x30, 0x2e, 0x1f, 0x0, 0xe7, 0x9d,
    0x0, 0x3d, 0xc, 0x50, 0xe7, 0xd, 0xa0, 0x89,
    0x4, 0xe1, 0x31, 0x1, 0x44, 0xe1, 0x0, 0x7e,
    0x50, 0x1, 0x7e, 0x40, 0x0, 0x4, 0xcf, 0xff,
    0xa2, 0x0, 0x0, 0x0, 0x0, 0x10, 0x0, 0x0,

    /* U+00AF "¯" */
    0x0, 0x0, 0x0, 0x5f, 0xff, 0xf3, 0x13, 0x33,
    0x30,

    /* U+00B0 "°" */
    0x6, 0xee, 0x50, 0x3f, 0x45, 0xf2, 0x4e, 0x12,
    0xf2, 0x9, 0xff, 0x80, 0x0, 0x11, 0x0,

    /* U+00B1 "±" */
    0x0, 0x0, 0xf8, 0x0, 0x0, 0x11, 0x2f, 0x81,
    0x11, 0x2f, 0xff, 0xff, 0xff, 0xa0, 0x44, 0x5f,
    0xa4, 0x42, 0x0, 0x0, 0xf8, 0x0, 0x0, 0x0,
    0x9, 0x40, 0x0, 0x18, 0x88, 0x88, 0x88, 0x52,
    0xff, 0xff, 0xff, 0xfa,

    /* U+00B2 "²" */
    0x4, 0xdf, 0x90, 0x9, 0x62, 0xf3, 0x0, 0x2,
    0xf3, 0x0, 0xb, 0xc0, 0x0, 0x9e, 0x10, 0xa,
    0xe3, 0x10, 0x2f, 0xff, 0xf6,

    /* U+00B3 "³" */
    0x6, 0xee, 0x80, 0xa, 0x42, 0xf3, 0x0, 0x4,
    0xf2, 0x0, 0x7f, 0xb0, 0x0, 0x3, 0xf5, 0xa,
    0x41, 0xf5, 0x6, 0xee, 0x90,

    /* U+00B4 "´" */
    0x1, 0xd5, 0xd, 0xa0,

    /* U+00B6 "¶" */
    0x2, 0xcf, 0xff, 0xfc, 0x1e, 0xff, 0x44, 0xf2,
    0x5f, 0xff, 0x44, 0xf2, 0x6f, 0xff, 0x44, 0xf2,
    0x2f, 0xff, 0x44, 0xf2, 0x6, 0xff, 0x44, 0xf2,
    0x0, 0x3f, 0x44, 0xf2, 0x0, 0x2f, 0x44, 0xf2,
    0x0, 0x2f, 0x44, 0xf2, 0x0, 0x2f, 0x44, 0xf2,
    0x0, 0x2f, 0x44, 0xf2, 0x0, 0x2f, 0x44, 0xf2,
    0x0, 0x2f, 0x44, 0xf2, 0x0, 0x2f, 0x44, 0xf2,

    /* U+00B7 "·" */
    0x3, 0x40, 0xf, 0xf3, 0xc, 0xd1,

    /* U+00B8 "¸" */
    0x0, 0x0, 0x7, 0x60, 0x4, 0xaa, 0x2a, 0xc5,

    /* U+00B9 "¹" */
    0x0, 0xb6, 0x3, 0xf6, 0x2f, 0xf6, 0x0, 0xd6,
    0x0, 0xd6, 0x0, 0xd6, 0x0, 0xd6,

    /* U+00BA "º" */
    0x5, 0xef, 0x70, 0xf, 0x63, 0xf3, 0x2f, 0x20,
    0xe5, 0xf, 0x63, 0xf3, 0x5, 0xef, 0x70,

    /* U+00BB "»" */
    0x9, 0xa0, 0x4a, 0x60, 0x0, 0x5f, 0xa0, 0xcf,
    0x30, 0x0, 0x9f, 0x52, 0xfd, 0x0, 0x0, 0xef,
    0x7, 0xf8, 0x0, 0x5f, 0x90, 0xdf, 0x20, 0x2f,
    0xd0, 0x8f, 0x60, 0xc, 0xf3, 0x4f, 0xb0, 0x0,

    /* U+00BC "¼" */
    0x1, 0xc6, 0x0, 0x0, 0x1d, 0x80, 0x2, 0xff,
    0x70, 0x0, 0xa, 0xe0, 0x0, 0x0, 0xd7, 0x0,
    0x5, 0xf4, 0x0, 0x0, 0xd, 0x70, 0x1, 0xe9,
    0x0, 0x0, 0x0, 0xd7, 0x0, 0xbd, 0x0, 0x0,
    0x0, 0xd, 0x70, 0x6f, 0x30, 0x3e, 0x50, 0x0,
    0x0, 0x2f, 0x80, 0xc, 0xe6, 0x0, 0x0, 0xc,
    0xc0, 0x9, 0x7d, 0x60, 0x0, 0x7, 0xf2, 0x5,
    0xd0, 0xd6, 0x0, 0x2, 0xf7, 0x0, 0xcf, 0xff,
    0xf6, 0x0, 0xdc, 0x0, 0x1, 0x22, 0xe7, 0x0,

    /* U+00BD "½" */
    0x2f, 0xf7, 0x0, 0x0, 0x2f, 0x80, 0x0, 0xd,
    0x70, 0x0, 0xc, 0xc0, 0x0, 0x0, 0xd7, 0x0,
    0x8, 0xe2, 0x0, 0x0, 0xd, 0x70, 0x4, 0xf5,
    0x0, 0x0, 0x0, 0xd7, 0x1, 0xe9, 0x2c, 0xea,
    0x0, 0xc, 0x60, 0xcd, 0xb, 0x81, 0xf5, 0x0,
    0x0, 0x8f, 0x20, 0x0, 0x3f, 0x20, 0x0, 0x4f,
    0x50, 0x0, 0x2e, 0x70, 0x0, 0x1e, 0xa0, 0x0,
    0x5e, 0x50, 0x0, 0xb, 0xd0, 0x0, 0xf, 0xff,
    0xf7, 0x0, 0x20, 0x0, 0x0, 0x22, 0x22, 0x0,

    /* U+00BE "¾" */
    0x5, 0xde, 0x70, 0x0, 0x1, 0xe8, 0x0, 0xa,
    0x52, 0xf3, 0x0, 0xb, 0xd0, 0x0, 0x0, 0x4,
    0xf2, 0x0, 0x6f, 0x30, 0x0, 0x0, 0x7f, 0xc0,
    0x2, 0xf8, 0x0, 0x0, 0x2, 0x1, 0xf6, 0xc,
    0xd0, 0x0, 0x0, 0x9, 0xee, 0xa1, 0x7f, 0x20,
    0x3f, 0x50, 0x0, 0x0, 0x2, 0xf7, 0x0, 0xce,
    0x60, 0x0, 0x0, 0xc, 0xc0, 0xa, 0x6e, 0x60,
    0x0, 0x0, 0x8f, 0x20, 0x6c, 0xe, 0x60, 0x0,
    0x3, 0xf6, 0x0, 0xdf, 0xff, 0xf5, 0x0, 0xd,
    0xb0, 0x0, 0x12, 0x2e, 0x70,

    /* U+00BF "¿" */
    0x0, 0x6, 0xf7, 0x0, 0x0, 0x9, 0xfa, 0x0,
    0x0, 0x0, 0x51, 0x0, 0x0, 0x3, 0x93, 0x0,
    0x0, 0x8, 0xf4, 0x0, 0x1, 0x9f, 0xc0, 0x0,
    0x1d, 0xf8, 0x0, 0x0, 0x8f, 0x50, 0x0, 0x0,
    0xaf, 0x20, 0x1, 0xc5, 0x5f, 0xd7, 0x7d, 0xf3,
    0x5, 0xcf, 0xeb, 0x30,

    /* U+00C0 "À" */
    0x0, 0xe, 0x40, 0x0, 0x0, 0x0, 0x0, 0xcf,
    0x20, 0x0, 0x0, 0x0, 0x0, 0x65, 0x0, 0x0,
    0x0, 0x0, 0xf, 0xf6, 0x0, 0x0, 0x0, 0x6,
    0xff, 0xb0, 0x0, 0x0, 0x0, 0xcf, 0xbf, 0x10,
    0x0, 0x0, 0x2f, 0xb5, 0xf7, 0x0, 0x0, 0x7,
    0xf5, 0xf, 0xd0, 0x0, 0x0, 0xdf, 0x10, 0xbf,
    0x30, 0x0, 0x3f, 0xb0, 0x6, 0xf9, 0x0, 0x9,
    0xfc, 0x88, 0x9f, 0xe0, 0x0, 0xef, 0xff, 0xff,
    0xff, 0x40, 0x5f, 0xa0, 0x0, 0x5, 0xfa, 0xb,
    0xf4, 0x0, 0x0, 0xe, 0xf1,

    /* U+00C1 "Á" */
    0x0, 0x0, 0x1, 0xd5, 0x0, 0x0, 0x0, 0x0,
    0xbe, 0x20, 0x0, 0x0, 0x0, 0x27, 0x20, 0x0,
    0x0, 0x0, 0xf, 0xf6, 0x0, 0x0, 0x0, 0x6,
    0xff, 0xb0, 0x0, 0x0, 0x0, 0xcf, 0xbf, 0x10,
    0x0, 0x0, 0x2f, 0xb5, 0xf7, 0x0, 0x0, 0x7,
    0xf5, 0xf, 0xd0, 0x0, 0x0, 0xdf, 0x10, 0xbf,
    0x30, 0x0, 0x3f, 0xb0, 0x6, 0xf9, 0x0, 0x9,
    0xfc, 0x88, 0x9f, 0xe0, 0x0, 0xef, 0xff, 0xff,
    0xff, 0x40, 0x5f, 0xa0, 0x0, 0x5, 0xfa, 0xb,
    0xf4, 0x0, 0x0, 0xe, 0xf1,

    /* U+00C2 "Â" */
    0x0, 0x0, 0xad, 0x20, 0x0, 0x0, 0x0, 0xae,
    0xbe, 0x10, 0x0, 0x0, 0x28, 0x20, 0x75, 0x0,
    0x0, 0x0, 0xf, 0xf6, 0x0, 0x0, 0x0, 0x6,
    0xff, 0xb0, 0x0, 0x0, 0x0, 0xcf, 0xbf, 0x10,
    0x0, 0x0, 0x2f, 0xb5, 0xf7, 0x0, 0x0, 0x7,
    0xf5, 0xf, 0xd0, 0x0, 0x0, 0xdf, 0x10, 0xbf,
    0x30, 0x0, 0x3f, 0xb0, 0x6, 0xf9, 0x0, 0x9,
    0xfc, 0x88, 0x9f, 0xe0, 0x0, 0xef, 0xff, 0xff,
    0xff, 0x40, 0x5f, 0xa0, 0x0, 0x5, 0xfa, 0xb,
    0xf4, 0x0, 0x0, 0xe, 0xf1,

    /* U+00C3 "Ã" */
    0x0, 0xb, 0xd4, 0x2b, 0x0, 0x0, 0x6, 0xd4,
    0xdf, 0x70, 0x0, 0x0, 0x11, 0x0, 0x0, 0x0,
    0x0, 0x0, 0xf, 0xf6, 0x0, 0x0, 0x0, 0x6,
    0xff, 0xb0, 0x0, 0x0, 0x0, 0xcf, 0xbf, 0x10,
    0x0, 0x0, 0x2f, 0xb5, 0xf7, 0x0, 0x0, 0x7,
    0xf5, 0xf, 0xd0, 0x0, 0x0, 0xdf, 0x10, 0xbf,
    0x30, 0x0, 0x3f, 0xb0, 0x6, 0xf9, 0x0, 0x9,
    0xfc, 0x88, 0x9f, 0xe0, 0x0, 0xef, 0xff, 0xff,
    0xff, 0x40, 0x5f, 0xa0, 0x0, 0x5, 0xfa, 0xb,
    0xf4, 0x0, 0x0, 0xe, 0xf1,

    /* U+00C4 "Ä" */
    0x0, 0x2d, 0x51, 0xd6, 0x0, 0x0, 0x2, 0xe6,
    0x2e, 0x60, 0x0, 0x0, 0x0, 0x0, 0x0, 0x0,
    0x0, 0x0, 0xf, 0xf6, 0x0, 0x0, 0x0, 0x6,
    0xff, 0xb0, 0x0, 0x0, 0x0, 0xcf, 0xbf, 0x10,
    0x0, 0x0, 0x2f, 0xb5, 0xf7, 0x0, 0x0, 0x7,
    0xf5, 0xf, 0xd0, 0x0, 0x0, 0xdf, 0x10, 0xbf,
    0x30, 0x0, 0x3f, 0xb0, 0x6, 0xf9, 0x0, 0x9,
    0xfc, 0x88, 0x9f, 0xe0, 0x0, 0xef, 0xff, 0xff,
    0xff, 0x40, 0x5f, 0xa0, 0x0, 0x5, 0xfa, 0xb,
    0xf4, 0x0, 0x0, 0xe, 0xf1,

    /* U+00C5 "Å" */
    0x0, 0x1, 0xbd, 0x50, 0x0, 0x0, 0x0, 0x9a,
    0x5e, 0x0, 0x0, 0x0, 0x7, 0xff, 0xd0, 0x0,
    0x0, 0x0, 0x2f, 0xf8, 0x0, 0x0, 0x0, 0x8,
    0xfc, 0xe0, 0x0, 0x0, 0x0, 0xeb, 0x6f, 0x40,
    0x0, 0x0, 0x5f, 0x61, 0xfa, 0x0, 0x0, 0xb,
    0xf1, 0xb, 0xf1, 0x0, 0x1, 0xfb, 0x0, 0x6f,
    0x70, 0x0, 0x7f, 0xc8, 0x89, 0xfd, 0x0, 0xe,
    0xff, 0xff, 0xff, 0xf3, 0x4, 0xfa, 0x0, 0x0,
    0x5f, 0xa0, 0xaf, 0x40, 0x0, 0x0, 0xef, 0x0,

    /* U+00C6 "Æ" */
    0x0, 0x0, 0x4, 0xff, 0xff, 0xff, 0xff, 0x20,
    0x0, 0x0, 0xcf, 0xff, 0x99, 0x99, 0x91, 0x0,
    0x0, 0x5f, 0x8f, 0xe0, 0x0, 0x0, 0x0, 0x0,
    0xd, 0xf1, 0xfe, 0x0, 0x0, 0x0, 0x0, 0x7,
    0xf8, 0xf, 0xe0, 0x0, 0x0, 0x0, 0x1, 0xef,
    0x10, 0xff, 0xff, 0xf6, 0x0, 0x0, 0x8f, 0x80,
    0xf, 0xf9, 0x99, 0x40, 0x0, 0x1f, 0xf9, 0x88,
    0xfe, 0x0, 0x0, 0x0, 0xa, 0xff, 0xff, 0xff,
    0xe0, 0x0, 0x0, 0x3, 0xfe, 0x0, 0x0, 0xff,
    0x99, 0x99, 0x91, 0xbf, 0x50, 0x0, 0xf, 0xff,
    0xff, 0xff, 0x20,

    /* U+00C7 "Ç" */
    0x0, 0x8, 0xdf, 0xea, 0x20, 0x1, 0xdf, 0xc8,
    0xaf, 0xf4, 0xa, 0xf8, 0x0, 0x2, 0xd7, 0x1f,
    0xe0, 0x0, 0x0, 0x0, 0x4f, 0xa0, 0x0, 0x0,
    0x0, 0x5f, 0x90, 0x0, 0x0, 0x0, 0x4f, 0xa0,
    0x0, 0x0, 0x0, 0x1f, 0xe0, 0x0, 0x0, 0x0,
    0xa, 0xf8, 0x0, 0x1, 0xc7, 0x1, 0xdf, 0xc8,
    0x9e, 0xf5, 0x0, 0x19, 0xef, 0xeb, 0x30, 0x0,
    0x0, 0x2d, 0x50, 0x0, 0x0, 0x0, 0x3, 0xf2,
    0x0, 0x0, 0x0, 0x8b, 0xb0, 0x0,

    /* U+00C8 "È" */
    0x3, 0xd2, 0x0, 0x0, 0x1, 0xec, 0x0, 0x0,
    0x0, 0x17, 0x30, 0x0, 0xdf, 0xff, 0xff, 0xfa,
    0xdf, 0x99, 0x99, 0x95, 0xdf, 0x0, 0x0, 0x0,
    0xdf, 0x0, 0x0, 0x0, 0xdf, 0x0, 0x0, 0x0,
    0xdf, 0xff, 0xff, 0x0, 0xdf, 0x99, 0x99, 0x0,
    0xdf, 0x0, 0x0, 0x0, 0xdf, 0x0, 0x0, 0x0,
    0xdf, 0x99, 0x99, 0x96, 0xdf, 0xff, 0xff, 0xfb,

    /* U+00C9 "É" */
    0x0, 0x0, 0x3e, 0x20, 0x0, 0x1, 0xed, 0x0,
    0x0, 0x4, 0x70, 0x0, 0xdf, 0xff, 0xff, 0xfa,
    0xdf, 0x99, 0x99, 0x95, 0xdf, 0x0, 0x0, 0x0,
    0xdf, 0x0, 0x0, 0x0, 0xdf, 0x0, 0x0, 0x0,
    0xdf, 0xff, 0xff, 0x0, 0xdf, 0x99, 0x99, 0x0,
    0xdf, 0x0, 0x0, 0x0, 0xdf, 0x0, 0x0, 0x0,
    0xdf, 0x99, 0x99, 0x96, 0xdf, 0xff, 0xff, 0xfb,

    /* U+00CA "Ê" */
    0x0, 0x1d, 0xb0, 0x0, 0x1, 0xdb, 0xdb, 0x0,
    0x4, 0x70, 0x18, 0x30, 0xdf, 0xff, 0xff, 0xfa,
    0xdf, 0x99, 0x99, 0x95, 0xdf, 0x0, 0x0, 0x0,
    0xdf, 0x0, 0x0, 0x0, 0xdf, 0x0, 0x0, 0x0,
    0xdf, 0xff, 0xff, 0x0, 0xdf, 0x99, 0x99, 0x0,
    0xdf, 0x0, 0x0, 0x0, 0xdf, 0x0, 0x0, 0x0,
    0xdf, 0x99, 0x99, 0x96, 0xdf, 0xff, 0xff, 0xfb,

    /* U+00CB "Ë" */
    0x4, 0xd2, 0x4d, 0x30, 0x5, 0xf3, 0x5f, 0x30,
    0x0, 0x0, 0x0, 0x0, 0xdf, 0xff, 0xff, 0xfa,
    0xdf, 0x99, 0x99, 0x95, 0xdf, 0x0, 0x0, 0x0,
    0xdf, 0x0, 0x0, 0x0, 0xdf, 0x0, 0x0, 0x0,
    0xdf, 0xff, 0xff, 0x0, 0xdf, 0x99, 0x99, 0x0,
    0xdf, 0x0, 0x0, 0x0, 0xdf, 0x0, 0x0, 0x0,
    0xdf, 0x99, 0x99, 0x96, 0xdf, 0xff, 0xff, 0xfb,

    /* U+00CC "Ì" */
    0xd, 0x50, 0x0, 0xb, 0xf3, 0x0, 0x0, 0x65,
    0x0, 0x3f, 0xff, 0xfa, 0x15, 0xcf, 0x73, 0x0,
    0xbf, 0x20, 0x0, 0xbf, 0x20, 0x0, 0xbf, 0x20,
    0x0, 0xbf, 0x20, 0x0, 0xbf, 0x20, 0x0, 0xbf,
    0x20, 0x0, 0xbf, 0x20, 0x15, 0xcf, 0x73, 0x3f,
    0xff, 0xfa,

    /* U+00CD "Í" */
    0x0, 0x0, 0xc6, 0x0, 0xa, 0xf3, 0x0, 0x28,
    0x20, 0x3f, 0xff, 0xfa, 0x15, 0xcf, 0x73, 0x0,
    0xbf, 0x20, 0x0, 0xbf, 0x20, 0x0, 0xbf, 0x20,
    0x0, 0xbf, 0x20, 0x0, 0xbf, 0x20, 0x0, 0xbf,
    0x20, 0x0, 0xbf, 0x20, 0x15, 0xcf, 0x73, 0x3f,
    0xff, 0xfa,

    /* U+00CE "Î" */
    0x0, 0xae, 0x30, 0x9, 0xea, 0xe2, 0x28, 0x20,
    0x76, 0x3f, 0xff, 0xfa, 0x15, 0xcf, 0x73, 0x0,
    0xbf, 0x20, 0x0, 0xbf, 0x20, 0x0, 0xbf, 0x20,
    0x0, 0xbf, 0x20, 0x0, 0xbf, 0x20, 0x0, 0xbf,
    0x20, 0x0, 0xbf, 0x20, 0x15, 0xcf, 0x73, 0x3f,
    0xff, 0xfa,

    /* U+00CF "Ï" */
    0x1d, 0x61, 0xd7, 0x1e, 0x71, 0xe8, 0x0, 0x0,
    0x0, 0x3f, 0xff, 0xfa, 0x15, 0xcf, 0x73, 0x0,
    0xbf, 0x20, 0x0, 0xbf, 0x20, 0x0, 0xbf, 0x20,
    0x0, 0xbf, 0x20, 0x0, 0xbf, 0x20, 0x0, 0xbf,
    0x20, 0x0, 0xbf, 0x20, 0x15, 0xcf, 0x73, 0x3f,
    0xff, 0xfa,

    /* U+00D0 "Ð" */
    0x8, 0xff, 0xfe, 0xc8, 0x10, 0x0, 0x8f, 0xa8,
    0x9c, 0xfe, 0x20, 0x8, 0xf4, 0x0, 0x5, 0xfd,
    0x0, 0x8f, 0x40, 0x0, 0xb, 0xf3, 0x8, 0xf4,
    0x0, 0x0, 0x7f, 0x69, 0xff, 0xff, 0xf0, 0x6,
    0xf7, 0x5c, 0xfa, 0x88, 0x0, 0x7f, 0x60, 0x8f,
    0x40, 0x0, 0xb, 0xf3, 0x8, 0xf4, 0x0, 0x5,
    0xfd, 0x0, 0x8f, 0xa8, 0x9c, 0xfe, 0x30, 0x8,
    0xff, 0xff, 0xd8, 0x10, 0x0,

    /* U+00D1 "Ñ" */
    0x0, 0x5e, 0xa0, 0xa3, 0x0, 0x0, 0xe6, 0x8f,
    0xd1, 0x0, 0x0, 0x20, 0x0, 0x0, 0x0, 0xdf,
    0xe0, 0x0, 0xb, 0xf1, 0xdf, 0xf7, 0x0, 0xb,
    0xf1, 0xdf, 0xde, 0x0, 0xb, 0xf1, 0xdf, 0x5f,
    0x80, 0xb, 0xf1, 0xdf, 0xd, 0xf1, 0xb, 0xf1,
    0xdf, 0x4, 0xf8, 0xb, 0xf1, 0xdf, 0x0, 0xcf,
    0x1b, 0xf1, 0xdf, 0x0, 0x4f, 0x9b, 0xf1, 0xdf,
    0x0, 0xb, 0xfd, 0xf1, 0xdf, 0x0, 0x3, 0xff,
    0xf1, 0xdf, 0x0, 0x0, 0xbf, 0xf1,

    /* U+00D2 "Ò" */
    0x0, 0x5, 0xd2, 0x0, 0x0, 0x0, 0x0, 0x0,
    0xae, 0x20, 0x0, 0x0, 0x0, 0x0, 0x0, 0x0,
    0x0, 0x0, 0x0, 0x7, 0xdf, 0xeb, 0x40, 0x0,
    0x0, 0xcf, 0xd9, 0x9f, 0xf7, 0x0, 0x9, 0xf9,
    0x0, 0x1, 0xdf, 0x30, 0x1f, 0xe0, 0x0, 0x0,
    0x4f, 0xa0, 0x4f, 0xa0, 0x0, 0x0, 0xf, 0xe0,
    0x5f, 0x90, 0x0, 0x0, 0xe, 0xf0, 0x4f, 0xa0,
    0x0, 0x0, 0xf, 0xe0, 0x1f, 0xe0, 0x0, 0x0,
    0x4f, 0xa0, 0x9, 0xf9, 0x0, 0x1, 0xdf, 0x30,
    0x0, 0xcf, 0xd8, 0x9f, 0xf7, 0x0, 0x0, 0x7,
    0xdf, 0xeb, 0x40, 0x0,

    /* U+00D3 "Ó" */
    0x0, 0x0, 0x0, 0x6e, 0x0, 0x0, 0x0, 0x0,
    0x6, 0xf6, 0x0, 0x0, 0x0, 0x0, 0x0, 0x0,
    0x0, 0x0, 0x0, 0x7, 0xdf, 0xeb, 0x40, 0x0,
    0x0, 0xcf, 0xd9, 0x9f, 0xf7, 0x0, 0x9, 0xf9,
    0x0, 0x1, 0xdf, 0x30, 0x1f, 0xe0, 0x0, 0x0,
    0x4f, 0xa0, 0x4f, 0xa0, 0x0, 0x0, 0xf, 0xe0,
    0x5f, 0x90, 0x0, 0x0, 0xe, 0xf0, 0x4f, 0xa0,
    0x0, 0x0, 0xf, 0xe0, 0x1f, 0xe0, 0x0, 0x0,
    0x4f, 0xa0, 0x9, 0xf9, 0x0, 0x1, 0xdf, 0x30,
    0x0, 0xcf, 0xd8, 0x9f, 0xf7, 0x0, 0x0, 0x7,
    0xdf, 0xeb, 0x40, 0x0,

    /* U+00D4 "Ô" */
    0x0, 0x0, 0x4e, 0xb1, 0x0, 0x0, 0x0, 0x6,
    0xf5, 0xad, 0x20, 0x0, 0x0, 0x0, 0x0, 0x0,
    0x0, 0x0, 0x0, 0x7, 0xdf, 0xeb, 0x40, 0x0,
    0x0, 0xcf, 0xd9, 0x9f, 0xf7, 0x0, 0x9, 0xf9,
    0x0, 0x1, 0xdf, 0x30, 0x1f, 0xe0, 0x0, 0x0,
    0x4f, 0xa0, 0x4f, 0xa0, 0x0, 0x0, 0xf, 0xe0,
    0x5f, 0x90, 0x0, 0x0, 0xe, 0xf0, 0x4f, 0xa0,
    0x0, 0x0, 0xf, 0xe0, 0x1f, 0xe0, 0x0, 0x0,
    0x4f, 0xa0, 0x9, 0xf9, 0x0, 0x1, 0xdf, 0x30,
    0x0, 0xcf, 0xd8, 0x9f, 0xf7, 0x0, 0x0, 0x7,
    0xdf, 0xeb, 0x40, 0x0,

    /* U+00D5 "Õ" */
    0x0, 0x3, 0xdb, 0x17, 0x60, 0x0, 0x0, 0xb,
    0x86, 0xfe, 0x20, 0x0, 0x0, 0x1, 0x0, 0x0,
    0x0, 0x0, 0x0, 0x7, 0xdf, 0xeb, 0x40, 0x0,
    0x0, 0xcf, 0xd9, 0x9f, 0xf7, 0x0, 0x9, 0xf9,
    0x0, 0x1, 0xdf, 0x30, 0x1f, 0xe0, 0x0, 0x0,
    0x4f, 0xa0, 0x4f, 0xa0, 0x0, 0x0, 0xf, 0xe0,
    0x5f, 0x90, 0x0, 0x0, 0xe, 0xf0, 0x4f, 0xa0,
    0x0, 0x0, 0xf, 0xe0, 0x1f, 0xe0, 0x0, 0x0,
    0x4f, 0xa0, 0x9, 0xf9, 0x0, 0x1, 0xdf, 0x30,
    0x0, 0xcf, 0xd8, 0x9f, 0xf7, 0x0, 0x0, 0x7,
    0xdf, 0xeb, 0x40, 0x0,

    /* U+00D6 "Ö" */
    0x0, 0x6, 0xd1, 0x6d, 0x10, 0x0, 0x0, 0x7,
    0xe2, 0x6e, 0x20, 0x0, 0x0, 0x0, 0x0, 0x0,
    0x0, 0x0, 0x0, 0x7, 0xdf, 0xeb, 0x40, 0x0,
    0x0, 0xcf, 0xd9, 0x9f, 0xf7, 0x0, 0x9, 0xf9,
    0x0, 0x1, 0xdf, 0x30, 0x1f, 0xe0, 0x0, 0x0,
    0x4f, 0xa0, 0x4f, 0xa0, 0x0, 0x0, 0xf, 0xe0,
    0x5f, 0x90, 0x0, 0x0, 0xe, 0xf0, 0x4f, 0xa0,
    0x0, 0x0, 0xf, 0xe0, 0x1f, 0xe0, 0x0, 0x0,
    0x4f, 0xa0, 0x9, 0xf9, 0x0, 0x1, 0xdf, 0x30,
    0x0, 0xcf, 0xd8, 0x9f, 0xf7, 0x0, 0x0, 0x7,
    0xdf, 0xeb, 0x40, 0x0,

    /* U+00D7 "×" */
    0x1, 0x0, 0x0, 0x20, 0xd, 0xb0, 0x4, 0xf7,
    0x6, 0xfb, 0x5f, 0xd1, 0x0, 0x6f, 0xfd, 0x10,
    0x0, 0x4f, 0xfc, 0x0, 0x4, 0xfd, 0x6f, 0xc0,
    0xe, 0xd1, 0x5, 0xf7, 0x2, 0x10, 0x0, 0x30,

    /* U+00D8 "Ø" */
    0x0, 0x7, 0xdf, 0xfb, 0x37, 0x40, 0x0, 0xcf,
    0xd9, 0xaf, 0xfe, 0x0, 0x9, 0xf9, 0x0, 0x5,
    0xff, 0x40, 0x1f, 0xe0, 0x0, 0x2e, 0x8f, 0xb0,
    0x4f, 0xa0, 0x1, 0xd4, 0xf, 0xe0, 0x5f, 0x90,
    0xc, 0x60, 0xe, 0xf0, 0x4f, 0xa0, 0xa9, 0x0,
    0xf, 0xe0, 0x1f, 0xe8, 0xb0, 0x0, 0x4f, 0xa0,
    0xa, 0xfe, 0x0, 0x1, 0xdf, 0x30, 0x4, 0xff,
    0xd9, 0x9f, 0xf7, 0x0, 0x9, 0x37, 0xdf, 0xeb,
    0x40, 0x0,

    /* U+00D9 "Ù" */
    0x0, 0xaa, 0x0, 0x0, 0x0, 0x3, 0xdb, 0x0,
    0x0, 0x0, 0x0, 0x0, 0x0, 0xe, 0xf0, 0x0,
    0x0, 0xfe, 0xef, 0x0, 0x0, 0xf, 0xee, 0xf0,
    0x0, 0x0, 0xfe, 0xef, 0x0, 0x0, 0xf, 0xee,
    0xf0, 0x0, 0x0, 0xfe, 0xef, 0x0, 0x0, 0xf,
    0xee, 0xf0, 0x0, 0x0, 0xfe, 0xcf, 0x10, 0x0,
    0x1f, 0xc9, 0xf7, 0x0, 0x7, 0xf9, 0x2f, 0xfb,
    0x9b, 0xff, 0x20, 0x3b, 0xef, 0xeb, 0x30,

    /* U+00DA "Ú" */
    0x0, 0x0, 0xa, 0xa0, 0x0, 0x0, 0xa, 0xd3,
    0x0, 0x0, 0x0, 0x0, 0x0, 0xe, 0xf0, 0x0,
    0x0, 0xfe, 0xef, 0x0, 0x0, 0xf, 0xee, 0xf0,
    0x0, 0x0, 0xfe, 0xef, 0x0, 0x0, 0xf, 0xee,
    0xf0, 0x0, 0x0, 0xfe, 0xef, 0x0, 0x0, 0xf,
    0xee, 0xf0, 0x0, 0x0, 0xfe, 0xcf, 0x10, 0x0,
    0x1f, 0xc9, 0xf7, 0x0, 0x7, 0xf9, 0x2f, 0xfb,
    0x9b, 0xff, 0x20, 0x3b, 0xef, 0xeb, 0x30,

    /* U+00DB "Û" */
    0x0, 0x8, 0xf8, 0x0, 0x0, 0xa, 0xd4, 0xda,
    0x0, 0x0, 0x0, 0x0, 0x0, 0xe, 0xf0, 0x0,
    0x0, 0xfe, 0xef, 0x0, 0x0, 0xf, 0xee, 0xf0,
    0x0, 0x0, 0xfe, 0xef, 0x0, 0x0, 0xf, 0xee,
    0xf0, 0x0, 0x0, 0xfe, 0xef, 0x0, 0x0, 0xf,
    0xee, 0xf0, 0x0, 0x0, 0xfe, 0xcf, 0x10, 0x0,
    0x1f, 0xc9, 0xf7, 0x0, 0x7, 0xf9, 0x2f, 0xfb,
    0x9b, 0xff, 0x20, 0x3b, 0xef, 0xeb, 0x30,

    /* U+00DC "Ü" */
    0x0, 0xaa, 0xa, 0xb0, 0x0, 0xb, 0xc0, 0xbc,
    0x0, 0x0, 0x0, 0x0, 0x0, 0xe, 0xf0, 0x0,
    0x0, 0xfe, 0xef, 0x0, 0x0, 0xf, 0xee, 0xf0,
    0x0, 0x0, 0xfe, 0xef, 0x0, 0x0, 0xf, 0xee,
    0xf0, 0x0, 0x0, 0xfe, 0xef, 0x0, 0x0, 0xf,
    0xee, 0xf0, 0x0, 0x0, 0xfe, 0xcf, 0x10, 0x0,
    0x1f, 0xc9, 0xf7, 0x0, 0x7, 0xf9, 0x2f, 0xfb,
    0x9b, 0xff, 0x20, 0x3b, 0xef, 0xeb, 0x30,

    /* U+00DD "Ý" */
    0x0, 0x0, 0x4, 0xe1, 0x0, 0x0, 0x0, 0x2e,
    0xc0, 0x0, 0x0, 0x0, 0x57, 0x0, 0x0, 0xbf,
    0x50, 0x0, 0xb, 0xf6, 0x2f, 0xe0, 0x0, 0x3f,
    0xc0, 0x8, 0xf7, 0x0, 0xcf, 0x30, 0x0, 0xef,
    0x15, 0xfa, 0x0, 0x0, 0x5f, 0x9e, 0xf1, 0x0,
    0x0, 0xc, 0xff, 0x70, 0x0, 0x0, 0x3, 0xfe,
    0x0, 0x0, 0x0, 0x1, 0xfc, 0x0, 0x0, 0x0,
    0x1, 0xfc, 0x0, 0x0, 0x0, 0x1, 0xfc, 0x0,
    0x0, 0x0, 0x1, 0xfc, 0x0, 0x0,

    /* U+00DE "Þ" */
    0xdf, 0x0, 0x0, 0x0, 0xd, 0xf0, 0x0, 0x0,
    0x0, 0xdf, 0x99, 0x86, 0x20, 0xd, 0xff, 0xff,
    0xff, 0x60, 0xdf, 0x0, 0x4, 0xff, 0x1d, 0xf0,
    0x0, 0xa, 0xf4, 0xdf, 0x0, 0x0, 0xcf, 0x3d,
    0xf9, 0x99, 0xdf, 0xc0, 0xdf, 0xff, 0xfd, 0x91,
    0xd, 0xf0, 0x0, 0x0, 0x0, 0xdf, 0x0, 0x0,
    0x0, 0x0,

    /* U+00DF "ß" */
    0x7, 0xdf, 0xe7, 0x0, 0x6, 0xfb, 0x59, 0xf7,
    0x0, 0xbf, 0x0, 0xe, 0xa0, 0xd, 0xd0, 0x17,
    0xf6, 0x0, 0xdd, 0xd, 0xfd, 0x20, 0xd, 0xd0,
    0x47, 0xef, 0x40, 0xdd, 0x0, 0x1, 0xee, 0xd,
    0xd0, 0x0, 0xb, 0xf1, 0xdd, 0x0, 0x0, 0xdf,
    0xd, 0xd0, 0x35, 0xcf, 0x80, 0xdd, 0x9, 0xfd,
    0x70, 0x0,

    /* U+00E0 "à" */
    0x0, 0xd7, 0x0, 0x0, 0x0, 0x4e, 0x50, 0x0,
    0x0, 0x0, 0x0, 0x0, 0x1, 0x9e, 0xfc, 0x40,
    0xc, 0xe6, 0x4c, 0xf2, 0x0, 0x20, 0x3, 0xf6,
    0x0, 0x59, 0xce, 0xf7, 0x1d, 0xf9, 0x55, 0xf7,
    0x7f, 0x50, 0x4, 0xf8, 0x6f, 0xb4, 0x6d, 0xf8,
    0x7, 0xdf, 0xc4, 0xeb,

    /* U+00E1 "á" */
    0x0, 0x0, 0x2d, 0x50, 0x0, 0x1, 0xda, 0x0,
    0x0, 0x0, 0x0, 0x0, 0x1, 0x9e, 0xfc, 0x40,
    0xc, 0xe6, 0x4c, 0xf2, 0x0, 0x20, 0x3, 0xf6,
    0x0, 0x59, 0xce, 0xf7, 0x1d, 0xf9, 0x55, 0xf7,
    0x7f, 0x50, 0x4, 0xf8, 0x6f, 0xb4, 0x6d, 0xf8,
    0x7, 0xdf, 0xc4, 0xeb,

    /* U+00E2 "â" */
    0x0, 0x1b, 0xe4, 0x0, 0x1, 0xca, 0x5e, 0x60,
    0x0, 0x0, 0x0, 0x0, 0x1, 0x9e, 0xfc, 0x40,
    0xc, 0xe6, 0x4c, 0xf2, 0x0, 0x20, 0x3, 0xf6,
    0x0, 0x59, 0xce, 0xf7, 0x1d, 0xf9, 0x55, 0xf7,
    0x7f, 0x50, 0x4, 0xf8, 0x6f, 0xb4, 0x6d, 0xf8,
    0x7, 0xdf, 0xc4, 0xeb,

    /* U+00E3 "ã" */
    0x0, 0xbe, 0x52, 0xc0, 0x5, 0xd3, 0xcf, 0x80,
    0x1, 0x10, 0x0, 0x0, 0x1, 0x9e, 0xfc, 0x40,
    0xc, 0xe6, 0x4c, 0xf2, 0x0, 0x20, 0x3, 0xf6,
    0x0, 0x59, 0xce, 0xf7, 0x1d, 0xf9, 0x55, 0xf7,
    0x7f, 0x50, 0x4, 0xf8, 0x6f, 0xb4, 0x6d, 0xf8,
    0x7, 0xdf, 0xc4, 0xeb,

    /* U+00E4 "ä" */
    0x1, 0xe7, 0x1e, 0x70, 0x1, 0xd6, 0x1d, 0x70,
    0x0, 0x0, 0x0, 0x0, 0x1, 0x9e, 0xfc, 0x40,
    0xc, 0xe6, 0x4c, 0xf2, 0x0, 0x20, 0x3, 0xf6,
    0x0, 0x59, 0xce, 0xf7, 0x1d, 0xf9, 0x55, 0xf7,
    0x7f, 0x50, 0x4, 0xf8, 0x6f, 0xb4, 0x6d, 0xf8,
    0x7, 0xdf, 0xc4, 0xeb,

    /* U+00E5 "å" */
    0x0, 0xb, 0xd4, 0x0, 0x0, 0x7a, 0x4f, 0x0,
    0x0, 0x89, 0x1f, 0x0, 0x0, 0x2d, 0xf7, 0x0,
    0x0, 0x0, 0x0, 0x0, 0x1, 0x9e, 0xfc, 0x40,
    0xc, 0xe6, 0x4c, 0xf2, 0x0, 0x20, 0x3, 0xf6,
    0x0, 0x59, 0xce, 0xf7, 0x1d, 0xf9, 0x55, 0xf7,
    0x7f, 0x50, 0x4, 0xf8, 0x6f, 0xb4, 0x6d, 0xf8,
    0x7, 0xdf, 0xc4, 0xeb,

    /* U+00E6 "æ" */
    0x1, 0x9e, 0xfc, 0x43, 0xcf, 0xe8, 0x0, 0xb,
    0xe6, 0x4b, 0xff, 0x94, 0x6e, 0xb0, 0x0, 0x10,
    0x2, 0xfa, 0x0, 0x5, 0xf4, 0x2, 0x8c, 0xef,
    0xff, 0xff, 0xff, 0xf7, 0x2f, 0xe7, 0x45, 0xfa,
    0x33, 0x33, 0x31, 0x8f, 0x50, 0x5, 0xfd, 0x0,
    0x0, 0x0, 0x5f, 0xd6, 0x8e, 0xcf, 0xc7, 0x8f,
    0xa0, 0x7, 0xef, 0xd7, 0x5, 0xcf, 0xe9, 0x10,

    /* U+00E7 "ç" */
    0x0, 0x8d, 0xfd, 0x50, 0xa, 0xfa, 0x7c, 0xf5,
    0x3f, 0xa0, 0x0, 0x30, 0x6f, 0x50, 0x0, 0x0,
    0x6f, 0x50, 0x0, 0x0, 0x3f, 0xa0, 0x0, 0x20,
    0xb, 0xf9, 0x6b, 0xf5, 0x0, 0x9e, 0xfd, 0x60,
    0x0, 0x7, 0xb3, 0x0, 0x0, 0x1, 0x6e, 0x0,
    0x0, 0xb, 0xd7, 0x0,

    /* U+00E8 "è" */
    0x0, 0x7c, 0x0, 0x0, 0x0, 0x1, 0xcb, 0x0,
    0x0, 0x0, 0x0, 0x0, 0x0, 0x0, 0x7, 0xdf,
    0xd7, 0x0, 0xa, 0xf9, 0x69, 0xf9, 0x3, 0xf8,
    0x0, 0x8, 0xf1, 0x6f, 0xff, 0xff, 0xff, 0x56,
    0xf7, 0x33, 0x33, 0x31, 0x3f, 0xb0, 0x0, 0x0,
    0x0, 0xaf, 0xb7, 0x9f, 0x70, 0x0, 0x7d, 0xfe,
    0x80, 0x0,

    /* U+00E9 "é" */
    0x0, 0x0, 0x9, 0xa0, 0x0, 0x0, 0x8, 0xd2,
    0x0, 0x0, 0x0, 0x0, 0x0, 0x0, 0x7, 0xdf,
    0xd7, 0x0, 0xa, 0xf9, 0x69, 0xf9, 0x3, 0xf8,
    0x0, 0x8, 0xf1, 0x6f, 0xff, 0xff, 0xff, 0x56,
    0xf7, 0x33, 0x33, 0x31, 0x3f, 0xb0, 0x0, 0x0,
    0x0, 0xaf, 0xb7, 0x9f, 0x70, 0x0, 0x7d, 0xfe,
    0x80, 0x0,

    /* U+00EA "ê" */
    0x0, 0x7, 0xf9, 0x0, 0x0, 0x9, 0xd4, 0xcb,
    0x0, 0x0, 0x0, 0x0, 0x0, 0x0, 0x7, 0xdf,
    0xd7, 0x0, 0xa, 0xf9, 0x69, 0xf9, 0x3, 0xf8,
    0x0, 0x8, 0xf1, 0x6f, 0xff, 0xff, 0xff, 0x56,
    0xf7, 0x33, 0x33, 0x31, 0x3f, 0xb0, 0x0, 0x0,
    0x0, 0xaf, 0xb7, 0x9f, 0x70, 0x0, 0x7d, 0xfe,
    0x80, 0x0,

    /* U+00EB "ë" */
    0x0, 0xad, 0xa, 0xd0, 0x0, 0x9, 0xc0, 0x9c,
    0x0, 0x0, 0x0, 0x0, 0x0, 0x0, 0x7, 0xdf,
    0xd7, 0x0, 0xa, 0xf9, 0x69, 0xf9, 0x3, 0xf8,
    0x0, 0x8, 0xf1, 0x6f, 0xff, 0xff, 0xff, 0x56,
    0xf7, 0x33, 0x33, 0x31, 0x3f, 0xb0, 0x0, 0x0,
    0x0, 0xaf, 0xb7, 0x9f, 0x70, 0x0, 0x7d, 0xfe,
    0x80, 0x0,

    /* U+00EC "ì" */
    0xc8, 0x0, 0x3d, 0x60, 0x0, 0x0, 0xaf, 0xf4,
    0x39, 0xf4, 0x7, 0xf4, 0x7, 0xf4, 0x7, 0xf4,
    0x7, 0xf4, 0x7, 0xf4, 0x7, 0xf4,

    /* U+00ED "í" */
    0x0, 0x1d, 0x50, 0x1c, 0x90, 0x0, 0x0, 0xa,
    0xff, 0x40, 0x39, 0xf4, 0x0, 0x7f, 0x40, 0x7,
    0xf4, 0x0, 0x7f, 0x40, 0x7, 0xf4, 0x0, 0x7f,
    0x40, 0x7, 0xf4, 0x0,

    /* U+00EE "î" */
    0x1, 0xbe, 0x50, 0x1, 0xb9, 0x4d, 0x70, 0x0,
    0x0, 0x0, 0x0, 0xaf, 0xf4, 0x0, 0x3, 0x9f,
    0x40, 0x0, 0x7, 0xf4, 0x0, 0x0, 0x7f, 0x40,
    0x0, 0x7, 0xf4, 0x0, 0x0, 0x7f, 0x40, 0x0,
    0x7, 0xf4, 0x0, 0x0, 0x7f, 0x40, 0x0,

    /* U+00EF "ï" */
    0xd, 0x90, 0xda, 0xc, 0x90, 0xc9, 0x0, 0x0,
    0x0, 0x8, 0xff, 0x60, 0x2, 0x8f, 0x60, 0x0,
    0x5f, 0x60, 0x0, 0x5f, 0x60, 0x0, 0x5f, 0x60,
    0x0, 0x5f, 0x60, 0x0, 0x5f, 0x60, 0x0, 0x5f,
    0x60,

    /* U+00F0 "ð" */
    0x0, 0x0, 0x0, 0x0, 0x0, 0x4, 0xec, 0x6b,
    0x20, 0x0, 0x18, 0xcf, 0xe1, 0x0, 0x0, 0xc,
    0x7f, 0xa0, 0x0, 0x0, 0x10, 0x9f, 0x10, 0x2b,
    0xff, 0xc7, 0xf5, 0xd, 0xf8, 0x59, 0xff, 0x65,
    0xf8, 0x0, 0xa, 0xf6, 0x7f, 0x50, 0x0, 0x7f,
    0x44, 0xf9, 0x0, 0xb, 0xf1, 0xc, 0xf9, 0x6a,
    0xf9, 0x0, 0x8, 0xef, 0xd8, 0x0,

    /* U+00F1 "ñ" */
    0x8, 0xf8, 0xc, 0x11, 0xf3, 0xaf, 0xb0, 0x1,
    0x0, 0x0, 0xf, 0x98, 0xef, 0xb1, 0xff, 0xa4,
    0x8f, 0x9f, 0xe0, 0x0, 0xed, 0xfc, 0x0, 0xc,
    0xef, 0xc0, 0x0, 0xce, 0xfc, 0x0, 0xc, 0xef,
    0xc0, 0x0, 0xce, 0xfc, 0x0, 0xc, 0xe0,

    /* U+00F2 "ò" */
    0x0, 0x9a, 0x0, 0x0, 0x0, 0x2, 0xd9, 0x0,
    0x0, 0x0, 0x0, 0x0, 0x0, 0x0, 0x8, 0xdf,
    0xd7, 0x0, 0xa, 0xfa, 0x6a, 0xf9, 0x3, 0xfa,
    0x0, 0xb, 0xf2, 0x6f, 0x50, 0x0, 0x6f, 0x66,
    0xf5, 0x0, 0x6, 0xf6, 0x3f, 0xa0, 0x0, 0xbf,
    0x20, 0xaf, 0xa6, 0xaf, 0x90, 0x0, 0x7d, 0xfd,
    0x60, 0x0,

    /* U+00F3 "ó" */
    0x0, 0x0, 0xb, 0x80, 0x0, 0x0, 0xa, 0xc1,
    0x0, 0x0, 0x0, 0x0, 0x0, 0x0, 0x8, 0xdf,
    0xd7, 0x0, 0xa, 0xfa, 0x6a, 0xf9, 0x3, 0xfa,
    0x0, 0xb, 0xf2, 0x6f, 0x50, 0x0, 0x6f, 0x66,
    0xf5, 0x0, 0x6, 0xf6, 0x3f, 0xa0, 0x0, 0xbf,
    0x20, 0xaf, 0xa6, 0xaf, 0x90, 0x0, 0x7d, 0xfd,
    0x60, 0x0,

    /* U+00F4 "ô" */
    0x0, 0x8, 0xf7, 0x0, 0x0, 0xa, 0xc3, 0xd9,
    0x0, 0x0, 0x0, 0x0, 0x0, 0x0, 0x8, 0xdf,
    0xd7, 0x0, 0xa, 0xfa, 0x6a, 0xf9, 0x3, 0xfa,
    0x0, 0xb, 0xf2, 0x6f, 0x50, 0x0, 0x6f, 0x66,
    0xf5, 0x0, 0x6, 0xf6, 0x3f, 0xa0, 0x0, 0xbf,
    0x20, 0xaf, 0xa6, 0xaf, 0x90, 0x0, 0x7d, 0xfd,
    0x60, 0x0,

    /* U+00F5 "õ" */
    0x0, 0x8f, 0x80, 0xc1, 0x0, 0x1f, 0x3a, 0xfb,
    0x0, 0x0, 0x10, 0x0, 0x0, 0x0, 0x8, 0xdf,
    0xd7, 0x0, 0xa, 0xfa, 0x6a, 0xf9, 0x3, 0xfa,
    0x0, 0xb, 0xf2, 0x6f, 0x50, 0x0, 0x6f, 0x66,
    0xf5, 0x0, 0x6, 0xf6, 0x3f, 0xa0, 0x0, 0xbf,
    0x20, 0xaf, 0xa6, 0xaf, 0x90, 0x0, 0x7d, 0xfd,
    0x60, 0x0,

    /* U+00F6 "ö" */
    0x0, 0xcb, 0xc, 0xb0, 0x0, 0xb, 0xa0, 0xba,
    0x0, 0x0, 0x0, 0x0, 0x0, 0x0, 0x8, 0xdf,
    0xd7, 0x0, 0xa, 0xfa, 0x6a, 0xf9, 0x3, 0xfa,
    0x0, 0xb, 0xf2, 0x6f, 0x50, 0x0, 0x6f, 0x66,
    0xf5, 0x0, 0x6, 0xf6, 0x3f, 0xa0, 0x0, 0xbf,
    0x20, 0xaf, 0xa6, 0xaf, 0x90, 0x0, 0x7d, 0xfd,
    0x60, 0x0,

    /* U+00F7 "÷" */
    0x0, 0x1, 0xea, 0x0, 0x0, 0x0, 0x2f, 0xc0,
    0x0, 0x0, 0x0, 0x10, 0x0, 0x1, 0x88, 0x88,
    0x88, 0x86, 0x3f, 0xff, 0xff, 0xff, 0xd0, 0x0,
    0x1, 0x0, 0x0, 0x0, 0x2, 0xfc, 0x0, 0x0,
    0x0, 0x1e, 0xa0, 0x0,

    /* U+00F8 "ø" */
    0x0, 0x0, 0x0, 0x0, 0x0, 0x7, 0xdf, 0xd7,
    0xc0, 0xb, 0xfa, 0x6b, 0xfa, 0x3, 0xfa, 0x0,
    0xce, 0xf2, 0x6f, 0x50, 0xa8, 0x6f, 0x56, 0xf5,
    0x99, 0x6, 0xf6, 0x2f, 0xeb, 0x0, 0xbf, 0x20,
    0xbf, 0xa6, 0xaf, 0xa0, 0xc, 0x7d, 0xfd, 0x60,
    0x0, 0x0, 0x0, 0x0, 0x0,

    /* U+00F9 "ù" */
    0xa, 0xa0, 0x0, 0x0, 0x2c, 0x80, 0x0, 0x0,
    0x0, 0x0, 0xf, 0xb0, 0x0, 0xfc, 0xfb, 0x0,
    0xf, 0xcf, 0xb0, 0x0, 0xfc, 0xfb, 0x0, 0xf,
    0xcf, 0xb0, 0x0, 0xfc, 0xed, 0x0, 0x2f, 0xca,
    0xf9, 0x7d, 0xfc, 0x2c, 0xfd, 0x4b, 0xc0,

    /* U+00FA "ú" */
    0x0, 0x0, 0xc7, 0x0, 0x0, 0xbb, 0x10, 0x0,
    0x0, 0x0, 0xf, 0xb0, 0x0, 0xfc, 0xfb, 0x0,
    0xf, 0xcf, 0xb0, 0x0, 0xfc, 0xfb, 0x0, 0xf,
    0xcf, 0xb0, 0x0, 0xfc, 0xed, 0x0, 0x2f, 0xca,
    0xf9, 0x7d, 0xfc, 0x2c, 0xfd, 0x4b, 0xc0,

    /* U+00FB "û" */
    0x0, 0x9f, 0x70, 0x0, 0xaa, 0x3c, 0x80, 0x0,
    0x0, 0x0, 0xf, 0xb0, 0x0, 0xfc, 0xfb, 0x0,
    0xf, 0xcf, 0xb0, 0x0, 0xfc, 0xfb, 0x0, 0xf,
    0xcf, 0xb0, 0x0, 0xfc, 0xed, 0x0, 0x2f, 0xca,
    0xf9, 0x7d, 0xfc, 0x2c, 0xfd, 0x4b, 0xc0,

    /* U+00FC "ü" */
    0xd, 0xa0, 0xda, 0x0, 0xc9, 0xc, 0x90, 0x0,
    0x0, 0x0, 0xf, 0xb0, 0x0, 0xfc, 0xfb, 0x0,
    0xf, 0xcf, 0xb0, 0x0, 0xfc, 0xfb, 0x0, 0xf,
    0xcf, 0xb0, 0x0, 0xfc, 0xed, 0x0, 0x2f, 0xca,
    0xf9, 0x7d, 0xfc, 0x2c, 0xfd, 0x4b, 0xc0,

    /* U+00FD "ý" */
    0x0, 0x0, 0x6d, 0x0, 0x0, 0x5, 0xe4, 0x0,
    0x0, 0x0, 0x0, 0x0, 0xaf, 0x20, 0x8, 0xf5,
    0x5f, 0x70, 0xc, 0xf0, 0xf, 0xc0, 0x1f, 0xa0,
    0x9, 0xf1, 0x6f, 0x40, 0x4, 0xf6, 0xaf, 0x0,
    0x0, 0xeb, 0xfa, 0x0, 0x0, 0x9f, 0xf4, 0x0,
    0x0, 0x3f, 0xf0, 0x0, 0x0, 0xf, 0xa0, 0x0,
    0x5, 0xaf, 0x30, 0x0, 0x2f, 0xe7, 0x0, 0x0,

    /* U+00FE "þ" */
    0xfc, 0x0, 0x0, 0x0, 0xfc, 0x0, 0x0, 0x0,
    0xfc, 0x0, 0x0, 0x0, 0xfc, 0x6e, 0xfb, 0x20,
    0xff, 0xd7, 0x9f, 0xe1, 0xff, 0x10, 0x7, 0xf7,
    0xfc, 0x0, 0x3, 0xfa, 0xfc, 0x0, 0x3, 0xfa,
    0xff, 0x10, 0x7, 0xf7, 0xff, 0xd7, 0x8f, 0xe1,
    0xfc, 0x6e, 0xfb, 0x20, 0xfc, 0x0, 0x0, 0x0,
    0xfc, 0x0, 0x0, 0x0, 0xfc, 0x0, 0x0, 0x0,

    /* U+00FF "ÿ" */
    0x7, 0xe2, 0x6e, 0x20, 0x6, 0xd1, 0x6d, 0x20,
    0x0, 0x0, 0x0, 0x0, 0xaf, 0x20, 0x8, 0xf5,
    0x5f, 0x70, 0xc, 0xf0, 0xf, 0xc0, 0x1f, 0xa0,
    0x9, 0xf1, 0x6f, 0x40, 0x4, 0xf6, 0xaf, 0x0,
    0x0, 0xeb, 0xfa, 0x0, 0x0, 0x9f, 0xf4, 0x0,
    0x0, 0x3f, 0xf0, 0x0, 0x0, 0xf, 0xa0, 0x0,
    0x5, 0xaf, 0x30, 0x0, 0x2f, 0xe7, 0x0, 0x0,

    /* U+0100 "Ā" */
    0x0, 0x0, 0x0, 0x0, 0x0, 0x0, 0x1, 0xff,
    0xff, 0x70, 0x0, 0x0, 0x3, 0x33, 0x31, 0x0,
    0x0, 0x0, 0xf, 0xf6, 0x0, 0x0, 0x0, 0x6,
    0xff, 0xb0, 0x0, 0x0, 0x0, 0xcf, 0xbf, 0x10,
    0x0, 0x0, 0x2f, 0xb5, 0xf7, 0x0, 0x0, 0x7,
    0xf5, 0xf, 0xd0, 0x0, 0x0, 0xdf, 0x10, 0xbf,
    0x30, 0x0, 0x3f, 0xb0, 0x6, 0xf9, 0x0, 0x9,
    0xfc, 0x88, 0x9f, 0xe0, 0x0, 0xef, 0xff, 0xff,
    0xff, 0x40, 0x5f, 0xa0, 0x0, 0x5, 0xfa, 0xb,
    0xf4, 0x0, 0x0, 0xe, 0xf1,

    /* U+0101 "ā" */
    0x0, 0xff, 0xff, 0x80, 0x0, 0x33, 0x33, 0x10,
    0x0, 0x0, 0x0, 0x0, 0x1, 0x9e, 0xfc, 0x40,
    0xc, 0xe6, 0x4c, 0xf2, 0x0, 0x20, 0x3, 0xf6,
    0x0, 0x59, 0xce, 0xf7, 0x1d, 0xf9, 0x55, 0xf7,
    0x7f, 0x50, 0x4, 0xf8, 0x6f, 0xb4, 0x6d, 0xf8,
    0x7, 0xdf, 0xc4, 0xeb,

    /* U+0102 "Ă" */
    0x0, 0x7, 0x20, 0x73, 0x0, 0x0, 0x0, 0x8f,
    0xfc, 0x10, 0x0, 0x0, 0x0, 0x1, 0x0, 0x0,
    0x0, 0x0, 0xf, 0xf6, 0x0, 0x0, 0x0, 0x6,
    0xff, 0xb0, 0x0, 0x0, 0x0, 0xcf, 0xbf, 0x10,
    0x0, 0x0, 0x2f, 0xb5, 0xf7, 0x0, 0x0, 0x7,
    0xf5, 0xf, 0xd0, 0x0, 0x0, 0xdf, 0x10, 0xbf,
    0x30, 0x0, 0x3f, 0xb0, 0x6, 0xf9, 0x0, 0x9,
    0xfc, 0x88, 0x9f, 0xe0, 0x0, 0xef, 0xff, 0xff,
    0xff, 0x40, 0x5f, 0xa0, 0x0, 0x5, 0xfa, 0xb,
    0xf4, 0x0, 0x0, 0xe, 0xf1,

    /* U+0103 "ă" */
    0x0, 0xe6, 0x1d, 0x60, 0x0, 0x5f, 0xfb, 0x0,
    0x0, 0x0, 0x10, 0x0, 0x1, 0x9e, 0xfc, 0x40,
    0xc, 0xe6, 0x4c, 0xf2, 0x0, 0x20, 0x3, 0xf6,
    0x0, 0x59, 0xce, 0xf7, 0x1d, 0xf9, 0x55, 0xf7,
    0x7f, 0x50, 0x4, 0xf8, 0x6f, 0xb4, 0x6d, 0xf8,
    0x7, 0xdf, 0xc4, 0xeb,

    /* U+0104 "Ą" */
    0x0, 0x0, 0xff, 0x60, 0x0, 0x0, 0x0, 0x6f,
    0xfb, 0x0, 0x0, 0x0, 0xc, 0xfb, 0xf1, 0x0,
    0x0, 0x2, 0xfb, 0x5f, 0x70, 0x0, 0x0, 0x7f,
    0x50, 0xfd, 0x0, 0x0, 0xd, 0xf1, 0xb, 0xf3,
    0x0, 0x3, 0xfb, 0x0, 0x6f, 0x90, 0x0, 0x9f,
    0xc8, 0x89, 0xfe, 0x0, 0xe, 0xff, 0xff, 0xff,
    0xf4, 0x5, 0xfa, 0x0, 0x0, 0x5f, 0xa0, 0xbf,
    0x40, 0x0, 0x0, 0xef, 0x10, 0x0, 0x0, 0x0,
    0x3e, 0x60, 0x0, 0x0, 0x0, 0x9, 0xe1, 0x0,
    0x0, 0x0, 0x0, 0x3e, 0xf2,

    /* U+0105 "ą" */
    0x1, 0x9e, 0xfc, 0x40, 0xc, 0xe6, 0x4c, 0xf2,
    0x0, 0x20, 0x3, 0xf6, 0x0, 0x59, 0xce, 0xf7,
    0x1d, 0xf9, 0x55, 0xf7, 0x7f, 0x50, 0x4, 0xf8,
    0x6f, 0xb4, 0x6d, 0xf9, 0x7, 0xdf, 0xc4, 0xfa,
    0x0, 0x0, 0xb, 0xb0, 0x0, 0x0, 0xf, 0x71,
    0x0, 0x0, 0x8, 0xfb,

    /* U+0106 "Ć" */
    0x0, 0x0, 0x0, 0x7d, 0x0, 0x0, 0x0, 0x7,
    0xe5, 0x0, 0x0, 0x0, 0x0, 0x0, 0x0, 0x0,
    0x8, 0xdf, 0xea, 0x20, 0x1, 0xdf, 0xc8, 0xaf,
    0xf4, 0xa, 0xf8, 0x0, 0x2, 0xd7, 0x1f, 0xe0,
    0x0, 0x0, 0x0, 0x4f, 0xa0, 0x0, 0x0, 0x0,
    0x5f, 0x90, 0x0, 0x0, 0x0, 0x4f, 0xa0, 0x0,
    0x0, 0x0, 0x1f, 0xe0, 0x0, 0x0, 0x0, 0xa,
    0xf8, 0x0, 0x2, 0xd8, 0x1, 0xdf, 0xc8, 0xaf,
    0xf4, 0x0, 0x18, 0xdf, 0xea, 0x30,

    /* U+0107 "ć" */
    0x0, 0x0, 0xb, 0x80, 0x0, 0x0, 0xac, 0x10,
    0x0, 0x0, 0x0, 0x0, 0x0, 0x8d, 0xfd, 0x50,
    0xa, 0xfa, 0x7c, 0xf5, 0x3f, 0xa0, 0x0, 0x30,
    0x6f, 0x50, 0x0, 0x0, 0x6f, 0x50, 0x0, 0x0,
    0x3f, 0xa0, 0x0, 0x20, 0xb, 0xfa, 0x7b, 0xf5,
    0x0, 0x9e, 0xfc, 0x50,

    /* U+010A "Ċ" */
    0x0, 0x0, 0x1d, 0x60, 0x0, 0x0, 0x0, 0x1e,
    0x70, 0x0, 0x0, 0x0, 0x0, 0x0, 0x0, 0x0,
    0x8, 0xdf, 0xea, 0x20, 0x1, 0xdf, 0xc8, 0xaf,
    0xf4, 0xa, 0xf8, 0x0, 0x2, 0xd7, 0x1f, 0xe0,
    0x0, 0x0, 0x0, 0x4f, 0xa0, 0x0, 0x0, 0x0,
    0x5f, 0x90, 0x0, 0x0, 0x0, 0x4f, 0xa0, 0x0,
    0x0, 0x0, 0x1f, 0xe0, 0x0, 0x0, 0x0, 0xa,
    0xf8, 0x0, 0x2, 0xd8, 0x1, 0xdf, 0xc8, 0xaf,
    0xf4, 0x0, 0x18, 0xdf, 0xea, 0x30,

    /* U+010B "ċ" */
    0x0, 0x5, 0xf3, 0x0, 0x0, 0x4, 0xe3, 0x0,
    0x0, 0x0, 0x0, 0x0, 0x0, 0x8d, 0xfd, 0x50,
    0xa, 0xfa, 0x7c, 0xf5, 0x3f, 0xa0, 0x0, 0x30,
    0x6f, 0x50, 0x0, 0x0, 0x6f, 0x50, 0x0, 0x0,
    0x3f, 0xa0, 0x0, 0x20, 0xb, 0xfa, 0x7b, 0xf5,
    0x0, 0x9e, 0xfc, 0x50,

    /* U+010C "Č" */
    0x0, 0x8, 0xe4, 0xbc, 0x10, 0x0, 0x0, 0x6f,
    0xa0, 0x0, 0x0, 0x0, 0x0, 0x0, 0x0, 0x0,
    0x8, 0xdf, 0xea, 0x20, 0x1, 0xdf, 0xc8, 0xaf,
    0xf4, 0xa, 0xf8, 0x0, 0x2, 0xd7, 0x1f, 0xe0,
    0x0, 0x0, 0x0, 0x4f, 0xa0, 0x0, 0x0, 0x0,
    0x5f, 0x90, 0x0, 0x0, 0x0, 0x4f, 0xa0, 0x0,
    0x0, 0x0, 0x1f, 0xe0, 0x0, 0x0, 0x0, 0xa,
    0xf8, 0x0, 0x2, 0xd8, 0x1, 0xdf, 0xc8, 0xaf,
    0xf4, 0x0, 0x18, 0xdf, 0xea, 0x30,

    /* U+010D "č" */
    0x0, 0xbd, 0x4e, 0x90, 0x0, 0x9, 0xf7, 0x0,
    0x0, 0x0, 0x0, 0x0, 0x0, 0x8d, 0xfd, 0x50,
    0xa, 0xfa, 0x7c, 0xf5, 0x3f, 0xa0, 0x0, 0x30,
    0x6f, 0x50, 0x0, 0x0, 0x6f, 0x50, 0x0, 0x0,
    0x3f, 0xa0, 0x0, 0x20, 0xb, 0xfa, 0x7b, 0xf5,
    0x0, 0x9e, 0xfc, 0x50,

    /* U+010E "Ď" */
    0x2, 0x82, 0x7, 0x50, 0x0, 0x0, 0x7f, 0xdb,
    0x0, 0x0, 0x0, 0x4, 0x60, 0x0, 0x0, 0xdf,
    0xff, 0xeb, 0x50, 0x0, 0xdf, 0x88, 0xae, 0xfb,
    0x0, 0xdf, 0x0, 0x0, 0xaf, 0x80, 0xdf, 0x0,
    0x0, 0xf, 0xe0, 0xdf, 0x0, 0x0, 0xc, 0xf1,
    0xdf, 0x0, 0x0, 0xb, 0xf2, 0xdf, 0x0, 0x0,
    0xc, 0xf1, 0xdf, 0x0, 0x0, 0xf, 0xe0, 0xdf,
    0x0, 0x0, 0xaf, 0x80, 0xdf, 0x88, 0xae, 0xfc,
    0x0, 0xdf, 0xff, 0xeb, 0x60, 0x0,

    /* U+010F "ď" */
    0x0, 0x0, 0x0, 0x8f, 0x37, 0xa0, 0x0, 0x0,
    0x8, 0xf3, 0xb8, 0x0, 0x0, 0x0, 0x8f, 0x3a,
    0x20, 0x9, 0xee, 0x98, 0xf3, 0x0, 0xc, 0xfa,
    0x6b, 0xff, 0x30, 0x3, 0xfb, 0x0, 0xc, 0xf3,
    0x0, 0x6f, 0x60, 0x0, 0x8f, 0x30, 0x6, 0xf7,
    0x0, 0x8, 0xf3, 0x0, 0x3f, 0xb0, 0x0, 0xcf,
    0x30, 0x0, 0xbf, 0xa6, 0xbf, 0xf4, 0x0, 0x0,
    0x9e, 0xf9, 0x4f, 0x60, 0x0,

    /* U+0110 "Đ" */
    0x8, 0xff, 0xfe, 0xc8, 0x10, 0x0, 0x8f, 0xa8,
    0x9c, 0xfe, 0x20, 0x8, 0xf4, 0x0, 0x5, 0xfd,
    0x0, 0x8f, 0x40, 0x0, 0xb, 0xf3, 0x8, 0xf4,
    0x0, 0x0, 0x7f, 0x69, 0xff, 0xff, 0xf0, 0x6,
    0xf7, 0x5c, 0xfa, 0x88, 0x0, 0x7f, 0x60, 0x8f,
    0x40, 0x0, 0xb, 0xf3, 0x8, 0xf4, 0x0, 0x5,
    0xfd, 0x0, 0x8f, 0xa8, 0x9c, 0xfe, 0x30, 0x8,
    0xff, 0xff, 0xd8, 0x10, 0x0,

    /* U+0111 "đ" */
    0x0, 0x0, 0x0, 0x8f, 0x30, 0x0, 0x0, 0xef,
    0xff, 0xf8, 0x0, 0x0, 0x22, 0x9f, 0x51, 0x0,
    0x9e, 0xe9, 0x8f, 0x30, 0xc, 0xfa, 0x6b, 0xff,
    0x30, 0x3f, 0xb0, 0x0, 0xcf, 0x30, 0x6f, 0x60,
    0x0, 0x8f, 0x30, 0x6f, 0x70, 0x0, 0x8f, 0x30,
    0x3f, 0xb0, 0x0, 0xcf, 0x30, 0xb, 0xfa, 0x6b,
    0xff, 0x40, 0x0, 0x9e, 0xf9, 0x4f, 0x60,

    /* U+0112 "Ē" */
    0x0, 0x0, 0x0, 0x0, 0x5, 0xff, 0xff, 0x30,
    0x1, 0x33, 0x33, 0x0, 0xdf, 0xff, 0xff, 0xfa,
    0xdf, 0x99, 0x99, 0x95, 0xdf, 0x0, 0x0, 0x0,
    0xdf, 0x0, 0x0, 0x0, 0xdf, 0x0, 0x0, 0x0,
    0xdf, 0xff, 0xff, 0x0, 0xdf, 0x99, 0x99, 0x0,
    0xdf, 0x0, 0x0, 0x0, 0xdf, 0x0, 0x0, 0x0,
    0xdf, 0x99, 0x99, 0x96, 0xdf, 0xff, 0xff, 0xfb,

    /* U+0113 "ē" */
    0x0, 0xaf, 0xff, 0xd0, 0x0, 0x2, 0x33, 0x33,
    0x0, 0x0, 0x0, 0x0, 0x0, 0x0, 0x7, 0xdf,
    0xd7, 0x0, 0xa, 0xf9, 0x69, 0xf9, 0x3, 0xf8,
    0x0, 0x8, 0xf1, 0x6f, 0xff, 0xff, 0xff, 0x56,
    0xf7, 0x33, 0x33, 0x31, 0x3f, 0xb0, 0x0, 0x0,
    0x0, 0xaf, 0xb7, 0x9f, 0x70, 0x0, 0x7d, 0xfe,
    0x80, 0x0,

    /* U+0116 "Ė" */
    0x0, 0xb, 0x90, 0x0, 0x0, 0xc, 0xb0, 0x0,
    0x0, 0x0, 0x0, 0x0, 0xdf, 0xff, 0xff, 0xfa,
    0xdf, 0x99, 0x99, 0x95, 0xdf, 0x0, 0x0, 0x0,
    0xdf, 0x0, 0x0, 0x0, 0xdf, 0x0, 0x0, 0x0,
    0xdf, 0xff, 0xff, 0x0, 0xdf, 0x99, 0x99, 0x0,
    0xdf, 0x0, 0x0, 0x0, 0xdf, 0x0, 0x0, 0x0,
    0xdf, 0x99, 0x99, 0x96, 0xdf, 0xff, 0xff, 0xfb,

    /* U+0117 "ė" */
    0x0, 0x3, 0xe5, 0x0, 0x0, 0x0, 0x2e, 0x50,
    0x0, 0x0, 0x0, 0x0, 0x0, 0x0, 0x7, 0xdf,
    0xd7, 0x0, 0xa, 0xf9, 0x69, 0xf9, 0x3, 0xf8,
    0x0, 0x8, 0xf1, 0x6f, 0xff, 0xff, 0xff, 0x56,
    0xf7, 0x33, 0x33, 0x31, 0x3f, 0xb0, 0x0, 0x0,
    0x0, 0xaf, 0xb7, 0x9f, 0x70, 0x0, 0x7d, 0xfe,
    0x80, 0x0,

    /* U+0118 "Ę" */
    0xdf, 0xff, 0xff, 0xfa, 0xdf, 0x99, 0x99, 0x95,
    0xdf, 0x0, 0x0, 0x0, 0xdf, 0x0, 0x0, 0x0,
    0xdf, 0x0, 0x0, 0x0, 0xdf, 0xff, 0xff, 0x0,
    0xdf, 0x99, 0x99, 0x0, 0xdf, 0x0, 0x0, 0x0,
    0xdf, 0x0, 0x0, 0x0, 0xdf, 0x99, 0x99, 0x96,
    0xdf, 0xff, 0xff, 0xfb, 0x0, 0x0, 0xb, 0xb2,
    0x0, 0x0, 0x1f, 0x60, 0x0, 0x0, 0xa, 0xfa,

    /* U+0119 "ę" */
    0x0, 0x7d, 0xfd, 0x50, 0x0, 0xaf, 0xa6, 0xbf,
    0x50, 0x3f, 0xb0, 0x0, 0xce, 0x6, 0xf5, 0x0,
    0x7, 0xf3, 0x6f, 0xff, 0xff, 0xff, 0x53, 0xf9,
    0x33, 0x33, 0x31, 0xa, 0xf9, 0x68, 0xc6, 0x0,
    0x7, 0xdf, 0xfc, 0x10, 0x0, 0x0, 0x7e, 0x10,
    0x0, 0x0, 0xa, 0xd1, 0x0, 0x0, 0x0, 0x3e,
    0xe2, 0x0,

    /* U+011A "Ě" */
    0x4, 0x71, 0x28, 0x30, 0x0, 0xad, 0xe8, 0x0,
    0x0, 0x6, 0x40, 0x0, 0xdf, 0xff, 0xff, 0xfa,
    0xdf, 0x99, 0x99, 0x95, 0xdf, 0x0, 0x0, 0x0,
    0xdf, 0x0, 0x0, 0x0, 0xdf, 0x0, 0x0, 0x0,
    0xdf, 0xff, 0xff, 0x0, 0xdf, 0x99, 0x99, 0x0,
    0xdf, 0x0, 0x0, 0x0, 0xdf, 0x0, 0x0, 0x0,
    0xdf, 0x99, 0x99, 0x96, 0xdf, 0xff, 0xff, 0xfb,

    /* U+011B "ě" */
    0x0, 0x9e, 0x4c, 0xb0, 0x0, 0x0, 0x7f, 0x90,
    0x0, 0x0, 0x0, 0x0, 0x0, 0x0, 0x7, 0xdf,
    0xd7, 0x0, 0xa, 0xf9, 0x69, 0xf9, 0x3, 0xf8,
    0x0, 0x8, 0xf1, 0x6f, 0xff, 0xff, 0xff, 0x56,
    0xf7, 0x33, 0x33, 0x31, 0x3f, 0xb0, 0x0, 0x0,
    0x0, 0xaf, 0xb7, 0x9f, 0x70, 0x0, 0x7d, 0xfe,
    0x80, 0x0,

    /* U+011E "Ğ" */
    0x0, 0x8, 0xb0, 0x9c, 0x0, 0x0, 0x0, 0x1c,
    0xfe, 0x30, 0x0, 0x0, 0x0, 0x1, 0x0, 0x0,
    0x0, 0x0, 0x7d, 0xfe, 0xb3, 0x0, 0x1, 0xdf,
    0xc8, 0x9f, 0xf5, 0x0, 0xaf, 0x80, 0x0, 0x1c,
    0x70, 0x1f, 0xe0, 0x0, 0x0, 0x0, 0x4, 0xfa,
    0x0, 0x0, 0x0, 0x0, 0x5f, 0x90, 0x4, 0xff,
    0xff, 0x64, 0xfa, 0x0, 0x28, 0x8b, 0xf6, 0x1f,
    0xe0, 0x0, 0x0, 0x7f, 0x60, 0xaf, 0x80, 0x0,
    0x1d, 0xf6, 0x1, 0xdf, 0xc8, 0xae, 0xdf, 0x60,
    0x1, 0x9d, 0xfe, 0x91, 0xd6,

    /* U+011F "ğ" */
    0x0, 0x9b, 0x9, 0xb0, 0x0, 0x1, 0xdf, 0xe2,
    0x0, 0x0, 0x0, 0x10, 0x0, 0x0, 0x1a, 0xfe,
    0x85, 0xf2, 0xc, 0xfa, 0x6b, 0xef, 0x23, 0xfa,
    0x0, 0xd, 0xf2, 0x6f, 0x60, 0x0, 0x8f, 0x26,
    0xf6, 0x0, 0x8, 0xf2, 0x3f, 0xa0, 0x0, 0xcf,
    0x20, 0xcf, 0xa6, 0xbf, 0xf2, 0x1, 0xaf, 0xe8,
    0x9f, 0x10, 0x0, 0x0, 0xa, 0xf0, 0x6, 0xf6,
    0x25, 0xfb, 0x0, 0x1c, 0xff, 0xfc, 0x10, 0x0,
    0x2, 0x32, 0x0, 0x0,

    /* U+0120 "Ġ" */
    0x0, 0x0, 0x2d, 0x50, 0x0, 0x0, 0x0, 0x3,
    0xf6, 0x0, 0x0, 0x0, 0x0, 0x0, 0x0, 0x0,
    0x0, 0x0, 0x7d, 0xfe, 0xb3, 0x0, 0x1, 0xdf,
    0xc8, 0x9f, 0xf5, 0x0, 0xaf, 0x80, 0x0, 0x1c,
    0x70, 0x1f, 0xe0, 0x0, 0x0, 0x0, 0x4, 0xfa,
    0x0, 0x0, 0x0, 0x0, 0x5f, 0x90, 0x4, 0xff,
    0xff, 0x64, 0xfa, 0x0, 0x28, 0x8b, 0xf6, 0x1f,
    0xe0, 0x0, 0x0, 0x7f, 0x60, 0xaf, 0x80, 0x0,
    0x1d, 0xf6, 0x1, 0xdf, 0xc8, 0xae, 0xdf, 0x60,
    0x1, 0x9d, 0xfe, 0x91, 0xd6,

    /* U+0121 "ġ" */
    0x0, 0x3, 0xf5, 0x0, 0x0, 0x0, 0x3e, 0x50,
    0x0, 0x0, 0x0, 0x0, 0x0, 0x0, 0x1a, 0xfe,
    0x85, 0xf2, 0xc, 0xfa, 0x6b, 0xef, 0x23, 0xfa,
    0x0, 0xd, 0xf2, 0x6f, 0x60, 0x0, 0x8f, 0x26,
    0xf6, 0x0, 0x8, 0xf2, 0x3f, 0xa0, 0x0, 0xcf,
    0x20, 0xcf, 0xa6, 0xbf, 0xf2, 0x1, 0xaf, 0xe8,
    0x9f, 0x10, 0x0, 0x0, 0xa, 0xf0, 0x6, 0xf6,
    0x25, 0xfb, 0x0, 0x1c, 0xff, 0xfc, 0x10, 0x0,
    0x2, 0x32, 0x0, 0x0,

    /* U+0122 "Ģ" */
    0x0, 0x7, 0xdf, 0xeb, 0x30, 0x0, 0x1d, 0xfc,
    0x89, 0xff, 0x50, 0xa, 0xf8, 0x0, 0x1, 0xc7,
    0x1, 0xfe, 0x0, 0x0, 0x0, 0x0, 0x4f, 0xa0,
    0x0, 0x0, 0x0, 0x5, 0xf9, 0x0, 0x4f, 0xff,
    0xf6, 0x4f, 0xa0, 0x2, 0x88, 0xbf, 0x61, 0xfe,
    0x0, 0x0, 0x7, 0xf6, 0xa, 0xf8, 0x0, 0x1,
    0xdf, 0x60, 0x1d, 0xfc, 0x8a, 0xed, 0xf6, 0x0,
    0x19, 0xdf, 0xe9, 0x1d, 0x60, 0x0, 0x0, 0x20,
    0x0, 0x0, 0x0, 0x0, 0xd, 0xa0, 0x0, 0x0,
    0x0, 0x0, 0x8d, 0x0, 0x0, 0x0, 0x0, 0x7d,
    0x40, 0x0, 0x0,

    /* U+0123 "ģ" */
    0x0, 0x2, 0xc9, 0x0, 0x0, 0x0, 0x8c, 0x0,
    0x0, 0x0, 0x3, 0xd2, 0x0, 0x0, 0x0, 0x0,
    0x0, 0x0, 0x1, 0xaf, 0xe8, 0x5f, 0x20, 0xcf,
    0xa6, 0xbe, 0xf2, 0x3f, 0xa0, 0x0, 0xdf, 0x26,
    0xf6, 0x0, 0x8, 0xf2, 0x6f, 0x60, 0x0, 0x8f,
    0x23, 0xfa, 0x0, 0xc, 0xf2, 0xc, 0xfa, 0x6b,
    0xff, 0x20, 0x1a, 0xfe, 0x89, 0xf1, 0x0, 0x0,
    0x0, 0xaf, 0x0, 0x6f, 0x62, 0x5f, 0xb0, 0x1,
    0xcf, 0xff, 0xc1, 0x0, 0x0, 0x23, 0x20, 0x0,

    /* U+0126 "Ħ" */
    0xd, 0xf0, 0x0, 0x0, 0xdf, 0x0, 0xdf, 0x11,
    0x11, 0x1d, 0xf1, 0xdf, 0xff, 0xff, 0xff, 0xff,
    0xf3, 0xef, 0x44, 0x44, 0x4d, 0xf4, 0xd, 0xf0,
    0x0, 0x0, 0xdf, 0x0, 0xdf, 0xff, 0xff, 0xff,
    0xf0, 0xd, 0xf9, 0x99, 0x99, 0xef, 0x0, 0xdf,
    0x0, 0x0, 0xd, 0xf0, 0xd, 0xf0, 0x0, 0x0,
    0xdf, 0x0, 0xdf, 0x0, 0x0, 0xd, 0xf0, 0xd,
    0xf0, 0x0, 0x0, 0xdf, 0x0,

    /* U+0127 "ħ" */
    0x0, 0xfc, 0x0, 0x0, 0x4, 0xff, 0xff, 0xf2,
    0x0, 0x2, 0xfc, 0x22, 0x0, 0x0, 0xf, 0xc7,
    0xef, 0xb1, 0x0, 0xff, 0xc6, 0xaf, 0x90, 0xf,
    0xf1, 0x0, 0xed, 0x0, 0xfc, 0x0, 0xc, 0xe0,
    0xf, 0xc0, 0x0, 0xce, 0x0, 0xfc, 0x0, 0xc,
    0xe0, 0xf, 0xc0, 0x0, 0xce, 0x0, 0xfc, 0x0,
    0xc, 0xe0,

    /* U+012A "Ī" */
    0x0, 0x0, 0x0, 0xf, 0xff, 0xf8, 0x3, 0x33,
    0x31, 0x3f, 0xff, 0xfa, 0x15, 0xcf, 0x73, 0x0,
    0xbf, 0x20, 0x0, 0xbf, 0x20, 0x0, 0xbf, 0x20,
    0x0, 0xbf, 0x20, 0x0, 0xbf, 0x20, 0x0, 0xbf,
    0x20, 0x0, 0xbf, 0x20, 0x15, 0xcf, 0x73, 0x3f,
    0xff, 0xfa,

    /* U+012B "ī" */
    0xff, 0xff, 0x83, 0x33, 0x31, 0x0, 0x0, 0xa,
    0xff, 0x40, 0x39, 0xf4, 0x0, 0x7f, 0x40, 0x7,
    0xf4, 0x0, 0x7f, 0x40, 0x7, 0xf4, 0x0, 0x7f,
    0x40, 0x7, 0xf4, 0x0,

    /* U+012E "Į" */
    0x3f, 0xff, 0xfa, 0x15, 0xcf, 0x73, 0x0, 0xbf,
    0x20, 0x0, 0xbf, 0x20, 0x0, 0xbf, 0x20, 0x0,
    0xbf, 0x20, 0x0, 0xbf, 0x20, 0x0, 0xbf, 0x20,
    0x0, 0xbf, 0x20, 0x15, 0xcf, 0x73, 0x3f, 0xff,
    0xfa, 0x0, 0xb, 0xb1, 0x0, 0x2f, 0x60, 0x0,
    0xa, 0xf9,

    /* U+012F "į" */
    0x9, 0xe3, 0xb, 0xf4, 0x0, 0x20, 0xaf, 0xf4,
    0x39, 0xf4, 0x7, 0xf4, 0x7, 0xf4, 0x7, 0xf4,
    0x7, 0xf4, 0x7, 0xf4, 0x7, 0xf4, 0x1d, 0x80,
    0x8e, 0x10, 0x3d, 0xf3,

    /* U+0130 "İ" */
    0x0, 0x7d, 0x10, 0x0, 0x8e, 0x10, 0x0, 0x0,
    0x0, 0x3f, 0xff, 0xfa, 0x15, 0xcf, 0x73, 0x0,
    0xbf, 0x20, 0x0, 0xbf, 0x20, 0x0, 0xbf, 0x20,
    0x0, 0xbf, 0x20, 0x0, 0xbf, 0x20, 0x0, 0xbf,
    0x20, 0x0, 0xbf, 0x20, 0x15, 0xcf, 0x73, 0x3f,
    0xff, 0xfa,

    /* U+0131 "ı" */
    0xaf, 0xf4, 0x39, 0xf4, 0x7, 0xf4, 0x7, 0xf4,
    0x7, 0xf4, 0x7, 0xf4, 0x7, 0xf4, 0x7, 0xf4,

    /* U+0132 "Ĳ" */
    0x3f, 0xff, 0xfa, 0x0, 0x0, 0x0, 0xfd, 0x15,
    0xcf, 0x73, 0x0, 0x0, 0x0, 0xfd, 0x0, 0xbf,
    0x20, 0x0, 0x0, 0x0, 0xfd, 0x0, 0xbf, 0x20,
    0x0, 0x0, 0x0, 0xfd, 0x0, 0xbf, 0x20, 0x0,
    0x0, 0x0, 0xfd, 0x0, 0xbf, 0x20, 0x0, 0x0,
    0x0, 0xfd, 0x0, 0xbf, 0x20, 0x0, 0x0, 0x0,
    0xfd, 0x0, 0xbf, 0x20, 0x4, 0x30, 0x0, 0xfc,
    0x0, 0xbf, 0x20, 0x3f, 0x90, 0x3, 0xfa, 0x15,
    0xcf, 0x73, 0xc, 0xf8, 0x6d, 0xf3, 0x3f, 0xff,
    0xfa, 0x1, 0x9e, 0xfc, 0x40,

    /* U+0133 "ĳ" */
    0x8, 0xe3, 0x7, 0xf4, 0xb, 0xf4, 0x9, 0xf6,
    0x0, 0x20, 0x0, 0x30, 0xaf, 0xf4, 0x7, 0xf4,
    0x39, 0xf4, 0x7, 0xf4, 0x7, 0xf4, 0x7, 0xf4,
    0x7, 0xf4, 0x7, 0xf4, 0x7, 0xf4, 0x7, 0xf4,
    0x7, 0xf4, 0x7, 0xf4, 0x7, 0xf4, 0x7, 0xf4,
    0x7, 0xf4, 0x7, 0xf4, 0x0, 0x0, 0x7, 0xf3,
    0x0, 0x4, 0x6d, 0xf1, 0x0, 0xb, 0xfd, 0x60,

    /* U+0136 "Ķ" */
    0xdf, 0x0, 0x1, 0xdf, 0x50, 0xdf, 0x0, 0xc,
    0xf6, 0x0, 0xdf, 0x0, 0xbf, 0x80, 0x0, 0xdf,
    0x9, 0xf9, 0x0, 0x0, 0xdf, 0x7f, 0xd0, 0x0,
    0x0, 0xdf, 0xff, 0xf3, 0x0, 0x0, 0xdf, 0xd5,
    0xfe, 0x0, 0x0, 0xdf, 0x20, 0x8f, 0xa0, 0x0,
    0xdf, 0x0, 0xc, 0xf5, 0x0, 0xdf, 0x0, 0x2,
    0xff, 0x10, 0xdf, 0x0, 0x0, 0x6f, 0xc0, 0x0,
    0x0, 0x0, 0x0, 0x0, 0x0, 0x5, 0xf3, 0x0,
    0x0, 0x0, 0x0, 0xf6, 0x0, 0x0, 0x0, 0x1b,
    0xb0, 0x0, 0x0,

    /* U+0137 "ķ" */
    0xfc, 0x0, 0x0, 0x0, 0xfc, 0x0, 0x0, 0x0,
    0xfc, 0x0, 0x0, 0x0, 0xfc, 0x0, 0xaf, 0x50,
    0xfc, 0x8, 0xf7, 0x0, 0xfc, 0x6f, 0x80, 0x0,
    0xfe, 0xff, 0x0, 0x0, 0xff, 0xdf, 0xa0, 0x0,
    0xfd, 0xb, 0xf5, 0x0, 0xfc, 0x1, 0xef, 0x20,
    0xfc, 0x0, 0x4f, 0xc0, 0x0, 0x0, 0x0, 0x0,
    0x0, 0x5f, 0x20, 0x0, 0x0, 0xf, 0x50, 0x0,
    0x1, 0xba, 0x0, 0x0,

    /* U+0139 "Ĺ" */
    0x0, 0x0, 0xa8, 0x0, 0x0, 0x8, 0xf5, 0x0,
    0x0, 0x7, 0x30, 0x0, 0xdf, 0x0, 0x0, 0x0,
    0xdf, 0x0, 0x0, 0x0, 0xdf, 0x0, 0x0, 0x0,
    0xdf, 0x0, 0x0, 0x0, 0xdf, 0x0, 0x0, 0x0,
    0xdf, 0x0, 0x0, 0x0, 0xdf, 0x0, 0x0, 0x0,
    0xdf, 0x0, 0x0, 0x0, 0xdf, 0x0, 0x0, 0x0,
    0xdf, 0x99, 0x99, 0x94, 0xdf, 0xff, 0xff, 0xf8,

    /* U+013A "ĺ" */
    0x0, 0x16, 0x0, 0x1d, 0xd0, 0x5, 0x70, 0x0,
    0x0, 0x0, 0xf, 0xb0, 0x0, 0xfb, 0x0, 0xf,
    0xb0, 0x0, 0xfb, 0x0, 0xf, 0xb0, 0x0, 0xfb,
    0x0, 0xf, 0xb0, 0x0, 0xfb, 0x0, 0xf, 0xb0,
    0x0, 0xfe, 0x71, 0x8, 0xff, 0x30,

    /* U+013B "Ļ" */
    0xdf, 0x0, 0x0, 0x0, 0xdf, 0x0, 0x0, 0x0,
    0xdf, 0x0, 0x0, 0x0, 0xdf, 0x0, 0x0, 0x0,
    0xdf, 0x0, 0x0, 0x0, 0xdf, 0x0, 0x0, 0x0,
    0xdf, 0x0, 0x0, 0x0, 0xdf, 0x0, 0x0, 0x0,
    0xdf, 0x0, 0x0, 0x0, 0xdf, 0x99, 0x99, 0x94,
    0xdf, 0xff, 0xff, 0xf8, 0x0, 0x0, 0x0, 0x0,
    0x0, 0x2f, 0x60, 0x0, 0x0, 0xb, 0x90, 0x0,
    0x0, 0x9c, 0x20, 0x0,

    /* U+013C "ļ" */
    0xf, 0xb0, 0x0, 0xfb, 0x0, 0xf, 0xb0, 0x0,
    0xfb, 0x0, 0xf, 0xb0, 0x0, 0xfb, 0x0, 0xf,
    0xb0, 0x0, 0xfb, 0x0, 0xf, 0xb0, 0x0, 0xfe,
    0x71, 0x8, 0xff, 0x30, 0x0, 0x0, 0x4, 0xf3,
    0x0, 0xf, 0x60, 0x1b, 0xb0, 0x0,

    /* U+013D "Ľ" */
    0xdf, 0x4, 0xe0, 0x0, 0xdf, 0x8, 0xb0, 0x0,
    0xdf, 0x7, 0x40, 0x0, 0xdf, 0x0, 0x0, 0x0,
    0xdf, 0x0, 0x0, 0x0, 0xdf, 0x0, 0x0, 0x0,
    0xdf, 0x0, 0x0, 0x0, 0xdf, 0x0, 0x0, 0x0,
    0xdf, 0x0, 0x0, 0x0, 0xdf, 0x99, 0x99, 0x94,
    0xdf, 0xff, 0xff, 0xf8,

    /* U+013E "ľ" */
    0xf, 0xb0, 0xe3, 0xf, 0xb3, 0xf1, 0xf, 0xb4,
    0x80, 0xf, 0xb0, 0x0, 0xf, 0xb0, 0x0, 0xf,
    0xb0, 0x0, 0xf, 0xb0, 0x0, 0xf, 0xb0, 0x0,
    0xf, 0xb0, 0x0, 0xf, 0xe7, 0x10, 0x8, 0xff,
    0x30,

    /* U+0141 "Ł" */
    0x6, 0xf7, 0x0, 0x0, 0x0, 0x6f, 0x70, 0x0,
    0x0, 0x6, 0xf7, 0x0, 0x0, 0x0, 0x6f, 0x73,
    0xd4, 0x0, 0x6, 0xfd, 0xfb, 0x10, 0x0, 0x8f,
    0xe5, 0x0, 0x0, 0xaf, 0xf7, 0x0, 0x0, 0x9,
    0x9f, 0x70, 0x0, 0x0, 0x6, 0xf7, 0x0, 0x0,
    0x0, 0x6f, 0xc9, 0x99, 0x99, 0x6, 0xff, 0xff,
    0xff, 0xf0,

    /* U+0142 "ł" */
    0xb, 0xf0, 0x0, 0xbf, 0x0, 0xb, 0xf0, 0x0,
    0xbf, 0x0, 0xb, 0xfa, 0x70, 0xcf, 0xa1, 0x8f,
    0xf0, 0x2, 0xbf, 0x0, 0xb, 0xf0, 0x0, 0xaf,
    0x83, 0x4, 0xef, 0x90,

    /* U+0143 "Ń" */
    0x0, 0x0, 0x7, 0xc0, 0x0, 0x0, 0x0, 0x4f,
    0x90, 0x0, 0x0, 0x0, 0x65, 0x0, 0x0, 0xdf,
    0xe0, 0x0, 0xb, 0xf1, 0xdf, 0xf7, 0x0, 0xb,
    0xf1, 0xdf, 0xde, 0x0, 0xb, 0xf1, 0xdf, 0x5f,
    0x80, 0xb, 0xf1, 0xdf, 0xd, 0xf1, 0xb, 0xf1,
    0xdf, 0x4, 0xf8, 0xb, 0xf1, 0xdf, 0x0, 0xcf,
    0x1b, 0xf1, 0xdf, 0x0, 0x4f, 0x9b, 0xf1, 0xdf,
    0x0, 0xb, 0xfd, 0xf1, 0xdf, 0x0, 0x3, 0xff,
    0xf1, 0xdf, 0x0, 0x0, 0xbf, 0xf1,

    /* U+0144 "ń" */
    0x0, 0x0, 0xb8, 0x0, 0x0, 0xab, 0x10, 0x0,
    0x0, 0x0, 0xf, 0x98, 0xef, 0xb1, 0xff, 0xa4,
    0x8f, 0x9f, 0xe0, 0x0, 0xed, 0xfc, 0x0, 0xc,
    0xef, 0xc0, 0x0, 0xce, 0xfc, 0x0, 0xc, 0xef,
    0xc0, 0x0, 0xce, 0xfc, 0x0, 0xc, 0xe0,

    /* U+0145 "Ņ" */
    0xdf, 0xe0, 0x0, 0xb, 0xf1, 0xdf, 0xf7, 0x0,
    0xb, 0xf1, 0xdf, 0xde, 0x0, 0xb, 0xf1, 0xdf,
    0x5f, 0x80, 0xb, 0xf1, 0xdf, 0xd, 0xf1, 0xb,
    0xf1, 0xdf, 0x4, 0xf8, 0xb, 0xf1, 0xdf, 0x0,
    0xcf, 0x1b, 0xf1, 0xdf, 0x0, 0x4f, 0x9b, 0xf1,
    0xdf, 0x0, 0xb, 0xfd, 0xf1, 0xdf, 0x0, 0x3,
    0xff, 0xf1, 0xdf, 0x0, 0x0, 0xbf, 0xf1, 0x0,
    0x0, 0x0, 0x0, 0x0, 0x0, 0x0, 0xd9, 0x0,
    0x0, 0x0, 0x0, 0x8d, 0x0, 0x0, 0x0, 0x6,
    0xd4, 0x0, 0x0,

    /* U+0146 "ņ" */
    0xf9, 0x8e, 0xfb, 0x1f, 0xfa, 0x48, 0xf9, 0xfe,
    0x0, 0xe, 0xdf, 0xc0, 0x0, 0xce, 0xfc, 0x0,
    0xc, 0xef, 0xc0, 0x0, 0xce, 0xfc, 0x0, 0xc,
    0xef, 0xc0, 0x0, 0xce, 0x0, 0x0, 0x0, 0x0,
    0x1, 0xe7, 0x0, 0x0, 0xa, 0xa0, 0x0, 0x8,
    0xc3, 0x0,

    /* U+0147 "Ň" */
    0x0, 0x66, 0x4, 0x71, 0x0, 0x0, 0x2d, 0xcf,
    0x40, 0x0, 0x0, 0x1, 0x72, 0x0, 0x0, 0xdf,
    0xe0, 0x0, 0xb, 0xf1, 0xdf, 0xf7, 0x0, 0xb,
    0xf1, 0xdf, 0xde, 0x0, 0xb, 0xf1, 0xdf, 0x5f,
    0x80, 0xb, 0xf1, 0xdf, 0xd, 0xf1, 0xb, 0xf1,
    0xdf, 0x4, 0xf8, 0xb, 0xf1, 0xdf, 0x0, 0xcf,
    0x1b, 0xf1, 0xdf, 0x0, 0x4f, 0x9b, 0xf1, 0xdf,
    0x0, 0xb, 0xfd, 0xf1, 0xdf, 0x0, 0x3, 0xff,
    0xf1, 0xdf, 0x0, 0x0, 0xbf, 0xf1,

    /* U+0148 "ň" */
    0xa, 0xd4, 0xe9, 0x0, 0x7, 0xe6, 0x0, 0x0,
    0x0, 0x0, 0xf, 0x98, 0xef, 0xb1, 0xff, 0xa4,
    0x8f, 0x9f, 0xe0, 0x0, 0xed, 0xfc, 0x0, 0xc,
    0xef, 0xc0, 0x0, 0xce, 0xfc, 0x0, 0xc, 0xef,
    0xc0, 0x0, 0xce, 0xfc, 0x0, 0xc, 0xe0,

    /* U+0150 "Ő" */
    0x0, 0x0, 0xb, 0x82, 0xe3, 0x0, 0x0, 0x0,
    0xac, 0x3e, 0x80, 0x0, 0x0, 0x0, 0x0, 0x0,
    0x0, 0x0, 0x0, 0x7, 0xdf, 0xeb, 0x40, 0x0,
    0x0, 0xcf, 0xd9, 0x9f, 0xf7, 0x0, 0x9, 0xf9,
    0x0, 0x1, 0xdf, 0x30, 0x1f, 0xe0, 0x0, 0x0,
    0x4f, 0xa0, 0x4f, 0xa0, 0x0, 0x0, 0xf, 0xe0,
    0x5f, 0x90, 0x0, 0x0, 0xe, 0xf0, 0x4f, 0xa0,
    0x0, 0x0, 0xf, 0xe0, 0x1f, 0xe0, 0x0, 0x0,
    0x4f, 0xa0, 0x9, 0xf9, 0x0, 0x1, 0xdf, 0x30,
    0x0, 0xcf, 0xd8, 0x9f, 0xf7, 0x0, 0x0, 0x7,
    0xdf, 0xeb, 0x40, 0x0,

    /* U+0151 "ő" */
    0x0, 0x2, 0xe3, 0x7d, 0x0, 0x1, 0xe8, 0x5e,
    0x40, 0x0, 0x0, 0x0, 0x0, 0x0, 0x8, 0xdf,
    0xd7, 0x0, 0xa, 0xfa, 0x6a, 0xf9, 0x3, 0xfa,
    0x0, 0xb, 0xf2, 0x6f, 0x50, 0x0, 0x6f, 0x66,
    0xf5, 0x0, 0x6, 0xf6, 0x3f, 0xa0, 0x0, 0xbf,
    0x20, 0xaf, 0xa6, 0xaf, 0x90, 0x0, 0x7d, 0xfd,
    0x60, 0x0,

    /* U+0152 "Œ" */
    0x0, 0x18, 0xdf, 0xe8, 0x7f, 0xff, 0xff, 0xf9,
    0x1, 0xdf, 0xb8, 0xbf, 0xff, 0xdc, 0xcc, 0xc6,
    0xa, 0xf7, 0x0, 0x5, 0xff, 0x50, 0x0, 0x0,
    0x1f, 0xe0, 0x0, 0x0, 0xcf, 0x50, 0x0, 0x0,
    0x4f, 0xa0, 0x0, 0x0, 0x8f, 0xb9, 0x98, 0x0,
    0x5f, 0x90, 0x0, 0x0, 0x7f, 0xff, 0xfe, 0x0,
    0x4f, 0xa0, 0x0, 0x0, 0x8f, 0x50, 0x0, 0x0,
    0x1f, 0xe0, 0x0, 0x0, 0xcf, 0x50, 0x0, 0x0,
    0xa, 0xf7, 0x0, 0x5, 0xff, 0x50, 0x0, 0x0,
    0x1, 0xdf, 0xb8, 0xbf, 0xff, 0xdc, 0xcc, 0xc7,
    0x0, 0x18, 0xdf, 0xe8, 0x7f, 0xff, 0xff, 0xfa,

    /* U+0153 "œ" */
    0x0, 0x8d, 0xfd, 0x60, 0x6d, 0xfe, 0x80, 0x0,
    0xaf, 0x96, 0xaf, 0xcf, 0xa6, 0x8f, 0xa0, 0x3f,
    0xa0, 0x0, 0xbf, 0x90, 0x0, 0x7f, 0x36, 0xf5,
    0x0, 0x6, 0xff, 0xff, 0xff, 0xf6, 0x6f, 0x50,
    0x0, 0x6f, 0x83, 0x33, 0x33, 0x13, 0xfa, 0x0,
    0xb, 0xfc, 0x0, 0x0, 0x0, 0xa, 0xfa, 0x6b,
    0xfc, 0xfc, 0x79, 0xf8, 0x0, 0x7, 0xdf, 0xd6,
    0x6, 0xdf, 0xe9, 0x0,

    /* U+0154 "Ŕ" */
    0x0, 0x0, 0x2e, 0x20, 0x0, 0x0, 0x1d, 0xd1,
    0x0, 0x0, 0x4, 0x70, 0x0, 0xd, 0xff, 0xff,
    0xe9, 0x10, 0xdf, 0x88, 0x9c, 0xfc, 0xd, 0xf0,
    0x0, 0xc, 0xf3, 0xdf, 0x0, 0x0, 0x9f, 0x4d,
    0xf0, 0x0, 0x3e, 0xf1, 0xdf, 0xff, 0xff, 0xf6,
    0xd, 0xf9, 0xbf, 0xc1, 0x0, 0xdf, 0x0, 0xdf,
    0x40, 0xd, 0xf0, 0x3, 0xfe, 0x10, 0xdf, 0x0,
    0x8, 0xfa, 0xd, 0xf0, 0x0, 0xc, 0xf6,

    /* U+0155 "ŕ" */
    0x0, 0x1d, 0x50, 0xc, 0x90, 0x0, 0x0, 0xf,
    0x75, 0xd8, 0xfe, 0xfa, 0x4f, 0xf4, 0x0, 0xfd,
    0x0, 0xf, 0xc0, 0x0, 0xfc, 0x0, 0xf, 0xc0,
    0x0, 0xfc, 0x0, 0x0,

    /* U+0158 "Ř" */
    0x4, 0x71, 0x27, 0x30, 0x0, 0xa, 0xde, 0x90,
    0x0, 0x0, 0x5, 0x50, 0x0, 0xd, 0xff, 0xff,
    0xe9, 0x10, 0xdf, 0x88, 0x9c, 0xfc, 0xd, 0xf0,
    0x0, 0xc, 0xf3, 0xdf, 0x0, 0x0, 0x9f, 0x4d,
    0xf0, 0x0, 0x3e, 0xf1, 0xdf, 0xff, 0xff, 0xf6,
    0xd, 0xf9, 0xbf, 0xc1, 0x0, 0xdf, 0x0, 0xdf,
    0x40, 0xd, 0xf0, 0x3, 0xfe, 0x10, 0xdf, 0x0,
    0x8, 0xfa, 0xd, 0xf0, 0x0, 0xc, 0xf6,

    /* U+0159 "ř" */
    0x1c, 0xb5, 0xe7, 0x0, 0x9, 0xd4, 0x0, 0x0,
    0x0, 0x0, 0x0, 0xf7, 0x5d, 0x80, 0xf, 0xef,
    0xa4, 0x0, 0xff, 0x40, 0x0, 0xf, 0xd0, 0x0,
    0x0, 0xfc, 0x0, 0x0, 0xf, 0xc0, 0x0, 0x0,
    0xfc, 0x0, 0x0, 0xf, 0xc0, 0x0, 0x0,

    /* U+015A "Ś" */
    0x0, 0x0, 0x6, 0xe0, 0x0, 0x0, 0x0, 0x6e,
    0x60, 0x0, 0x0, 0x0, 0x0, 0x0, 0x0, 0x0,
    0x7d, 0xfe, 0xb3, 0x0, 0xa, 0xfc, 0x89, 0xff,
    0x50, 0x1f, 0xc0, 0x0, 0x28, 0x20, 0x2f, 0xc0,
    0x0, 0x0, 0x0, 0xb, 0xfe, 0x96, 0x10, 0x0,
    0x0, 0x7d, 0xff, 0xfb, 0x10, 0x0, 0x0, 0x15,
    0xbf, 0xc0, 0x0, 0x0, 0x0, 0xd, 0xf0, 0x3e,
    0x90, 0x0, 0x1e, 0xe0, 0xc, 0xfc, 0x89, 0xef,
    0x60, 0x0, 0x8d, 0xff, 0xb4, 0x0,

    /* U+015B "ś" */
    0x0, 0x0, 0x5e, 0x0, 0x0, 0x3, 0xf6, 0x0,
    0x0, 0x0, 0x0, 0x0, 0x4, 0xcf, 0xeb, 0x20,
    0x2f, 0xc6, 0x7e, 0xc0, 0x4f, 0x70, 0x1, 0x0,
    0xb, 0xfe, 0xb6, 0x10, 0x0, 0x37, 0xbf, 0xe1,
    0x5, 0x0, 0x6, 0xf5, 0x4f, 0xc5, 0x6c, 0xf2,
    0x4, 0xcf, 0xfc, 0x30,

    /* U+015E "Ş" */
    0x0, 0x7d, 0xfe, 0xb3, 0x0, 0xa, 0xfc, 0x89,
    0xff, 0x50, 0x1f, 0xc0, 0x0, 0x28, 0x20, 0x2f,
    0xc0, 0x0, 0x0, 0x0, 0xc, 0xfe, 0x96, 0x10,
    0x0, 0x0, 0x8d, 0xff, 0xfa, 0x10, 0x0, 0x0,
    0x15, 0xbf, 0xc0, 0x0, 0x0, 0x0, 0xd, 0xf0,
    0x3e, 0x90, 0x0, 0x1e, 0xe0, 0xc, 0xfc, 0x89,
    0xef, 0x60, 0x0, 0x8d, 0xff, 0xc5, 0x0, 0x0,
    0x1, 0xe6, 0x0, 0x0, 0x0, 0x0, 0x2d, 0x50,
    0x0, 0x0, 0x7, 0xbc, 0x10, 0x0,

    /* U+015F "ş" */
    0x4, 0xcf, 0xeb, 0x20, 0x2f, 0xc6, 0x7e, 0xd0,
    0x4f, 0x70, 0x1, 0x0, 0xc, 0xfe, 0xb6, 0x0,
    0x0, 0x38, 0xbf, 0xe1, 0x4, 0x0, 0x6, 0xf5,
    0x4f, 0xb5, 0x5c, 0xf2, 0x5, 0xcf, 0xfc, 0x40,
    0x0, 0xc, 0x81, 0x0, 0x0, 0x2, 0xa8, 0x0,
    0x0, 0x4b, 0xd3, 0x0,

    /* U+0160 "Š" */
    0x0, 0x6f, 0x5a, 0xd2, 0x0, 0x0, 0x4, 0xeb,
    0x10, 0x0, 0x0, 0x0, 0x0, 0x0, 0x0, 0x0,
    0x7d, 0xfe, 0xb3, 0x0, 0xa, 0xfc, 0x89, 0xff,
    0x50, 0x1f, 0xc0, 0x0, 0x28, 0x20, 0x2f, 0xc0,
    0x0, 0x0, 0x0, 0xb, 0xfe, 0x96, 0x10, 0x0,
    0x0, 0x7d, 0xff, 0xfb, 0x10, 0x0, 0x0, 0x15,
    0xbf, 0xc0, 0x0, 0x0, 0x0, 0xd, 0xf0, 0x3e,
    0x90, 0x0, 0x1e, 0xe0, 0xc, 0xfc, 0x89, 0xef,
    0x60, 0x0, 0x8d, 0xff, 0xb4, 0x0,

    /* U+0161 "š" */
    0x5, 0xf6, 0x9e, 0x30, 0x0, 0x3e, 0xd2, 0x0,
    0x0, 0x0, 0x0, 0x0, 0x4, 0xcf, 0xeb, 0x20,
    0x2f, 0xc6, 0x7e, 0xc0, 0x4f, 0x70, 0x1, 0x0,
    0xb, 0xfe, 0xb6, 0x10, 0x0, 0x37, 0xbf, 0xe1,
    0x5, 0x0, 0x6, 0xf5, 0x4f, 0xc5, 0x6c, 0xf2,
    0x4, 0xcf, 0xfc, 0x30,

    /* U+0162 "Ţ" */
    0xdf, 0xff, 0xff, 0xff, 0xf1, 0x79, 0x9b, 0xfc,
    0x99, 0x90, 0x0, 0x4, 0xf8, 0x0, 0x0, 0x0,
    0x4, 0xf8, 0x0, 0x0, 0x0, 0x4, 0xf8, 0x0,
    0x0, 0x0, 0x4, 0xf8, 0x0, 0x0, 0x0, 0x4,
    0xf8, 0x0, 0x0, 0x0, 0x4, 0xf8, 0x0, 0x0,
    0x0, 0x4, 0xf8, 0x0, 0x0, 0x0, 0x4, 0xf8,
    0x0, 0x0, 0x0, 0x4, 0xf8, 0x0, 0x0, 0x0,
    0x1, 0xd2, 0x0, 0x0, 0x0, 0x1, 0x6f, 0x20,
    0x0, 0x0, 0x8, 0xbc, 0x0, 0x0,

    /* U+0163 "ţ" */
    0x3, 0x82, 0x0, 0x6f, 0x40, 0xbf, 0xff, 0xf3,
    0x9f, 0x84, 0x6, 0xf4, 0x0, 0x6f, 0x40, 0x6,
    0xf4, 0x0, 0x6f, 0x40, 0x5, 0xfb, 0x60, 0x1d,
    0xff, 0x0, 0x88, 0x0, 0x4, 0xab, 0x2, 0xbd,
    0x60,

    /* U+0164 "Ť" */
    0x0, 0x66, 0x4, 0x71, 0x0, 0x0, 0x2d, 0xcf,
    0x40, 0x0, 0x0, 0x1, 0x72, 0x0, 0x0, 0xdf,
    0xff, 0xff, 0xff, 0xf1, 0x79, 0x9b, 0xfc, 0x99,
    0x90, 0x0, 0x4, 0xf8, 0x0, 0x0, 0x0, 0x4,
    0xf8, 0x0, 0x0, 0x0, 0x4, 0xf8, 0x0, 0x0,
    0x0, 0x4, 0xf8, 0x0, 0x0, 0x0, 0x4, 0xf8,
    0x0, 0x0, 0x0, 0x4, 0xf8, 0x0, 0x0, 0x0,
    0x4, 0xf8, 0x0, 0x0, 0x0, 0x4, 0xf8, 0x0,
    0x0, 0x0, 0x4, 0xf8, 0x0, 0x0,

    /* U+0165 "ť" */
    0x0, 0x0, 0x89, 0x0, 0x0, 0xc7, 0x4, 0xa3,
    0xe1, 0x6, 0xf4, 0x0, 0xbf, 0xff, 0xf0, 0x39,
    0xf8, 0x40, 0x6, 0xf4, 0x0, 0x6, 0xf4, 0x0,
    0x6, 0xf4, 0x0, 0x6, 0xf4, 0x0, 0x5, 0xfb,
    0x60, 0x1, 0xdf, 0xf0,

    /* U+016A "Ū" */
    0x0, 0x0, 0x0, 0x0, 0x0, 0xc, 0xff, 0xfc,
    0x0, 0x0, 0x23, 0x33, 0x20, 0xe, 0xf0, 0x0,
    0x0, 0xfe, 0xef, 0x0, 0x0, 0xf, 0xee, 0xf0,
    0x0, 0x0, 0xfe, 0xef, 0x0, 0x0, 0xf, 0xee,
    0xf0, 0x0, 0x0, 0xfe, 0xef, 0x0, 0x0, 0xf,
    0xee, 0xf0, 0x0, 0x0, 0xfe, 0xcf, 0x10, 0x0,
    0x1f, 0xc9, 0xf7, 0x0, 0x7, 0xf9, 0x2f, 0xfb,
    0x9b, 0xff, 0x20, 0x3b, 0xef, 0xeb, 0x30,

    /* U+016B "ū" */
    0xd, 0xff, 0xfa, 0x0, 0x33, 0x33, 0x20, 0x0,
    0x0, 0x0, 0xf, 0xb0, 0x0, 0xfc, 0xfb, 0x0,
    0xf, 0xcf, 0xb0, 0x0, 0xfc, 0xfb, 0x0, 0xf,
    0xcf, 0xb0, 0x0, 0xfc, 0xed, 0x0, 0x2f, 0xca,
    0xf9, 0x7d, 0xfc, 0x2c, 0xfd, 0x4b, 0xc0,

    /* U+016E "Ů" */
    0x0, 0x8, 0xe8, 0x0, 0x0, 0x3, 0xe3, 0xe3,
    0x0, 0x0, 0x4d, 0x1d, 0x40, 0xe, 0xf0, 0xaf,
    0xa0, 0xfe, 0xef, 0x0, 0x0, 0xf, 0xee, 0xf0,
    0x0, 0x0, 0xfe, 0xef, 0x0, 0x0, 0xf, 0xee,
    0xf0, 0x0, 0x0, 0xfe, 0xef, 0x0, 0x0, 0xf,
    0xee, 0xf0, 0x0, 0x0, 0xfe, 0xcf, 0x10, 0x0,
    0x1f, 0xc9, 0xf7, 0x0, 0x7, 0xf9, 0x2f, 0xfb,
    0x9b, 0xff, 0x20, 0x3b, 0xef, 0xeb, 0x30,

    /* U+016F "ů" */
    0x0, 0x9e, 0x60, 0x0, 0x4d, 0x3f, 0x10, 0x5,
    0xb0, 0xe2, 0x0, 0xc, 0xf9, 0x0, 0x0, 0x0,
    0x0, 0xf, 0xb0, 0x0, 0xfc, 0xfb, 0x0, 0xf,
    0xcf, 0xb0, 0x0, 0xfc, 0xfb, 0x0, 0xf, 0xcf,
    0xb0, 0x0, 0xfc, 0xed, 0x0, 0x2f, 0xca, 0xf9,
    0x7d, 0xfc, 0x2c, 0xfd, 0x4b, 0xc0,

    /* U+0170 "Ű" */
    0x0, 0x2, 0xe3, 0x6d, 0x0, 0x1, 0xe8, 0x5e,
    0x40, 0x0, 0x0, 0x0, 0x0, 0xe, 0xf0, 0x0,
    0x0, 0xfe, 0xef, 0x0, 0x0, 0xf, 0xee, 0xf0,
    0x0, 0x0, 0xfe, 0xef, 0x0, 0x0, 0xf, 0xee,
    0xf0, 0x0, 0x0, 0xfe, 0xef, 0x0, 0x0, 0xf,
    0xee, 0xf0, 0x0, 0x0, 0xfe, 0xcf, 0x10, 0x0,
    0x1f, 0xc9, 0xf7, 0x0, 0x7, 0xf9, 0x2f, 0xfb,
    0x9b, 0xff, 0x20, 0x3b, 0xef, 0xeb, 0x30,

    /* U+0171 "ű" */
    0x0, 0x3e, 0x28, 0xc0, 0x2d, 0x66, 0xd3, 0x0,
    0x0, 0x0, 0xf, 0xb0, 0x0, 0xfc, 0xfb, 0x0,
    0xf, 0xcf, 0xb0, 0x0, 0xfc, 0xfb, 0x0, 0xf,
    0xcf, 0xb0, 0x0, 0xfc, 0xed, 0x0, 0x2f, 0xca,
    0xf9, 0x7d, 0xfc, 0x2c, 0xfd, 0x4b, 0xc0,

    /* U+0172 "Ų" */
    0xef, 0x0, 0x0, 0xf, 0xee, 0xf0, 0x0, 0x0,
    0xfe, 0xef, 0x0, 0x0, 0xf, 0xee, 0xf0, 0x0,
    0x0, 0xfe, 0xef, 0x0, 0x0, 0xf, 0xee, 0xf0,
    0x0, 0x0, 0xfe, 0xdf, 0x0, 0x0, 0xf, 0xec,
    0xf1, 0x0, 0x1, 0xfd, 0x8f, 0x70, 0x0, 0x7f,
    0xa1, 0xef, 0xb9, 0xbf, 0xf4, 0x2, 0xad, 0xff,
    0xf7, 0x0, 0x0, 0x1, 0xf7, 0x0, 0x0, 0x0,
    0x3f, 0x50, 0x0, 0x0, 0x0, 0xbf, 0x80,

    /* U+0173 "ų" */
    0xfb, 0x0, 0xf, 0xcf, 0xb0, 0x0, 0xfc, 0xfb,
    0x0, 0xf, 0xcf, 0xb0, 0x0, 0xfc, 0xfb, 0x0,
    0xf, 0xce, 0xd0, 0x2, 0xfc, 0xaf, 0x97, 0xdf,
    0xc2, 0xcf, 0xd5, 0xdb, 0x0, 0x0, 0xba, 0x0,
    0x0, 0xf, 0x71, 0x0, 0x0, 0x9f, 0xa0,

    /* U+0174 "Ŵ" */
    0x0, 0x0, 0x1, 0xdc, 0x0, 0x0, 0x0, 0x0,
    0x0, 0x1d, 0xbd, 0xc0, 0x0, 0x0, 0x0, 0x0,
    0x47, 0x1, 0x73, 0x0, 0x0, 0x9f, 0x40, 0x3,
    0xff, 0x10, 0x6, 0xf7, 0x6f, 0x80, 0x6, 0xff,
    0x40, 0xa, 0xf3, 0x2f, 0xc0, 0x9, 0xef, 0x70,
    0xd, 0xf0, 0xe, 0xf0, 0xd, 0xac, 0xb0, 0x1f,
    0xc0, 0xa, 0xf3, 0xf, 0x79, 0xe0, 0x4f, 0x80,
    0x6, 0xf6, 0x3f, 0x35, 0xf2, 0x8f, 0x40, 0x2,
    0xfa, 0x7f, 0x2, 0xf5, 0xbf, 0x0, 0x0, 0xed,
    0xac, 0x0, 0xe9, 0xfc, 0x0, 0x0, 0xaf, 0xe9,
    0x0, 0xbe, 0xf9, 0x0, 0x0, 0x7f, 0xf5, 0x0,
    0x7f, 0xf5, 0x0, 0x0, 0x3f, 0xf2, 0x0, 0x4f,
    0xf1, 0x0,

    /* U+0175 "ŵ" */
    0x0, 0x0, 0x6f, 0xa0, 0x0, 0x0, 0x0, 0x8,
    0xc3, 0xab, 0x10, 0x0, 0x0, 0x0, 0x0, 0x0,
    0x0, 0x0, 0xaf, 0x10, 0x5f, 0x90, 0xd, 0xe0,
    0x5f, 0x50, 0x8f, 0xd0, 0x1f, 0xa0, 0x1f, 0x90,
    0xca, 0xf1, 0x4f, 0x60, 0xc, 0xd0, 0xf3, 0xe5,
    0x8f, 0x10, 0x8, 0xf6, 0xf0, 0xb9, 0xcd, 0x0,
    0x4, 0xfd, 0xb0, 0x7d, 0xf9, 0x0, 0x0, 0xff,
    0x70, 0x3f, 0xf4, 0x0, 0x0, 0xbf, 0x30, 0xe,
    0xf0, 0x0,

    /* U+0176 "Ŷ" */
    0x0, 0x2, 0xb9, 0x0, 0x0, 0x0, 0x5e, 0x6a,
    0xc2, 0x0, 0x0, 0x0, 0x0, 0x0, 0x0, 0xbf,
    0x50, 0x0, 0xb, 0xf6, 0x2f, 0xe0, 0x0, 0x3f,
    0xc0, 0x8, 0xf7, 0x0, 0xcf, 0x30, 0x0, 0xef,
    0x15, 0xfa, 0x0, 0x0, 0x5f, 0x9e, 0xf1, 0x0,
    0x0, 0xc, 0xff, 0x70, 0x0, 0x0, 0x3, 0xfe,
    0x0, 0x0, 0x0, 0x1, 0xfc, 0x0, 0x0, 0x0,
    0x1, 0xfc, 0x0, 0x0, 0x0, 0x1, 0xfc, 0x0,
    0x0, 0x0, 0x1, 0xfc, 0x0, 0x0,

    /* U+0177 "ŷ" */
    0x0, 0x4e, 0xc1, 0x0, 0x5, 0xd4, 0x8c, 0x20,
    0x0, 0x0, 0x0, 0x0, 0xaf, 0x20, 0x8, 0xf5,
    0x5f, 0x70, 0xc, 0xf0, 0xf, 0xc0, 0x1f, 0xa0,
    0x9, 0xf1, 0x6f, 0x40, 0x4, 0xf6, 0xaf, 0x0,
    0x0, 0xeb, 0xfa, 0x0, 0x0, 0x9f, 0xf4, 0x0,
    0x0, 0x3f, 0xf0, 0x0, 0x0, 0xf, 0xa0, 0x0,
    0x5, 0xaf, 0x30, 0x0, 0x2f, 0xe7, 0x0, 0x0,

    /* U+0178 "Ÿ" */
    0x0, 0x6d, 0x15, 0xd2, 0x0, 0x0, 0x6e, 0x26,
    0xe2, 0x0, 0x0, 0x0, 0x0, 0x0, 0x0, 0xbf,
    0x50, 0x0, 0xb, 0xf6, 0x2f, 0xe0, 0x0, 0x3f,
    0xc0, 0x8, 0xf7, 0x0, 0xcf, 0x30, 0x0, 0xef,
    0x15, 0xfa, 0x0, 0x0, 0x5f, 0x9e, 0xf1, 0x0,
    0x0, 0xc, 0xff, 0x70, 0x0, 0x0, 0x3, 0xfe,
    0x0, 0x0, 0x0, 0x1, 0xfc, 0x0, 0x0, 0x0,
    0x1, 0xfc, 0x0, 0x0, 0x0, 0x1, 0xfc, 0x0,
    0x0, 0x0, 0x1, 0xfc, 0x0, 0x0,

    /* U+0179 "Ź" */
    0x0, 0x0, 0x3, 0xe1, 0x0, 0x0, 0x0, 0x1e,
    0xc0, 0x0, 0x0, 0x0, 0x47, 0x0, 0x0, 0x2f,
    0xff, 0xff, 0xff, 0xe0, 0x19, 0x99, 0x99, 0xcf,
    0xc0, 0x0, 0x0, 0x2, 0xef, 0x20, 0x0, 0x0,
    0xc, 0xf6, 0x0, 0x0, 0x0, 0x9f, 0xa0, 0x0,
    0x0, 0x5, 0xfd, 0x0, 0x0, 0x0, 0x2f, 0xf2,
    0x0, 0x0, 0x0, 0xcf, 0x60, 0x0, 0x0, 0x9,
    0xfa, 0x0, 0x0, 0x0, 0x4f, 0xf9, 0x99, 0x99,
    0x91, 0x5f, 0xff, 0xff, 0xff, 0xf2,

    /* U+017A "ź" */
    0x0, 0x0, 0x6d, 0x0, 0x0, 0x5, 0xe4, 0x0,
    0x0, 0x0, 0x0, 0x0, 0x4f, 0xff, 0xff, 0xf0,
    0x16, 0x66, 0x9f, 0xe0, 0x0, 0x1, 0xef, 0x20,
    0x0, 0xc, 0xf4, 0x0, 0x0, 0xaf, 0x70, 0x0,
    0x7, 0xf9, 0x0, 0x0, 0x4f, 0xf6, 0x66, 0x61,
    0x6f, 0xff, 0xff, 0xf3,

    /* U+017B "Ż" */
    0x0, 0x0, 0xc9, 0x0, 0x0, 0x0, 0x0, 0xda,
    0x0, 0x0, 0x0, 0x0, 0x0, 0x0, 0x0, 0x2f,
    0xff, 0xff, 0xff, 0xe0, 0x19, 0x99, 0x99, 0xcf,
    0xc0, 0x0, 0x0, 0x2, 0xef, 0x20, 0x0, 0x0,
    0xc, 0xf6, 0x0, 0x0, 0x0, 0x9f, 0xa0, 0x0,
    0x0, 0x5, 0xfd, 0x0, 0x0, 0x0, 0x2f, 0xf2,
    0x0, 0x0, 0x0, 0xcf, 0x60, 0x0, 0x0, 0x9,
    0xfa, 0x0, 0x0, 0x0, 0x4f, 0xf9, 0x99, 0x99,
    0x91, 0x5f, 0xff, 0xff, 0xff, 0xf2,

    /* U+017C "ż" */
    0x0, 0xd, 0x90, 0x0, 0x0, 0xc, 0x80, 0x0,
    0x0, 0x0, 0x0, 0x0, 0x4f, 0xff, 0xff, 0xf0,
    0x16, 0x66, 0x9f, 0xe0, 0x0, 0x1, 0xef, 0x20,
    0x0, 0xc, 0xf4, 0x0, 0x0, 0xaf, 0x70, 0x0,
    0x7, 0xf9, 0x0, 0x0, 0x4f, 0xf6, 0x66, 0x61,
    0x6f, 0xff, 0xff, 0xf3,

    /* U+017D "Ž" */
    0x0, 0x47, 0x12, 0x82, 0x0, 0x0, 0xb, 0xde,
    0x80, 0x0, 0x0, 0x0, 0x64, 0x0, 0x0, 0x2f,
    0xff, 0xff, 0xff, 0xe0, 0x19, 0x99, 0x99, 0xcf,
    0xc0, 0x0, 0x0, 0x2, 0xef, 0x20, 0x0, 0x0,
    0xc, 0xf6, 0x0, 0x0, 0x0, 0x9f, 0xa0, 0x0,
    0x0, 0x5, 0xfd, 0x0, 0x0, 0x0, 0x2f, 0xf2,
    0x0, 0x0, 0x0, 0xcf, 0x60, 0x0, 0x0, 0x9,
    0xfa, 0x0, 0x0, 0x0, 0x4f, 0xf9, 0x99, 0x99,
    0x91, 0x5f, 0xff, 0xff, 0xff, 0xf2,

    /* U+017E "ž" */
    0x5, 0xf6, 0xad, 0x20, 0x0, 0x3d, 0xa0, 0x0,
    0x0, 0x0, 0x0, 0x0, 0x4f, 0xff, 0xff, 0xf0,
    0x16, 0x66, 0x9f, 0xe0, 0x0, 0x1, 0xef, 0x20,
    0x0, 0xc, 0xf4, 0x0, 0x0, 0xaf, 0x70, 0x0,
    0x7, 0xf9, 0x0, 0x0, 0x4f, 0xf6, 0x66, 0x61,
    0x6f, 0xff, 0xff, 0xf3,

    /* U+F0E0 "" */
    0x8f, 0xff, 0xff, 0xff, 0xff, 0xff, 0xff, 0xf8,
    0xff, 0xff, 0xff, 0xff, 0xff, 0xff, 0xff, 0xff,
    0xcf, 0xff, 0xff, 0xff, 0xff, 0xff, 0xff, 0xfc,
    0x9, 0xff, 0xff, 0xff, 0xff, 0xff, 0xff, 0x90,
    0xd2, 0x5f, 0xff, 0xff, 0xff, 0xff, 0xf5, 0x2d,
    0xff, 0x62, 0xcf, 0xff, 0xff, 0xfc, 0x26, 0xff,
    0xff, 0xfa, 0x18, 0xff, 0xff, 0x81, 0xaf, 0xff,
    0xff, 0xff, 0xe3, 0x4d, 0xd4, 0x3e, 0xff, 0xff,
    0xff, 0xff, 0xff, 0x81, 0x18, 0xff, 0xff, 0xff,
    0xff, 0xff, 0xff, 0xff, 0xff, 0xff, 0xff, 0xff,
    0xff, 0xff, 0xff, 0xff, 0xff, 0xff, 0xff, 0xff,
    0x8f, 0xff, 0xff, 0xff, 0xff, 0xff, 0xff, 0xf8
};


/*---------------------
 *  GLYPH DESCRIPTION
 *--------------------*/

static const lv_font_fmt_txt_glyph_dsc_t glyph_dsc[] = {
    {.bitmap_index = 0, .adv_w = 0, .box_w = 0, .box_h = 0, .ofs_x = 0, .ofs_y = 0} /* id = 0 reserved */,
    {.bitmap_index = 0, .adv_w = 75, .box_w = 0, .box_h = 0, .ofs_x = 0, .ofs_y = 0},
    {.bitmap_index = 0, .adv_w = 75, .box_w = 3, .box_h = 11, .ofs_x = 1, .ofs_y = 0},
    {.bitmap_index = 17, .adv_w = 86, .box_w = 5, .box_h = 4, .ofs_x = 0, .ofs_y = 7},
    {.bitmap_index = 27, .adv_w = 178, .box_w = 11, .box_h = 11, .ofs_x = 0, .ofs_y = 0},
    {.bitmap_index = 88, .adv_w = 153, .box_w = 10, .box_h = 14, .ofs_x = 0, .ofs_y = -2},
    {.bitmap_index = 158, .adv_w = 240, .box_w = 15, .box_h = 11, .ofs_x = 0, .ofs_y = 0},
    {.bitmap_index = 241, .adv_w = 187, .box_w = 12, .box_h = 11, .ofs_x = 0, .ofs_y = 0},
    {.bitmap_index = 307, .adv_w = 46, .box_w = 3, .box_h = 4, .ofs_x = 0, .ofs_y = 7},
    {.bitmap_index = 313, .adv_w = 80, .box_w = 5, .box_h = 14, .ofs_x = 0, .ofs_y = -3},
    {.bitmap_index = 348, .adv_w = 80, .box_w = 5, .box_h = 14, .ofs_x = 0, .ofs_y = -3},
    {.bitmap_index = 383, .adv_w = 124, .box_w = 6, .box_h = 6, .ofs_x = 1, .ofs_y = 5},
    {.bitmap_index = 401, .adv_w = 154, .box_w = 9, .box_h = 8, .ofs_x = 0, .ofs_y = 0},
    {.bitmap_index = 437, .adv_w = 60, .box_w = 4, .box_h = 5, .ofs_x = 0, .ofs_y = -2},
    {.bitmap_index = 447, .adv_w = 94, .box_w = 6, .box_h = 2, .ofs_x = 0, .ofs_y = 3},
    {.bitmap_index = 453, .adv_w = 60, .box_w = 4, .box_h = 3, .ofs_x = 0, .ofs_y = 0},
    {.bitmap_index = 459, .adv_w = 104, .box_w = 7, .box_h = 13, .ofs_x = 0, .ofs_y = -2},
    {.bitmap_index = 505, .adv_w = 167, .box_w = 10, .box_h = 11, .ofs_x = 0, .ofs_y = 0},
    {.bitmap_index = 560, .adv_w = 108, .box_w = 6, .box_h = 11, .ofs_x = 0, .ofs_y = 0},
    {.bitmap_index = 593, .adv_w = 143, .box_w = 9, .box_h = 11, .ofs_x = 0, .ofs_y = 0},
    {.bitmap_index = 643, .adv_w = 150, .box_w = 9, .box_h = 11, .ofs_x = 0, .ofs_y = 0},
    {.bitmap_index = 693, .adv_w = 158, .box_w = 10, .box_h = 11, .ofs_x = 0, .ofs_y = 0},
    {.bitmap_index = 748, .adv_w = 153, .box_w = 9, .box_h = 11, .ofs_x = 0, .ofs_y = 0},
    {.bitmap_index = 798, .adv_w = 156, .box_w = 9, .box_h = 11, .ofs_x = 0, .ofs_y = 0},
    {.bitmap_index = 848, .adv_w = 133, .box_w = 8, .box_h = 11, .ofs_x = 0, .ofs_y = 0},
    {.bitmap_index = 892, .adv_w = 158, .box_w = 10, .box_h = 11, .ofs_x = 0, .ofs_y = 0},
    {.bitmap_index = 947, .adv_w = 150, .box_w = 9, .box_h = 11, .ofs_x = 0, .ofs_y = 0},
    {.bitmap_index = 997, .adv_w = 60, .box_w = 4, .box_h = 8, .ofs_x = 0, .ofs_y = 0},
    {.bitmap_index = 1013, .adv_w = 60, .box_w = 4, .box_h = 10, .ofs_x = 0, .ofs_y = -2},
    {.bitmap_index = 1033, .adv_w = 143, .box_w = 9, .box_h = 9, .ofs_x = 0, .ofs_y = -1},
    {.bitmap_index = 1074, .adv_w = 159, .box_w = 9, .box_h = 5, .ofs_x = 0, .ofs_y = 2},
    {.bitmap_index = 1097, .adv_w = 143, .box_w = 9, .box_h = 9, .ofs_x = 0, .ofs_y = -1},
    {.bitmap_index = 1138, .adv_w = 130, .box_w = 8, .box_h = 11, .ofs_x = 0, .ofs_y = 0},
    {.bitmap_index = 1182, .adv_w = 199, .box_w = 12, .box_h = 12, .ofs_x = 0, .ofs_y = -2},
    {.bitmap_index = 1254, .adv_w = 166, .box_w = 11, .box_h = 11, .ofs_x = 0, .ofs_y = 0},
    {.bitmap_index = 1315, .adv_w = 160, .box_w = 9, .box_h = 11, .ofs_x = 1, .ofs_y = 0},
    {.bitmap_index = 1365, .adv_w = 166, .box_w = 10, .box_h = 11, .ofs_x = 0, .ofs_y = 0},
    {.bitmap_index = 1420, .adv_w = 173, .box_w = 10, .box_h = 11, .ofs_x = 1, .ofs_y = 0},
    {.bitmap_index = 1475, .adv_w = 148, .box_w = 8, .box_h = 11, .ofs_x = 1, .ofs_y = 0},
    {.bitmap_index = 1519, .adv_w = 143, .box_w = 8, .box_h = 11, .ofs_x = 1, .ofs_y = 0},
    {.bitmap_index = 1563, .adv_w = 180, .box_w = 11, .box_h = 11, .ofs_x = 0, .ofs_y = 0},
    {.bitmap_index = 1624, .adv_w = 178, .box_w = 10, .box_h = 11, .ofs_x = 1, .ofs_y = 0},
    {.bitmap_index = 1679, .adv_w = 104, .box_w = 6, .box_h = 11, .ofs_x = 0, .ofs_y = 0},
    {.bitmap_index = 1712, .adv_w = 136, .box_w = 8, .box_h = 11, .ofs_x = 0, .ofs_y = 0},
    {.bitmap_index = 1756, .adv_w = 165, .box_w = 10, .box_h = 11, .ofs_x = 1, .ofs_y = 0},
    {.bitmap_index = 1811, .adv_w = 140, .box_w = 8, .box_h = 11, .ofs_x = 1, .ofs_y = 0},
    {.bitmap_index = 1855, .adv_w = 215, .box_w = 12, .box_h = 11, .ofs_x = 1, .ofs_y = 0},
    {.bitmap_index = 1921, .adv_w = 180, .box_w = 10, .box_h = 11, .ofs_x = 1, .ofs_y = 0},
    {.bitmap_index = 1976, .adv_w = 186, .box_w = 12, .box_h = 11, .ofs_x = 0, .ofs_y = 0},
    {.bitmap_index = 2042, .adv_w = 155, .box_w = 9, .box_h = 11, .ofs_x = 1, .ofs_y = 0},
    {.bitmap_index = 2092, .adv_w = 189, .box_w = 13, .box_h = 12, .ofs_x = 0, .ofs_y = -1},
    {.bitmap_index = 2170, .adv_w = 161, .box_w = 9, .box_h = 11, .ofs_x = 1, .ofs_y = 0},
    {.bitmap_index = 2220, .adv_w = 153, .box_w = 10, .box_h = 11, .ofs_x = 0, .ofs_y = 0},
    {.bitmap_index = 2275, .adv_w = 148, .box_w = 10, .box_h = 11, .ofs_x = 0, .ofs_y = 0},
    {.bitmap_index = 2330, .adv_w = 176, .box_w = 9, .box_h = 11, .ofs_x = 1, .ofs_y = 0},
    {.bitmap_index = 2380, .adv_w = 157, .box_w = 10, .box_h = 11, .ofs_x = 0, .ofs_y = 0},
    {.bitmap_index = 2435, .adv_w = 222, .box_w = 14, .box_h = 11, .ofs_x = 0, .ofs_y = 0},
    {.bitmap_index = 2512, .adv_w = 166, .box_w = 11, .box_h = 11, .ofs_x = 0, .ofs_y = 0},
    {.bitmap_index = 2573, .adv_w = 155, .box_w = 10, .box_h = 11, .ofs_x = 0, .ofs_y = 0},
    {.bitmap_index = 2628, .adv_w = 157, .box_w = 10, .box_h = 11, .ofs_x = 0, .ofs_y = 0},
    {.bitmap_index = 2683, .adv_w = 83, .box_w = 4, .box_h = 14, .ofs_x = 1, .ofs_y = -3},
    {.bitmap_index = 2711, .adv_w = 104, .box_w = 7, .box_h = 13, .ofs_x = 0, .ofs_y = -2},
    {.bitmap_index = 2757, .adv_w = 88, .box_w = 5, .box_h = 14, .ofs_x = 0, .ofs_y = -3},
    {.bitmap_index = 2792, .adv_w = 144, .box_w = 9, .box_h = 6, .ofs_x = 0, .ofs_y = 5},
    {.bitmap_index = 2819, .adv_w = 98, .box_w = 8, .box_h = 2, .ofs_x = -1, .ofs_y = -1},
    {.bitmap_index = 2827, .adv_w = 67, .box_w = 4, .box_h = 2, .ofs_x = 0, .ofs_y = 9},
    {.bitmap_index = 2831, .adv_w = 137, .box_w = 8, .box_h = 8, .ofs_x = 0, .ofs_y = 0},
    {.bitmap_index = 2863, .adv_w = 148, .box_w = 8, .box_h = 11, .ofs_x = 1, .ofs_y = 0},
    {.bitmap_index = 2907, .adv_w = 127, .box_w = 8, .box_h = 8, .ofs_x = 0, .ofs_y = 0},
    {.bitmap_index = 2939, .adv_w = 148, .box_w = 9, .box_h = 11, .ofs_x = 0, .ofs_y = 0},
    {.bitmap_index = 2989, .adv_w = 140, .box_w = 9, .box_h = 8, .ofs_x = 0, .ofs_y = 0},
    {.bitmap_index = 3025, .adv_w = 86, .box_w = 5, .box_h = 11, .ofs_x = 0, .ofs_y = 0},
    {.bitmap_index = 3053, .adv_w = 146, .box_w = 9, .box_h = 12, .ofs_x = 0, .ofs_y = -4},
    {.bitmap_index = 3107, .adv_w = 143, .box_w = 7, .box_h = 11, .ofs_x = 1, .ofs_y = 0},
    {.bitmap_index = 3146, .adv_w = 69, .box_w = 4, .box_h = 11, .ofs_x = 0, .ofs_y = 0},
    {.bitmap_index = 3168, .adv_w = 64, .box_w = 6, .box_h = 14, .ofs_x = -2, .ofs_y = -3},
    {.bitmap_index = 3210, .adv_w = 133, .box_w = 8, .box_h = 11, .ofs_x = 1, .ofs_y = 0},
    {.bitmap_index = 3254, .adv_w = 73, .box_w = 5, .box_h = 11, .ofs_x = 0, .ofs_y = 0},
    {.bitmap_index = 3282, .adv_w = 220, .box_w = 12, .box_h = 8, .ofs_x = 1, .ofs_y = 0},
    {.bitmap_index = 3330, .adv_w = 143, .box_w = 7, .box_h = 8, .ofs_x = 1, .ofs_y = 0},
    {.bitmap_index = 3358, .adv_w = 143, .box_w = 9, .box_h = 8, .ofs_x = 0, .ofs_y = 0},
    {.bitmap_index = 3394, .adv_w = 148, .box_w = 8, .box_h = 11, .ofs_x = 1, .ofs_y = -3},
    {.bitmap_index = 3438, .adv_w = 150, .box_w = 11, .box_h = 11, .ofs_x = 0, .ofs_y = -3},
    {.bitmap_index = 3499, .adv_w = 92, .box_w = 5, .box_h = 8, .ofs_x = 1, .ofs_y = 0},
    {.bitmap_index = 3519, .adv_w = 124, .box_w = 8, .box_h = 8, .ofs_x = 0, .ofs_y = 0},
    {.bitmap_index = 3551, .adv_w = 89, .box_w = 5, .box_h = 10, .ofs_x = 0, .ofs_y = 0},
    {.bitmap_index = 3576, .adv_w = 141, .box_w = 7, .box_h = 8, .ofs_x = 1, .ofs_y = 0},
    {.bitmap_index = 3604, .adv_w = 125, .box_w = 8, .box_h = 8, .ofs_x = 0, .ofs_y = 0},
    {.bitmap_index = 3636, .adv_w = 181, .box_w = 12, .box_h = 8, .ofs_x = 0, .ofs_y = 0},
    {.bitmap_index = 3684, .adv_w = 129, .box_w = 8, .box_h = 8, .ofs_x = 0, .ofs_y = 0},
    {.bitmap_index = 3716, .adv_w = 122, .box_w = 8, .box_h = 11, .ofs_x = 0, .ofs_y = -3},
    {.bitmap_index = 3760, .adv_w = 122, .box_w = 8, .box_h = 8, .ofs_x = 0, .ofs_y = 0},
    {.bitmap_index = 3792, .adv_w = 92, .box_w = 6, .box_h = 14, .ofs_x = 0, .ofs_y = -3},
    {.bitmap_index = 3834, .adv_w = 62, .box_w = 2, .box_h = 16, .ofs_x = 1, .ofs_y = -3},
    {.bitmap_index = 3850, .adv_w = 92, .box_w = 6, .box_h = 14, .ofs_x = 0, .ofs_y = -3},
    {.bitmap_index = 3892, .adv_w = 140, .box_w = 9, .box_h = 4, .ofs_x = 0, .ofs_y = 2},
    {.bitmap_index = 3910, .adv_w = 75, .box_w = 0, .box_h = 0, .ofs_x = 0, .ofs_y = 0},
    {.bitmap_index = 3910, .adv_w = 75, .box_w = 3, .box_h = 11, .ofs_x = 1, .ofs_y = -3},
    {.bitmap_index = 3927, .adv_w = 127, .box_w = 8, .box_h = 11, .ofs_x = 0, .ofs_y = -2},
    {.bitmap_index = 3971, .adv_w = 159, .box_w = 9, .box_h = 11, .ofs_x = 1, .ofs_y = 0},
    {.bitmap_index = 4021, .adv_w = 150, .box_w = 9, .box_h = 8, .ofs_x = 0, .ofs_y = 1},
    {.bitmap_index = 4057, .adv_w = 155, .box_w = 10, .box_h = 11, .ofs_x = 0, .ofs_y = 0},
    {.bitmap_index = 4112, .adv_w = 62, .box_w = 2, .box_h = 16, .ofs_x = 1, .ofs_y = -3},
    {.bitmap_index = 4128, .adv_w = 138, .box_w = 9, .box_h = 14, .ofs_x = 0, .ofs_y = -3},
    {.bitmap_index = 4191, .adv_w = 101, .box_w = 6, .box_h = 2, .ofs_x = 0, .ofs_y = 9},
    {.bitmap_index = 4197, .adv_w = 204, .box_w = 12, .box_h = 12, .ofs_x = 0, .ofs_y = -1},
    {.bitmap_index = 4269, .adv_w = 97, .box_w = 6, .box_h = 5, .ofs_x = 0, .ofs_y = 6},
    {.bitmap_index = 4284, .adv_w = 153, .box_w = 9, .box_h = 7, .ofs_x = 0, .ofs_y = 1},
    {.bitmap_index = 4316, .adv_w = 155, .box_w = 9, .box_h = 6, .ofs_x = 0, .ofs_y = 1},
    {.bitmap_index = 4343, .adv_w = 204, .box_w = 12, .box_h = 12, .ofs_x = 0, .ofs_y = -1},
    {.bitmap_index = 4415, .adv_w = 94, .box_w = 6, .box_h = 3, .ofs_x = 0, .ofs_y = 9},
    {.bitmap_index = 4424, .adv_w = 94, .box_w = 6, .box_h = 5, .ofs_x = 0, .ofs_y = 5},
    {.bitmap_index = 4439, .adv_w = 152, .box_w = 9, .box_h = 8, .ofs_x = 0, .ofs_y = 0},
    {.bitmap_index = 4475, .adv_w = 100, .box_w = 6, .box_h = 7, .ofs_x = 0, .ofs_y = 6},
    {.bitmap_index = 4496, .adv_w = 101, .box_w = 6, .box_h = 7, .ofs_x = 0, .ofs_y = 6},
    {.bitmap_index = 4517, .adv_w = 67, .box_w = 4, .box_h = 2, .ofs_x = 0, .ofs_y = 9},
    {.bitmap_index = 4521, .adv_w = 132, .box_w = 8, .box_h = 14, .ofs_x = 0, .ofs_y = -3},
    {.bitmap_index = 4577, .adv_w = 67, .box_w = 4, .box_h = 3, .ofs_x = 0, .ofs_y = 3},
    {.bitmap_index = 4583, .adv_w = 71, .box_w = 4, .box_h = 4, .ofs_x = 0, .ofs_y = -3},
    {.bitmap_index = 4591, .adv_w = 68, .box_w = 4, .box_h = 7, .ofs_x = 0, .ofs_y = 6},
    {.bitmap_index = 4605, .adv_w = 100, .box_w = 6, .box_h = 5, .ofs_x = 0, .ofs_y = 6},
    {.bitmap_index = 4620, .adv_w = 153, .box_w = 9, .box_h = 7, .ofs_x = 0, .ofs_y = 1},
    {.bitmap_index = 4652, .adv_w = 212, .box_w = 13, .box_h = 11, .ofs_x = 0, .ofs_y = 0},
    {.bitmap_index = 4724, .adv_w = 213, .box_w = 13, .box_h = 11, .ofs_x = 0, .ofs_y = -1},
    {.bitmap_index = 4796, .adv_w = 228, .box_w = 14, .box_h = 11, .ofs_x = 0, .ofs_y = 0},
    {.bitmap_index = 4873, .adv_w = 123, .box_w = 8, .box_h = 11, .ofs_x = 0, .ofs_y = -3},
    {.bitmap_index = 4917, .adv_w = 166, .box_w = 11, .box_h = 14, .ofs_x = 0, .ofs_y = 0},
    {.bitmap_index = 4994, .adv_w = 166, .box_w = 11, .box_h = 14, .ofs_x = 0, .ofs_y = 0},
    {.bitmap_index = 5071, .adv_w = 166, .box_w = 11, .box_h = 14, .ofs_x = 0, .ofs_y = 0},
    {.bitmap_index = 5148, .adv_w = 166, .box_w = 11, .box_h = 14, .ofs_x = 0, .ofs_y = 0},
    {.bitmap_index = 5225, .adv_w = 166, .box_w = 11, .box_h = 14, .ofs_x = 0, .ofs_y = 0},
    {.bitmap_index = 5302, .adv_w = 166, .box_w = 11, .box_h = 13, .ofs_x = 0, .ofs_y = 0},
    {.bitmap_index = 5374, .adv_w = 236, .box_w = 15, .box_h = 11, .ofs_x = 0, .ofs_y = 0},
    {.bitmap_index = 5457, .adv_w = 166, .box_w = 10, .box_h = 14, .ofs_x = 0, .ofs_y = -3},
    {.bitmap_index = 5527, .adv_w = 148, .box_w = 8, .box_h = 14, .ofs_x = 1, .ofs_y = 0},
    {.bitmap_index = 5583, .adv_w = 148, .box_w = 8, .box_h = 14, .ofs_x = 1, .ofs_y = 0},
    {.bitmap_index = 5639, .adv_w = 148, .box_w = 8, .box_h = 14, .ofs_x = 1, .ofs_y = 0},
    {.bitmap_index = 5695, .adv_w = 148, .box_w = 8, .box_h = 14, .ofs_x = 1, .ofs_y = 0},
    {.bitmap_index = 5751, .adv_w = 104, .box_w = 6, .box_h = 14, .ofs_x = 0, .ofs_y = 0},
    {.bitmap_index = 5793, .adv_w = 104, .box_w = 6, .box_h = 14, .ofs_x = 0, .ofs_y = 0},
    {.bitmap_index = 5835, .adv_w = 104, .box_w = 6, .box_h = 14, .ofs_x = 0, .ofs_y = 0},
    {.bitmap_index = 5877, .adv_w = 104, .box_w = 6, .box_h = 14, .ofs_x = 0, .ofs_y = 0},
    {.bitmap_index = 5919, .adv_w = 178, .box_w = 11, .box_h = 11, .ofs_x = 0, .ofs_y = 0},
    {.bitmap_index = 5980, .adv_w = 180, .box_w = 10, .box_h = 14, .ofs_x = 1, .ofs_y = 0},
    {.bitmap_index = 6050, .adv_w = 186, .box_w = 12, .box_h = 14, .ofs_x = 0, .ofs_y = 0},
    {.bitmap_index = 6134, .adv_w = 186, .box_w = 12, .box_h = 14, .ofs_x = 0, .ofs_y = 0},
    {.bitmap_index = 6218, .adv_w = 186, .box_w = 12, .box_h = 14, .ofs_x = 0, .ofs_y = 0},
    {.bitmap_index = 6302, .adv_w = 186, .box_w = 12, .box_h = 14, .ofs_x = 0, .ofs_y = 0},
    {.bitmap_index = 6386, .adv_w = 186, .box_w = 12, .box_h = 14, .ofs_x = 0, .ofs_y = 0},
    {.bitmap_index = 6470, .adv_w = 137, .box_w = 8, .box_h = 8, .ofs_x = 0, .ofs_y = 0},
    {.bitmap_index = 6502, .adv_w = 186, .box_w = 12, .box_h = 11, .ofs_x = 0, .ofs_y = 0},
    {.bitmap_index = 6568, .adv_w = 176, .box_w = 9, .box_h = 14, .ofs_x = 1, .ofs_y = 0},
    {.bitmap_index = 6631, .adv_w = 176, .box_w = 9, .box_h = 14, .ofs_x = 1, .ofs_y = 0},
    {.bitmap_index = 6694, .adv_w = 176, .box_w = 9, .box_h = 14, .ofs_x = 1, .ofs_y = 0},
    {.bitmap_index = 6757, .adv_w = 176, .box_w = 9, .box_h = 14, .ofs_x = 1, .ofs_y = 0},
    {.bitmap_index = 6820, .adv_w = 155, .box_w = 10, .box_h = 14, .ofs_x = 0, .ofs_y = 0},
    {.bitmap_index = 6890, .adv_w = 155, .box_w = 9, .box_h = 11, .ofs_x = 1, .ofs_y = 0},
    {.bitmap_index = 6940, .adv_w = 153, .box_w = 9, .box_h = 11, .ofs_x = 1, .ofs_y = 0},
    {.bitmap_index = 6990, .adv_w = 137, .box_w = 8, .box_h = 11, .ofs_x = 0, .ofs_y = 0},
    {.bitmap_index = 7034, .adv_w = 137, .box_w = 8, .box_h = 11, .ofs_x = 0, .ofs_y = 0},
    {.bitmap_index = 7078, .adv_w = 137, .box_w = 8, .box_h = 11, .ofs_x = 0, .ofs_y = 0},
    {.bitmap_index = 7122, .adv_w = 137, .box_w = 8, .box_h = 11, .ofs_x = 0, .ofs_y = 0},
    {.bitmap_index = 7166, .adv_w = 137, .box_w = 8, .box_h = 11, .ofs_x = 0, .ofs_y = 0},
    {.bitmap_index = 7210, .adv_w = 137, .box_w = 8, .box_h = 13, .ofs_x = 0, .ofs_y = 0},
    {.bitmap_index = 7262, .adv_w = 223, .box_w = 14, .box_h = 8, .ofs_x = 0, .ofs_y = 0},
    {.bitmap_index = 7318, .adv_w = 127, .box_w = 8, .box_h = 11, .ofs_x = 0, .ofs_y = -3},
    {.bitmap_index = 7362, .adv_w = 140, .box_w = 9, .box_h = 11, .ofs_x = 0, .ofs_y = 0},
    {.bitmap_index = 7412, .adv_w = 140, .box_w = 9, .box_h = 11, .ofs_x = 0, .ofs_y = 0},
    {.bitmap_index = 7462, .adv_w = 140, .box_w = 9, .box_h = 11, .ofs_x = 0, .ofs_y = 0},
    {.bitmap_index = 7512, .adv_w = 140, .box_w = 9, .box_h = 11, .ofs_x = 0, .ofs_y = 0},
    {.bitmap_index = 7562, .adv_w = 69, .box_w = 4, .box_h = 11, .ofs_x = 0, .ofs_y = 0},
    {.bitmap_index = 7584, .adv_w = 69, .box_w = 5, .box_h = 11, .ofs_x = 0, .ofs_y = 0},
    {.bitmap_index = 7612, .adv_w = 69, .box_w = 7, .box_h = 11, .ofs_x = -1, .ofs_y = 0},
    {.bitmap_index = 7651, .adv_w = 73, .box_w = 6, .box_h = 11, .ofs_x = -1, .ofs_y = 0},
    {.bitmap_index = 7684, .adv_w = 147, .box_w = 9, .box_h = 12, .ofs_x = 0, .ofs_y = 0},
    {.bitmap_index = 7738, .adv_w = 143, .box_w = 7, .box_h = 11, .ofs_x = 1, .ofs_y = 0},
    {.bitmap_index = 7777, .adv_w = 143, .box_w = 9, .box_h = 11, .ofs_x = 0, .ofs_y = 0},
    {.bitmap_index = 7827, .adv_w = 143, .box_w = 9, .box_h = 11, .ofs_x = 0, .ofs_y = 0},
    {.bitmap_index = 7877, .adv_w = 143, .box_w = 9, .box_h = 11, .ofs_x = 0, .ofs_y = 0},
    {.bitmap_index = 7927, .adv_w = 143, .box_w = 9, .box_h = 11, .ofs_x = 0, .ofs_y = 0},
    {.bitmap_index = 7977, .adv_w = 143, .box_w = 9, .box_h = 11, .ofs_x = 0, .ofs_y = 0},
    {.bitmap_index = 8027, .adv_w = 154, .box_w = 9, .box_h = 8, .ofs_x = 0, .ofs_y = 0},
    {.bitmap_index = 8063, .adv_w = 143, .box_w = 9, .box_h = 10, .ofs_x = 0, .ofs_y = -1},
    {.bitmap_index = 8108, .adv_w = 141, .box_w = 7, .box_h = 11, .ofs_x = 1, .ofs_y = 0},
    {.bitmap_index = 8147, .adv_w = 141, .box_w = 7, .box_h = 11, .ofs_x = 1, .ofs_y = 0},
    {.bitmap_index = 8186, .adv_w = 141, .box_w = 7, .box_h = 11, .ofs_x = 1, .ofs_y = 0},
    {.bitmap_index = 8225, .adv_w = 141, .box_w = 7, .box_h = 11, .ofs_x = 1, .ofs_y = 0},
    {.bitmap_index = 8264, .adv_w = 122, .box_w = 8, .box_h = 14, .ofs_x = 0, .ofs_y = -3},
    {.bitmap_index = 8320, .adv_w = 148, .box_w = 8, .box_h = 14, .ofs_x = 1, .ofs_y = -3},
    {.bitmap_index = 8376, .adv_w = 122, .box_w = 8, .box_h = 14, .ofs_x = 0, .ofs_y = -3},
    {.bitmap_index = 8432, .adv_w = 166, .box_w = 11, .box_h = 14, .ofs_x = 0, .ofs_y = 0},
    {.bitmap_index = 8509, .adv_w = 137, .box_w = 8, .box_h = 11, .ofs_x = 0, .ofs_y = 0},
    {.bitmap_index = 8553, .adv_w = 166, .box_w = 11, .box_h = 14, .ofs_x = 0, .ofs_y = 0},
    {.bitmap_index = 8630, .adv_w = 137, .box_w = 8, .box_h = 11, .ofs_x = 0, .ofs_y = 0},
    {.bitmap_index = 8674, .adv_w = 166, .box_w = 11, .box_h = 14, .ofs_x = 0, .ofs_y = -3},
    {.bitmap_index = 8751, .adv_w = 137, .box_w = 8, .box_h = 11, .ofs_x = 0, .ofs_y = -3},
    {.bitmap_index = 8795, .adv_w = 166, .box_w = 10, .box_h = 14, .ofs_x = 0, .ofs_y = 0},
    {.bitmap_index = 8865, .adv_w = 127, .box_w = 8, .box_h = 11, .ofs_x = 0, .ofs_y = 0},
    {.bitmap_index = 8909, .adv_w = 166, .box_w = 10, .box_h = 14, .ofs_x = 0, .ofs_y = 0},
    {.bitmap_index = 8979, .adv_w = 127, .box_w = 8, .box_h = 11, .ofs_x = 0, .ofs_y = 0},
    {.bitmap_index = 9023, .adv_w = 166, .box_w = 10, .box_h = 14, .ofs_x = 0, .ofs_y = 0},
    {.bitmap_index = 9093, .adv_w = 127, .box_w = 8, .box_h = 11, .ofs_x = 0, .ofs_y = 0},
    {.bitmap_index = 9137, .adv_w = 173, .box_w = 10, .box_h = 14, .ofs_x = 1, .ofs_y = 0},
    {.bitmap_index = 9207, .adv_w = 168, .box_w = 11, .box_h = 11, .ofs_x = 0, .ofs_y = 0},
    {.bitmap_index = 9268, .adv_w = 178, .box_w = 11, .box_h = 11, .ofs_x = 0, .ofs_y = 0},
    {.bitmap_index = 9329, .adv_w = 148, .box_w = 10, .box_h = 11, .ofs_x = 0, .ofs_y = 0},
    {.bitmap_index = 9384, .adv_w = 148, .box_w = 8, .box_h = 14, .ofs_x = 1, .ofs_y = 0},
    {.bitmap_index = 9440, .adv_w = 140, .box_w = 9, .box_h = 11, .ofs_x = 0, .ofs_y = 0},
    {.bitmap_index = 9490, .adv_w = 148, .box_w = 8, .box_h = 14, .ofs_x = 1, .ofs_y = 0},
    {.bitmap_index = 9546, .adv_w = 140, .box_w = 9, .box_h = 11, .ofs_x = 0, .ofs_y = 0},
    {.bitmap_index = 9596, .adv_w = 148, .box_w = 8, .box_h = 14, .ofs_x = 1, .ofs_y = -3},
    {.bitmap_index = 9652, .adv_w = 140, .box_w = 9, .box_h = 11, .ofs_x = 0, .ofs_y = -3},
    {.bitmap_index = 9702, .adv_w = 148, .box_w = 8, .box_h = 14, .ofs_x = 1, .ofs_y = 0},
    {.bitmap_index = 9758, .adv_w = 140, .box_w = 9, .box_h = 11, .ofs_x = 0, .ofs_y = 0},
    {.bitmap_index = 9808, .adv_w = 180, .box_w = 11, .box_h = 14, .ofs_x = 0, .ofs_y = 0},
    {.bitmap_index = 9885, .adv_w = 146, .box_w = 9, .box_h = 15, .ofs_x = 0, .ofs_y = -4},
    {.bitmap_index = 9953, .adv_w = 180, .box_w = 11, .box_h = 14, .ofs_x = 0, .ofs_y = 0},
    {.bitmap_index = 10030, .adv_w = 146, .box_w = 9, .box_h = 15, .ofs_x = 0, .ofs_y = -4},
    {.bitmap_index = 10098, .adv_w = 180, .box_w = 11, .box_h = 15, .ofs_x = 0, .ofs_y = -4},
    {.bitmap_index = 10181, .adv_w = 146, .box_w = 9, .box_h = 16, .ofs_x = 0, .ofs_y = -4},
    {.bitmap_index = 10253, .adv_w = 178, .box_w = 11, .box_h = 11, .ofs_x = 0, .ofs_y = 0},
    {.bitmap_index = 10314, .adv_w = 143, .box_w = 9, .box_h = 11, .ofs_x = -1, .ofs_y = 0},
    {.bitmap_index = 10364, .adv_w = 104, .box_w = 6, .box_h = 14, .ofs_x = 0, .ofs_y = 0},
    {.bitmap_index = 10406, .adv_w = 69, .box_w = 5, .box_h = 11, .ofs_x = 0, .ofs_y = 0},
    {.bitmap_index = 10434, .adv_w = 104, .box_w = 6, .box_h = 14, .ofs_x = 0, .ofs_y = -3},
    {.bitmap_index = 10476, .adv_w = 69, .box_w = 4, .box_h = 14, .ofs_x = 0, .ofs_y = -3},
    {.bitmap_index = 10504, .adv_w = 104, .box_w = 6, .box_h = 14, .ofs_x = 0, .ofs_y = 0},
    {.bitmap_index = 10546, .adv_w = 69, .box_w = 4, .box_h = 8, .ofs_x = 0, .ofs_y = 0},
    {.bitmap_index = 10562, .adv_w = 240, .box_w = 14, .box_h = 11, .ofs_x = 0, .ofs_y = 0},
    {.bitmap_index = 10639, .adv_w = 134, .box_w = 8, .box_h = 14, .ofs_x = 0, .ofs_y = -3},
    {.bitmap_index = 10695, .adv_w = 165, .box_w = 10, .box_h = 15, .ofs_x = 1, .ofs_y = -4},
    {.bitmap_index = 10770, .adv_w = 133, .box_w = 8, .box_h = 15, .ofs_x = 1, .ofs_y = -4},
    {.bitmap_index = 10830, .adv_w = 140, .box_w = 8, .box_h = 14, .ofs_x = 1, .ofs_y = 0},
    {.bitmap_index = 10886, .adv_w = 73, .box_w = 5, .box_h = 15, .ofs_x = 0, .ofs_y = 0},
    {.bitmap_index = 10924, .adv_w = 140, .box_w = 8, .box_h = 15, .ofs_x = 1, .ofs_y = -4},
    {.bitmap_index = 10984, .adv_w = 73, .box_w = 5, .box_h = 15, .ofs_x = 0, .ofs_y = -4},
    {.bitmap_index = 11022, .adv_w = 140, .box_w = 8, .box_h = 11, .ofs_x = 1, .ofs_y = 0},
    {.bitmap_index = 11066, .adv_w = 86, .box_w = 6, .box_h = 11, .ofs_x = 0, .ofs_y = 0},
    {.bitmap_index = 11099, .adv_w = 147, .box_w = 9, .box_h = 11, .ofs_x = 0, .ofs_y = 0},
    {.bitmap_index = 11149, .adv_w = 81, .box_w = 5, .box_h = 11, .ofs_x = 0, .ofs_y = 0},
    {.bitmap_index = 11177, .adv_w = 180, .box_w = 10, .box_h = 14, .ofs_x = 1, .ofs_y = 0},
    {.bitmap_index = 11247, .adv_w = 143, .box_w = 7, .box_h = 11, .ofs_x = 1, .ofs_y = 0},
    {.bitmap_index = 11286, .adv_w = 180, .box_w = 10, .box_h = 15, .ofs_x = 1, .ofs_y = -4},
    {.bitmap_index = 11361, .adv_w = 143, .box_w = 7, .box_h = 12, .ofs_x = 1, .ofs_y = -4},
    {.bitmap_index = 11403, .adv_w = 180, .box_w = 10, .box_h = 14, .ofs_x = 1, .ofs_y = 0},
    {.bitmap_index = 11473, .adv_w = 143, .box_w = 7, .box_h = 11, .ofs_x = 1, .ofs_y = 0},
    {.bitmap_index = 11512, .adv_w = 186, .box_w = 12, .box_h = 14, .ofs_x = 0, .ofs_y = 0},
    {.bitmap_index = 11596, .adv_w = 143, .box_w = 9, .box_h = 11, .ofs_x = 0, .ofs_y = 0},
    {.bitmap_index = 11646, .adv_w = 259, .box_w = 16, .box_h = 11, .ofs_x = 0, .ofs_y = 0},
    {.bitmap_index = 11734, .adv_w = 238, .box_w = 15, .box_h = 8, .ofs_x = 0, .ofs_y = 0},
    {.bitmap_index = 11794, .adv_w = 161, .box_w = 9, .box_h = 14, .ofs_x = 1, .ofs_y = 0},
    {.bitmap_index = 11857, .adv_w = 92, .box_w = 5, .box_h = 11, .ofs_x = 1, .ofs_y = 0},
    {.bitmap_index = 11885, .adv_w = 161, .box_w = 9, .box_h = 14, .ofs_x = 1, .ofs_y = 0},
    {.bitmap_index = 11948, .adv_w = 92, .box_w = 7, .box_h = 11, .ofs_x = 0, .ofs_y = 0},
    {.bitmap_index = 11987, .adv_w = 153, .box_w = 10, .box_h = 14, .ofs_x = 0, .ofs_y = 0},
    {.bitmap_index = 12057, .adv_w = 124, .box_w = 8, .box_h = 11, .ofs_x = 0, .ofs_y = 0},
    {.bitmap_index = 12101, .adv_w = 153, .box_w = 10, .box_h = 14, .ofs_x = 0, .ofs_y = -3},
    {.bitmap_index = 12171, .adv_w = 124, .box_w = 8, .box_h = 11, .ofs_x = 0, .ofs_y = -3},
    {.bitmap_index = 12215, .adv_w = 153, .box_w = 10, .box_h = 14, .ofs_x = 0, .ofs_y = 0},
    {.bitmap_index = 12285, .adv_w = 124, .box_w = 8, .box_h = 11, .ofs_x = 0, .ofs_y = 0},
    {.bitmap_index = 12329, .adv_w = 148, .box_w = 10, .box_h = 14, .ofs_x = 0, .ofs_y = -3},
    {.bitmap_index = 12399, .adv_w = 89, .box_w = 5, .box_h = 13, .ofs_x = 0, .ofs_y = -3},
    {.bitmap_index = 12432, .adv_w = 148, .box_w = 10, .box_h = 14, .ofs_x = 0, .ofs_y = 0},
    {.bitmap_index = 12502, .adv_w = 89, .box_w = 6, .box_h = 12, .ofs_x = 0, .ofs_y = 0},
    {.bitmap_index = 12538, .adv_w = 176, .box_w = 9, .box_h = 14, .ofs_x = 1, .ofs_y = 0},
    {.bitmap_index = 12601, .adv_w = 141, .box_w = 7, .box_h = 11, .ofs_x = 1, .ofs_y = 0},
    {.bitmap_index = 12640, .adv_w = 176, .box_w = 9, .box_h = 14, .ofs_x = 1, .ofs_y = 0},
    {.bitmap_index = 12703, .adv_w = 141, .box_w = 7, .box_h = 13, .ofs_x = 1, .ofs_y = 0},
    {.bitmap_index = 12749, .adv_w = 176, .box_w = 9, .box_h = 14, .ofs_x = 1, .ofs_y = 0},
    {.bitmap_index = 12812, .adv_w = 141, .box_w = 7, .box_h = 11, .ofs_x = 1, .ofs_y = 0},
    {.bitmap_index = 12851, .adv_w = 176, .box_w = 9, .box_h = 14, .ofs_x = 1, .ofs_y = -3},
    {.bitmap_index = 12914, .adv_w = 141, .box_w = 7, .box_h = 11, .ofs_x = 1, .ofs_y = -3},
    {.bitmap_index = 12953, .adv_w = 222, .box_w = 14, .box_h = 14, .ofs_x = 0, .ofs_y = 0},
    {.bitmap_index = 13051, .adv_w = 181, .box_w = 12, .box_h = 11, .ofs_x = 0, .ofs_y = 0},
    {.bitmap_index = 13117, .adv_w = 155, .box_w = 10, .box_h = 14, .ofs_x = 0, .ofs_y = 0},
    {.bitmap_index = 13187, .adv_w = 122, .box_w = 8, .box_h = 14, .ofs_x = 0, .ofs_y = -3},
    {.bitmap_index = 13243, .adv_w = 155, .box_w = 10, .box_h = 14, .ofs_x = 0, .ofs_y = 0},
    {.bitmap_index = 13313, .adv_w = 157, .box_w = 10, .box_h = 14, .ofs_x = 0, .ofs_y = 0},
    {.bitmap_index = 13383, .adv_w = 122, .box_w = 8, .box_h = 11, .ofs_x = 0, .ofs_y = 0},
    {.bitmap_index = 13427, .adv_w = 157, .box_w = 10, .box_h = 14, .ofs_x = 0, .ofs_y = 0},
    {.bitmap_index = 13497, .adv_w = 122, .box_w = 8, .box_h = 11, .ofs_x = 0, .ofs_y = 0},
    {.bitmap_index = 13541, .adv_w = 157, .box_w = 10, .box_h = 14, .ofs_x = 0, .ofs_y = 0},
    {.bitmap_index = 13611, .adv_w = 122, .box_w = 8, .box_h = 11, .ofs_x = 0, .ofs_y = 0},
    {.bitmap_index = 13655, .adv_w = 256, .box_w = 16, .box_h = 12, .ofs_x = 0, .ofs_y = 0}
};

/*---------------------
 *  CHARACTER MAPPING
 *--------------------*/

static const uint8_t glyph_id_ofs_list_4[] = {
    0, 1, 2, 3, 4, 5, 6, 7,
    8, 9, 0, 0, 10, 11, 12, 13,
    14, 15, 0, 0, 16, 17, 18, 19,
    20, 21, 0, 0, 22, 23, 0, 0,
    24, 25, 0, 0, 26, 27, 28, 29,
    30, 31, 0, 0, 32, 33, 0, 34,
    35, 36, 37, 38, 39, 0, 0, 40,
    41, 42, 43, 44, 45, 46, 47, 0,
    0, 0, 0, 0, 0, 0, 48, 49,
    50, 51, 52, 53, 0, 0, 54, 55,
    56, 57, 0, 0, 58, 59, 60, 61,
    62, 63, 64, 65, 0, 0, 0, 0,
    66, 67
};

/*Collect the unicode lists and glyph_id offsets*/
static const lv_font_fmt_txt_cmap_t cmaps[] =
{
    {
        .range_start = 32, .range_length = 95, .glyph_id_start = 1,
        .unicode_list = NULL, .glyph_id_ofs_list = NULL, .list_length = 0, .type = LV_FONT_FMT_TXT_CMAP_FORMAT0_TINY
    },
    {
        .range_start = 160, .range_length = 13, .glyph_id_start = 96,
        .unicode_list = NULL, .glyph_id_ofs_list = NULL, .list_length = 0, .type = LV_FONT_FMT_TXT_CMAP_FORMAT0_TINY
    },
    {
        .range_start = 174, .range_length = 7, .glyph_id_start = 109,
        .unicode_list = NULL, .glyph_id_ofs_list = NULL, .list_length = 0, .type = LV_FONT_FMT_TXT_CMAP_FORMAT0_TINY
    },
    {
        .range_start = 182, .range_length = 82, .glyph_id_start = 116,
        .unicode_list = NULL, .glyph_id_ofs_list = NULL, .list_length = 0, .type = LV_FONT_FMT_TXT_CMAP_FORMAT0_TINY
    },
    {
        .range_start = 266, .range_length = 98, .glyph_id_start = 198,
        .unicode_list = NULL, .glyph_id_ofs_list = glyph_id_ofs_list_4, .list_length = 98, .type = LV_FONT_FMT_TXT_CMAP_FORMAT0_FULL
    },
    {
        .range_start = 366, .range_length = 17, .glyph_id_start = 266,
        .unicode_list = NULL, .glyph_id_ofs_list = NULL, .list_length = 0, .type = LV_FONT_FMT_TXT_CMAP_FORMAT0_TINY
    },
    {
        .range_start = 61664, .range_length = 1, .glyph_id_start = 283,
        .unicode_list = NULL, .glyph_id_ofs_list = NULL, .list_length = 0, .type = LV_FONT_FMT_TXT_CMAP_FORMAT0_TINY
    }
};

/*-----------------
 *    KERNING
 *----------------*/


/*Map glyph_ids to kern left classes*/
static const uint8_t kern_left_class_mapping[] =
{
    0, 1, 0, 2, 0, 0, 0, 3,
    2, 4, 0, 5, 6, 7, 8, 7,
    9, 10, 0, 11, 12, 13, 14, 15,
    16, 17, 18, 19, 19, 0, 0, 0,
    20, 21, 22, 23, 24, 25, 26, 27,
    28, 0, 29, 30, 31, 32, 0, 0,
    25, 33, 34, 35, 36, 37, 30, 38,
    39, 40, 41, 42, 43, 44, 45, 0,
    46, 0, 47, 48, 49, 0, 50, 51,
    52, 53, 0, 54, 55, 56, 53, 53,
    48, 48, 57, 58, 59, 60, 61, 62,
    62, 63, 62, 64, 43, 65, 0, 0,
    0, 66, 67, 0, 0, 0, 65, 68,
    0, 0, 0, 69, 0, 0, 0, 70,
    0, 0, 0, 0, 71, 0, 0, 0,
    0, 72, 0, 0, 0, 73, 22, 22,
    22, 22, 22, 22, 26, 24, 26, 26,
    26, 26, 29, 29, 29, 29, 25, 0,
    25, 25, 25, 25, 25, 0, 25, 30,
    30, 30, 30, 41, 74, 75, 47, 47,
    47, 47, 47, 47, 50, 49, 50, 50,
    50, 50, 0, 0, 76, 77, 78, 53,
    48, 48, 48, 48, 48, 0, 48, 61,
    61, 61, 61, 62, 48, 62, 22, 47,
    22, 47, 79, 80, 24, 49, 24, 49,
    24, 49, 25, 81, 25, 82, 26, 50,
    26, 50, 83, 50, 26, 50, 28, 52,
    28, 52, 28, 52, 84, 53, 29, 0,
    85, 86, 29, 0, 30, 54, 31, 55,
    0, 0, 32, 87, 32, 88, 32, 56,
    0, 53, 0, 53, 0, 53, 25, 48,
    26, 50, 35, 58, 35, 58, 36, 59,
    36, 59, 36, 59, 37, 89, 37, 90,
    30, 61, 30, 61, 30, 61, 30, 52,
    39, 62, 41, 62, 41, 42, 64, 42,
    64, 42, 64, 0
};

/*Map glyph_ids to kern right classes*/
static const uint8_t kern_right_class_mapping[] =
{
    0, 1, 2, 3, 4, 0, 5, 6,
    3, 0, 7, 8, 9, 10, 11, 12,
    13, 14, 15, 16, 17, 18, 19, 20,
    21, 22, 23, 24, 25, 0, 0, 0,
    26, 27, 28, 0, 29, 0, 0, 0,
    29, 0, 30, 31, 0, 0, 0, 0,
    29, 0, 29, 0, 32, 33, 34, 35,
    36, 37, 38, 39, 40, 41, 42, 0,
    43, 0, 44, 45, 46, 46, 46, 47,
    48, 45, 49, 50, 45, 45, 51, 51,
    46, 52, 46, 51, 53, 54, 55, 56,
    56, 57, 56, 58, 0, 40, 42, 0,
    0, 59, 60, 0, 0, 61, 40, 59,
    0, 0, 0, 62, 0, 0, 0, 63,
    0, 0, 0, 0, 64, 65, 0, 0,
    0, 66, 0, 0, 0, 67, 28, 28,
    28, 28, 28, 28, 68, 29, 0, 0,
    0, 0, 30, 30, 30, 30, 0, 0,
    29, 29, 29, 29, 29, 0, 29, 34,
    34, 34, 34, 38, 0, 0, 44, 44,
    69, 70, 71, 44, 44, 46, 46, 46,
    46, 72, 73, 49, 74, 75, 46, 51,
    46, 46, 76, 77, 78, 0, 46, 55,
    55, 55, 55, 56, 79, 56, 28, 80,
    28, 81, 28, 44, 29, 46, 29, 46,
    29, 46, 0, 46, 0, 46, 0, 46,
    0, 46, 0, 46, 0, 46, 29, 48,
    29, 48, 29, 48, 0, 82, 30, 83,
    30, 84, 30, 49, 30, 49, 0, 45,
    0, 0, 0, 45, 0, 45, 0, 45,
    0, 51, 0, 51, 0, 51, 29, 46,
    29, 46, 0, 51, 0, 51, 32, 53,
    32, 53, 32, 53, 33, 54, 33, 54,
    34, 55, 34, 55, 34, 55, 34, 55,
    36, 56, 38, 56, 38, 39, 58, 39,
    58, 39, 58, 0
};

/*Kern values between classes*/
static const int8_t kern_class_values[] =
{
    0, 0, 0, 0, 0, 0, 0, 0,
    0, 0, 0, 0, 0, 0, 0, 0,
    0, 0, 0, 0, 0, 0, 0, 0,
    0, 0, 0, -3, 0, 0, 0, 0,
    -5, 0, -5, -5, 0, -8, 0, 0,
    0, 0, 0, 0, 0, 0, 0, 0,
    0, 0, 0, 0, 0, 0, 0, -3,
    0, 0, 0, 0, 0, 0, 0, 0,
    0, 0, 0, 0, 0, 0, 0, 0,
    0, 0, 0, 0, 0, 0, 0, 0,
    0, 0, 0, 0, 0, 0, 0, 0,
    0, 0, 0, 0, 0, 0, 0, 0,
    0, 0, 4, 0, 0, -13, 0, 0,
    9, -5, 0, 0, 0, 0, 0, 0,
    0, 0, 0, 0, 0, 0, 0, 0,
    0, 0, 0, 0, 0, 0, 0, 0,
    0, 0, 0, 0, 0, 0, 0, 0,
    0, 0, 0, 0, 0, 0, 0, -8,
    0, 0, 0, 0, 0, 0, 0, 0,
    0, 0, 0, 0, 0, 0, 0, 0,
    0, 0, 0, 0, 0, 0, 0, 0,
    0, 0, 0, 0, 0, 0, 0, 0,
    0, 0, 0, 0, 0, 0, 0, 0,
    0, 0, 0, 0, 0, 0, 0, 0,
    0, 0, 0, 0, 0, 0, 0, -8,
    -15, -6, -13, -7, 0, -18, 0, 0,
    0, 0, 0, 0, 0, 0, 0, 0,
    0, 0, 0, 0, 0, 0, 0, -6,
    0, 0, 0, 0, 0, 0, 0, 0,
    0, 0, 0, 0, 0, 0, 0, 0,
    0, 0, 0, 0, 0, 0, 0, 0,
    0, 0, 0, 0, 0, 0, 0, 0,
    0, 0, 0, 0, 0, 0, 0, 0,
    0, -5, 0, 0, 0, 0, 0, 0,
    0, 0, 0, 0, 0, 0, 0, 0,
    0, 0, 0, 0, 0, 0, 0, 0,
    0, 0, 0, 0, 0, 0, 0, 0,
    0, 0, 0, 0, 0, 0, 0, 0,
    0, 0, 0, 0, 0, 0, 0, -10,
    0, 0, 0, 0, 0, 0, 0, 0,
    0, 0, 0, 0, 0, 0, 0, 0,
    0, 0, 0, 0, 0, 0, 0, 0,
    0, 0, 0, 0, 0, 0, 0, 0,
    0, -18, 0, -18, 0, 0, 0, 0,
    0, 0, 0, 0, 0, 0, 0, 0,
    0, 0, 0, 0, 0, 0, 0, 0,
    0, 0, 0, 0, 0, 0, 0, 0,
    0, 0, 0, 0, 0, 0, 0, 0,
    0, 0, 0, 0, 0, 0, 0, 0,
    0, 0, 0, -5, 0, 0, 0, 0,
    0, 0, 0, 0, 0, 0, 0, 0,
    0, 0, 0, 0, 0, 0, 0, 0,
    0, 0, 0, 0, 0, 0, 0, 0,
    0, 0, 0, 0, 0, 0, 0, 0,
    0, 0, -8, 0, 0, 6, 0, 0,
    0, 0, 0, 0, 0, 0, 0, 0,
    0, 0, 0, 0, 0, 0, 0, 0,
    0, 0, 0, 0, 0, 0, 0, 0,
    0, 0, 0, 0, 0, 0, 0, 0,
    0, 0, 0, 0, 0, 0, 0, 0,
    0, 0, 0, 0, 0, 0, 0, 0,
    0, 0, 0, 0, 0, 0, 0, 0,
    0, 0, 0, 0, 0, 0, 0, 0,
    0, 0, 0, 0, 0, 0, 0, -18,
    0, 0, 0, 0, 0, 0, -8, 0,
    0, 0, 0, 0, 0, 0, 0, 0,
    0, 0, 0, 0, 0, 0, 0, 0,
    0, 0, 0, 0, 0, 0, 0, 0,
    0, 0, 0, 0, 0, 0, 0, 0,
    0, 0, 0, 0, 0, 0, 0, 0,
    0, 0, 0, -3, 0, 0, 0, 0,
    0, 0, 0, 0, 0, 0, 0, 0,
    0, 0, 0, 0, 0, 0, 0, 0,
    0, 0, 0, 0, 0, 0, 0, 0,
    0, 0, 0, 0, 0, 0, 0, 0,
    0, 5, 0, 0, 0, 12, 3, 0,
    0, 0, 0, 0, 0, 0, 0, 0,
    0, 0, 0, 0, 0, 0, 0, 0,
    0, 0, 0, 0, 0, 0, 0, 0,
    0, 0, 0, 0, 0, 0, 0, 0,
    0, 0, 0, 0, 0, 0, 0, 3,
    0, 0, 0, 0, 0, 0, 0, 0,
    0, 0, 0, 0, 0, 0, 0, 0,
    0, 0, 0, 0, 0, 0, 0, 0,
    0, 0, 0, 0, 0, 0, 0, 0,
    0, 0, 0, 0, -29, 0, 0, 0,
    0, -13, 0, 0, 13, 0, 0, 0,
    0, 0, 0, 0, 0, 0, 0, 0,
    0, 0, 0, 0, 0, 0, 0, 0,
    0, 0, 0, 0, 0, 0, 0, 0,
    0, 0, 0, 0, 0, 0, 0, 0,
    0, 0, 0, -16, 0, 0, 0, 0,
    0, 0, 0, 0, 0, 0, 0, 0,
    0, 0, 0, 0, 0, 0, 0, 0,
    0, 0, 0, 0, 0, 0, 0, 0,
    0, 0, -5, 0, 0, 0, 5, 0,
    0, 0, 0, 0, 0, 0, 0, 0,
    0, 0, 0, 0, 0, 0, 0, 0,
    0, 0, 0, 0, 0, 0, 0, 0,
    0, 0, 0, 0, 0, 0, 0, 0,
    0, 0, 0, 0, 0, 0, 0, 0,
    0, 0, 0, 0, 0, 0, 0, 0,
    0, 0, 0, 0, 0, 0, 0, 0,
    0, 0, 0, 0, 0, 0, 0, 0,
    0, 0, 0, 0, 0, 0, 0, 0,
    0, 0, 0, 0, 0, 0, 0, 0,
    0, 0, 0, 0, 0, 0, 0, 0,
    -2, -5, 0, 0, 0, -3, 0, 0,
    0, 0, 0, 0, 0, 0, 0, 0,
    0, 0, 0, 0, 0, 0, 0, 0,
    0, 0, 0, 0, 0, 0, 0, 0,
    0, 0, 0, 0, 0, 0, 0, 0,
    0, 0, 0, 0, 0, 0, 0, 0,
    0, 0, 0, 0, 0, 0, 0, 0,
    0, 0, 0, 0, 0, 0, 0, 0,
    0, 0, 0, 0, 0, 0, 0, 0,
    0, 0, 0, 0, 0, 0, 0, 0,
    -8, 0, 0, 0, 0, 0, 0, 0,
    0, 0, 0, 0, 0, 0, 0, 0,
    0, 0, 0, 0, 0, 0, 0, 0,
    0, 0, 0, 0, 0, 0, 0, 0,
    0, 0, 0, 0, 0, 0, 0, 0,
    0, 0, 0, 0, 0, 0, 0, 0,
    0, 0, 0, 0, 0, 0, 0, 0,
    0, 0, 0, 0, 0, 0, 0, 0,
    0, 0, 0, 0, 0, 0, 0, 0,
    0, 0, -9, 0, 0, 0, 0, 0,
    5, 0, 5, 0, 0, 0, -1, -3,
    0, 3, 0, 0, 0, 0, -7, 0,
    0, 0, 0, 0, 0, 0, 0, 0,
    0, 0, 0, 0, 0, 0, 0, 0,
    0, 0, 0, 0, 0, 0, 0, 0,
    0, 0, 0, 0, 0, 0, 0, 0,
    0, 0, 0, 0, 0, 0, 0, 0,
    0, 0, 0, 0, 0, 0, 0, 0,
    0, 0, 0, 0, 0, 0, 0, 0,
    0, 0, 0, 0, 0, 0, 0, 0,
    0, 0, 0, 0, 0, 0, 0, 0,
    -7, 0, -5, 0, -5, 0, -2, -2,
    0, 0, -2, 0, 0, 0, 0, 0,
    0, 0, 0, 0, 0, 0, 0, 0,
    0, 0, 0, 0, 0, 0, 0, 0,
    0, 0, 0, 0, 0, 0, 0, 0,
    0, 0, 0, 0, 0, 0, 0, 0,
    0, 0, 0, 0, 0, 0, 0, 0,
    0, 0, 0, 0, 0, 0, 0, 0,
    0, 0, 0, 0, 0, 0, 0, 0,
    0, 0, 0, 0, 0, 0, 0, 0,
    0, 0, 0, 0, -8, 0, -6, 0,
    0, 0, 0, 0, -1, 0, 0, 0,
    0, 0, 0, 0, 0, 0, 0, 0,
    0, 0, 0, 0, 0, 0, 0, 0,
    0, 0, 0, 0, 0, 0, 0, 0,
    0, 0, 0, 0, 0, 0, 0, 0,
    0, 0, 0, 0, 0, 0, 0, 0,
    0, 0, 0, 0, 0, 0, 0, 0,
    0, 0, 0, 0, 0, 0, 0, 0,
    0, 0, 0, 0, 0, 0, 9, 0,
    8, 0, 0, 0, 0, -8, 0, -8,
    -13, 0, 5, 0, 3, -12, 0, 0,
    8, -5, 0, 0, 0, 0, 0, 0,
    0, 0, 0, 0, 0, 0, 0, 0,
    0, 0, 0, 0, 0, 3, 0, 0,
    0, 0, 0, 0, 0, 0, 0, 0,
    0, 0, 0, 0, 0, 0, 0, 0,
    0, 0, 12, 0, 0, 0, 0, 0,
    0, 0, 0, 0, 0, 0, 0, 0,
    0, 0, 0, 0, 0, 0, 0, 0,
    0, 0, -5, 0, -3, 0, 0, 0,
    0, 0, 0, 0, -3, 0, -5, -3,
    0, 0, 0, 0, -3, 0, -6, 0,
    0, 0, 0, 0, 0, 0, 0, 0,
    0, 0, 0, 0, 0, 0, 0, 0,
    0, 0, 0, 0, 0, 0, 0, 0,
    0, 0, 0, 0, 0, 0, 0, 0,
    0, 0, 0, 0, 0, 0, 0, 0,
    0, 0, 0, 0, 0, 0, 0, 0,
    0, 0, 0, 0, 0, 0, 0, 0,
    0, 0, 0, 0, 0, 0, 0, 0,
    0, 0, 0, 0, 0, 0, 0, 0,
    -13, 0, 0, -5, 0, -2, 0, 0,
    0, 0, 0, 0, 0, 0, 0, 0,
    0, 0, 0, 0, 0, 0, 0, 0,
    0, 0, 0, 0, 0, 0, 0, 0,
    0, 0, 0, 0, 0, 0, 0, 0,
    0, 0, 0, 0, 0, 0, 0, 0,
    0, 0, 0, 0, 0, 0, 0, 0,
    0, 0, 0, 0, 0, 0, 0, 0,
    0, 0, 0, 0, 0, 0, 0, 0,
    0, 0, 0, 0, 0, 0, 0, 0,
    0, 0, 0, 0, 0, 0, 0, 0,
    0, 0, 0, 0, 0, 0, 0, 0,
    0, 0, 0, 0, 0, 0, 0, 0,
    0, 0, 0, 0, 0, 0, 0, 0,
    0, 0, 0, 0, 0, 0, 0, 0,
    0, 0, 0, 0, 0, 0, 0, 0,
    0, 0, 0, -1, 0, 0, 0, 0,
    0, 0, 0, 0, 0, 0, 0, 0,
    0, 0, 0, 0, 0, 0, 0, 0,
    0, 0, 0, 0, 0, 0, 0, 0,
    0, 0, 0, 0, 0, 0, 0, 0,
    0, 0, 0, 0, 0, 0, 0, 0,
    0, 0, 0, 0, 0, 0, 0, -14,
    0, 0, 0, 0, 0, 0, 0, 0,
    0, 0, 0, 0, 0, 0, 0, 0,
    0, 0, 0, 0, 0, 0, 0, 0,
    0, 0, 0, 0, 0, 0, 0, 0,
    0, 0, 0, 0, 0, 0, 0, 0,
    0, 0, 0, 0, 0, 0, 0, 0,
    0, 0, 0, 0, 0, 0, 0, 0,
    0, 0, 0, 0, 0, 0, 0, 0,
    0, 0, 0, 0, 0, 0, 0, 0,
    0, 0, 0, 0, 0, 0, 0, 0,
    0, 0, 0, 0, 0, 0, 0, 0,
    -10, 0, 0, 0, 0, -7, 0, 0,
    0, 0, 0, 0, 0, 0, 0, 0,
    0, 0, 0, 0, 0, -5, 0, 0,
    0, 0, 0, 0, 0, 0, 0, 0,
    0, 0, 0, 0, 0, 0, 0, 0,
    0, 0, 0, 0, 0, 0, 0, 0,
    0, 0, 0, 0, -3, -3, -14, 0,
    0, 0, -5, -18, 0, 3, -3, 3,
    3, 0, 0, 0, 0, 0, 0, 0,
    0, 0, 0, 0, 0, -14, 0, 6,
    -6, 0, 0, -4, -15, -8, -11, -8,
    5, -15, 0, 0, -16, 0, 0, 0,
    0, -4, -3, 0, 0, 0, 0, 0,
    0, -6, -3, -8, 0, 0, 0, -4,
    0, 0, 0, 0, 0, 0, 0, 0,
    0, 0, 0, -4, 0, 0, 0, -4,
    -4, -4, 0, 0, 0, 0, 0, 0,
    0, 0, 0, 0, 0, 0, 0, -5,
    0, 0, 0, 0, -5, 0, 0, 0,
    0, 0, 0, 0, 0, 0, 0, 0,
    0, 0, 0, 0, 0, 0, 0, 0,
    0, 0, -3, -3, -5, -5, 0, 0,
    0, 0, 0, 0, 0, 2, 0, 0,
    0, 0, 0, 0, 0, 0, 0, 0,
    0, 0, 0, 2, 0, 0, 0, 0,
    0, 0, 0, 0, 0, 0, 0, 2,
    0, 0, 0, 2, 2, 2, 0, 0,
    0, 0, 0, 0, 0, 0, 0, 0,
    0, 0, 0, 0, 0, 0, 0, 0,
    0, 0, 0, 0, 0, 0, 0, 0,
    0, 0, 0, 0, 0, 0, 0, -3,
    -5, 0, 0, 0, 4, 0, 0, 3,
    -3, 0, 3, 0, 0, 0, 0, 0,
    0, 0, 0, 0, 0, 0, 0, 0,
    0, 0, 0, 0, 0, 0, 0, 0,
    0, 0, 0, 0, 0, 0, 0, 0,
    0, 0, 0, 0, 0, 0, 0, 0,
    0, 0, 0, 0, 0, 0, 0, 0,
    0, 0, 0, 0, 0, 0, -5, 0,
    0, -8, 3, -8, -10, 0, 0, 0,
    0, 0, 0, 0, 0, 0, 0, 0,
    0, -11, 0, -6, 0, -7, 0, 0,
    -5, 0, -5, -3, -9, -9, -7, 0,
    -10, 0, 0, 0, 0, 0, 0, 0,
    0, 0, 0, 0, 0, 0, 0, 0,
    0, -2, 0, 0, 0, 0, 0, 0,
    0, 0, 0, -9, 0, 0, 0, 0,
    0, 0, 0, 0, 0, 0, 0, 0,
    0, 0, 0, 0, 0, 0, 0, 0,
    0, 0, 0, 0, 0, 0, 0, 0,
    0, 0, 0, 0, 0, 0, 0, 0,
    0, 0, 0, 0, 0, 0, 0, 0,
    -6, 0, 0, -2, 3, 0, 0, 0,
    0, 0, 0, 0, 0, 0, 0, 0,
    0, -3, 0, 0, 0, 0, 0, 0,
    0, 0, 0, -3, 0, 0, 0, -3,
    0, 0, 0, 0, 0, 0, 0, 0,
    0, 0, 0, -3, 0, 0, 0, -3,
    -3, -3, 0, 0, 0, 0, 0, 0,
    0, 0, 0, 0, 0, 0, 0, 0,
    0, -15, 0, -15, -17, 0, 0, 0,
    0, 0, 0, 0, 0, 0, 0, 0,
    0, 0, 0, -13, -1, 0, -13, 0,
    0, 0, 0, 0, 0, 0, 0, 0,
    0, 0, 0, -3, 0, 0, 0, 0,
    0, 0, 0, 0, 0, 0, 0, 0,
    0, 0, 0, 0, 0, 0, 0, 0,
    0, 0, 0, -20, -3, -3, -3, 0,
    3, 7, 7, 0, 0, 0, 0, -3,
    -3, 0, 7, 0, 0, 0, 0, 0,
    0, 0, 0, -5, 0, 0, 0, 0,
    0, 0, 0, 0, 0, 0, 0, 0,
    0, 0, 0, 0, 0, -10, 0, 0,
    0, 0, 0, 0, -6, 0, -5, -3,
    -1, -10, 0, 0, 0, 0, 0, 0,
    0, 0, 0, 0, 0, 0, 0, 0,
    0, 0, 0, 0, 0, 0, 0, 0,
    0, 0, 0, 0, 0, 0, 0, 0,
    0, 0, 0, 0, 0, 0, 0, 0,
    0, 0, 0, 0, 0, 0, 0, 0,
    0, 0, 0, 0, 0, 0, 0, 0,
    0, 0, 0, 0, 0, 0, 0, 0,
    0, 0, 0, 0, 0, 0, 0, 0,
    0, 0, 0, 0, -7, 0, 0, 0,
    0, 0, 0, 0, 0, 0, 0, 0,
    0, 0, 0, -2, 0, -7, 0, -6,
    0, 0, 0, 0, 0, 0, 0, -5,
    0, 0, 0, -7, 0, 0, 0, 0,
    0, 0, 0, 0, -2, -2, -2, -7,
    0, 0, 0, -7, -7, -7, 0, -2,
    -2, 0, 0, 0, 0, 0, 0, 0,
    0, 0, 0, 0, 0, -10, 0, -10,
    -8, 0, 0, 0, 0, 0, 0, 0,
    0, 0, 0, 0, 0, 0, 0, -8,
    0, 0, 0, 0, 0, 0, 0, 0,
    0, 0, 0, 0, 0, 0, 0, 0,
    0, 0, 0, -2, 0, 0, 0, 0,
    0, 0, 0, 0, 0, 0, 0, 0,
    0, 0, 0, 0, 0, 0, 0, -8,
    0, 0, 0, 0, 0, 0, 0, 0,
    0, 0, 0, 0, 0, 0, 0, 0,
    -5, 0, 0, 0, 0, 0, 0, 0,
    0, 0, 0, 0, 0, 0, 0, 0,
    0, 0, 0, 0, 0, 0, 0, 0,
    0, -8, 0, 5, -11, 0, 0, 0,
    0, -7, -2, -3, 4, 1, 0, 0,
    0, 0, 0, 0, 0, -9, 0, -8,
    -6, 0, 0, 0, 0, 0, -7, -11,
    0, 0, 0, -9, 0, -11, 0, 0,
    0, -5, 0, 0, 0, 0, 0, -9,
    -6, -6, -6, -9, -9, -9, 0, 0,
    0, 0, -6, -6, 0, 0, -21, 0,
    0, 0, 0, -18, 0, 0, 0, 0,
    0, 0, 0, 0, 0, 0, 0, 0,
    0, 0, 0, 0, 0, -17, 0, 2,
    -8, 0, 0, -3, -20, -5, -18, -13,
    0, -21, 0, 0, 0, 0, 0, 0,
    0, -1, 0, 0, -2, 0, 0, 0,
    0, 0, 0, 0, 0, 0, 0, -1,
    0, -10, 0, 0, 0, 0, 0, 0,
    0, 0, 0, -1, -2, -2, -2, -1,
    -1, -1, 0, 0, 0, 0, -2, -2,
    -8, 0, 0, 0, 0, 0, 0, 0,
    0, -15, 0, -15, -16, 0, 0, 0,
    0, 0, 0, 0, 0, 0, 0, 0,
    0, 0, 0, -13, 0, 0, -25, 0,
    3, 0, 2, 0, -6, -3, 0, 0,
    0, 0, 0, -1, 0, -2, 0, 0,
    5, 0, 0, 0, 0, 0, 0, 5,
    0, 0, 0, -2, 0, -5, 0, 0,
    0, 0, 0, -26, -1, -1, -1, -2,
    5, 5, 5, -2, -2, -2, 0, -1,
    -1, 0, 5, 5, 0, 0, 0, 0,
    0, 0, -5, 0, 0, 5, 3, 5,
    3, 0, 0, 0, 0, 0, 0, 0,
    0, 0, 0, 0, 0, -11, 0, 9,
    0, -7, 0, 0, -5, 0, -5, -3,
    7, -9, 1, 0, -10, 0, 0, 0,
    0, 0, 0, 0, 0, 4, 0, 0,
    0, 0, 0, 0, 0, -2, 0, 0,
    0, 0, 0, 0, 0, 0, 0, 11,
    0, 0, 0, 0, 0, 0, 0, 0,
    0, 0, 0, 0, 0, 0, 0, 0,
    0, 0, 0, 0, 0, 0, 0, 0,
    0, -1, -7, -1, 0, 0, 0, 0,
    0, 0, 0, 0, 0, 0, 0, -1,
    -1, 0, 0, 2, -3, 0, -4, 0,
    -2, -3, 0, 0, 2, -5, 0, 0,
    0, 0, 0, -1, 0, -3, 0, 0,
    0, 0, 0, 0, 0, 0, 0, 0,
    0, 0, 0, -3, 0, 0, 0, 0,
    0, 0, 0, -3, -1, -1, -1, -3,
    0, 0, 0, -3, -3, -3, 0, -1,
    -1, 0, 0, 0, 0, 0, -1, 0,
    0, 0, 0, 0, 0, 0, 6, 0,
    -5, 0, 0, 0, 0, 0, 0, 0,
    0, 0, 0, 0, 0, -4, 0, -3,
    0, 0, 1, 0, -3, 0, -3, -1,
    0, -6, 0, 0, 0, 0, 0, 0,
    0, 0, 0, 0, 0, 0, 0, -2,
    0, -5, 0, -5, 0, 0, 0, 0,
    0, 0, 0, 0, 0, 0, 0, -8,
    0, 0, 0, 0, 0, 0, 0, 0,
    0, 0, -2, 0, 0, 0, 0, 0,
    -5, 0, 8, 0, 0, -9, 0, 5,
    0, -19, -10, -19, -26, 0, 0, 0,
    0, 0, 0, 0, 0, 0, 0, -8,
    -8, 5, -10, -15, -7, 0, -24, -3,
    5, 0, 5, 5, 2, 7, 0, 0,
    8, 0, 0, -17, 0, -20, 0, -18,
    0, 0, -9, -10, -11, 0, -10, -6,
    -12, -10, 0, -20, 0, -21, 0, 0,
    0, -6, 0, -23, -8, -7, -8, -20,
    10, 14, 14, -12, -11, -12, -10, -9,
    -11, 8, 10, 0, -5, 0, 5, 0,
    0, -7, 0, 0, 0, -9, -8, -9,
    -14, 0, 0, 0, 0, 0, 0, 0,
    0, 0, 0, -5, -5, 0, -3, -11,
    -5, 0, -15, -1, 5, 0, 5, 0,
    1, 7, 0, 0, 0, 0, 0, -8,
    0, -9, 0, -6, 3, 0, -8, -7,
    -7, 0, -5, -3, -4, 0, 0, -9,
    0, -12, 0, 0, 0, -7, 0, -19,
    -3, -5, -6, -9, 3, 7, 10, -9,
    -9, -9, -7, -8, -8, 2, 5, 3,
    -5, 0, 5, 0, 0, -3, 0, 0,
    0, -8, -3, -8, -8, 0, 0, 0,
    0, 0, 0, 0, 0, 0, 0, -4,
    -4, 0, 0, -8, -3, 0, -13, -1,
    5, 0, 0, 2, 0, 6, 0, 0,
    0, 0, 0, -1, 0, -7, 0, -6,
    0, 0, 0, 0, 0, 0, -3, 0,
    0, 0, 0, -7, 0, -8, 0, 0,
    0, 0, 0, -17, -1, -1, -1, -7,
    6, 8, 9, -7, -7, -7, 0, -1,
    -1, 2, 8, 0, 0, 0, 0, 0,
    0, 0, 0, 0, 0, 3, -5, 3,
    0, 0, 0, 0, 0, 0, 0, 0,
    0, 0, 0, 0, 0, -3, 0, 5,
    -9, 0, 0, 0, 2, 0, 1, 0,
    0, 4, 0, 0, 0, 0, 0, -3,
    0, -9, 0, 0, 0, 0, 0, 0,
    0, 0, 0, -4, 0, 0, 0, -9,
    0, -9, 0, 0, 0, 0, 0, 0,
    -3, -3, -3, -9, 0, 0, 0, -9,
    -9, -9, 0, -3, -3, 0, 0, 0,
    -8, 0, 0, 0, 0, -13, 0, 0,
    0, -17, -4, -17, -23, 0, 0, 0,
    0, 0, 0, 0, 0, 0, 0, -8,
    -8, -3, -7, -15, -9, 0, -25, -5,
    7, 0, 7, 6, 4, 10, 0, 0,
    5, 0, 0, -15, 0, -17, 0, -17,
    0, 0, -11, -13, -12, 0, -10, -7,
    -7, -8, 0, -17, 0, -20, 0, 0,
    0, -13, 0, -34, -15, -8, -10, -14,
    6, 6, 9, -17, -17, -15, -13, -15,
    -15, 2, 9, 0, 0, 0, 0, 0,
    0, 0, 0, 0, 0, 0, 0, 0,
    0, 0, 0, 0, 0, 0, 0, 0,
    0, 0, 0, 0, 0, 0, 0, 0,
    -9, 0, 0, 0, 0, 0, 0, 0,
    0, 0, 0, 0, 0, 0, 0, 0,
    0, -5, 0, 0, 0, 0, 0, 0,
    0, 0, 0, 0, 0, 0, 0, -5,
    0, -8, 0, 0, 0, 0, 0, 0,
    0, 0, 0, -5, 0, 0, 0, -5,
    -5, -5, 0, 0, 0, 0, 0, 0,
    0, 0, 0, 0, 0, 0, 0, 0,
    0, 0, 0, 0, 0, 0, 0, 0,
    0, -4, 0, 0, 8, 0, 0, 0,
    0, 0, 0, 0, 0, 0, 0, 0,
    0, 0, 0, 0, 0, 0, 0, 0,
    0, 0, 0, 0, 0, 0, 0, 0,
    0, 0, 0, 0, 0, 0, 0, 0,
    0, 0, 0, 0, 0, 0, 0, 0,
    0, 0, 0, 0, 0, 0, 0, 0,
    0, 0, 0, 0, 0, 0, 0, 0,
    0, 0, 0, 0, 0, 0, 0, 0,
    0, 0, 0, 0, 0, 0, 0, 0,
    0, 0, 0, 0, 0, 0, 0, 0,
    0, 0, 0, 0, 0, 0, 0, 0,
    -10, 0, 0, 0, -26, -8, 0, -8,
    0, -23, 0, 0, 0, 0, 0, 0,
    0, 0, 0, 0, -3, 20, 0, 0,
    0, 0, 0, -8, 0, 0, 0, 0,
    0, 0, 0, 0, 0, 0, 0, 0,
    0, 0, 0, 0, -3, -3, -3, 0,
    0, 0, 0, 0, 0, 0, -3, -3,
    0, 0, 0, 0, 0, 0, 0, 0,
    0, 0, 0, 0, 0, 0, 0, 0,
    0, 0, 0, 0, 0, 0, 0, 0,
    0, 0, 0, 0, 0, 0, 0, 0,
    0, 0, 0, 0, 0, 0, 0, 0,
    0, 0, 0, 0, 0, 0, 0, 0,
    0, 5, 0, 0, 0, 0, 0, 0,
    0, 0, 0, 0, 0, 0, 0, 0,
    0, 0, 0, 0, 0, 0, 0, 0,
    0, 0, 0, 0, 0, 0, 0, 0,
    0, 0, 0, 0, 0, 0, 0, 0,
    0, 0, 0, 0, 0, 0, 0, 0,
    0, 0, 0, 0, 0, 0, 0, 0,
    0, 0, 0, 0, 0, 0, 0, 0,
    0, 0, 0, 0, 0, 0, 0, 0,
    0, 0, 0, 0, 0, 0, 0, 0,
    0, 0, 0, 0, 0, 8, 0, 0,
    0, 0, 0, 0, 0, 0, 0, 0,
    0, 0, 0, 0, 0, 0, 0, 0,
    0, 0, 0, 0, 0, 0, 0, 0,
    0, 0, 0, 0, 0, 0, 0, 0,
    0, 0, -10, 0, 0, 0, -5, 0,
    0, 0, -3, 0, 0, 0, 0, 0,
    0, 0, 0, 0, 0, 0, 0, 0,
    0, -12, 0, 0, 0, 0, 0, 0,
    -13, 0, 0, 0, 0, -6, 0, 0,
    -12, 0, 0, 0, 0, -2, -2, 0,
    -2, 0, 0, 0, -2, -2, -2, -3,
    0, 0, 0, -2, 0, 0, 0, 0,
    0, 0, 0, 0, 0, 0, 0, -2,
    -2, -2, -2, -2, -2, -2, 0, 0,
    0, 0, -2, -2, 0, 0, -2, 0,
    0, 0, -5, 0, 0, -3, 3, -3,
    -3, 0, 0, 0, 0, 0, 0, 0,
    0, 0, 0, -1, -1, -10, 0, -4,
    0, 0, 0, 0, -20, 0, -9, -7,
    -9, -17, 0, 0, -16, 0, 0, 0,
    0, 1, -2, 0, -2, 0, 0, 0,
    -2, -2, 0, -3, -6, -5, 0, 1,
    0, -5, 0, 0, 0, -5, 0, 0,
    0, 0, 0, 1, -2, -2, -2, 1,
    1, 1, 0, 0, 0, 0, -2, -2,
    0, 0, 1, 0, 0, 0, -5, 0,
    0, 0, 0, 0, 0, 0, 0, 0,
    0, 0, 0, 0, 0, 0, 0, 0,
    0, -5, 0, 0, 0, 0, 0, 0,
    -16, 0, 0, 0, 0, 0, 0, 0,
    -6, 0, 0, 0, 5, -3, 5, 0,
    2, 0, 0, 0, 0, 5, 0, 0,
    0, 0, 0, -3, 0, 0, 0, 0,
    0, 0, 0, 0, 0, 0, 0, -3,
    2, 2, 2, -3, -3, -3, 0, 0,
    0, 5, 2, 2, 0, 0, -8, 0,
    0, 0, 0, 0, 0, -1, 0, -1,
    -5, 0, 0, 0, 0, 0, 0, 0,
    0, 0, 0, 0, 0, -11, 3, 0,
    0, 0, 0, 0, -20, 0, -9, -7,
    0, -17, 0, 0, -14, 0, 0, 0,
    0, 0, -1, 1, 0, 0, 0, 0,
    0, -1, 0, -2, 0, -3, 0, 0,
    0, 0, 0, 0, 0, 0, 0, 0,
    0, 0, 0, 0, 0, 0, 0, 0,
    0, 0, 0, 0, 0, 0, 0, 0,
    0, 0, 8, 0, 0, 0, 0, 9,
    0, -10, -8, -10, -8, 0, 0, 0,
    0, 0, 0, 0, 0, 0, 0, 0,
    0, 3, -5, 0, 0, 0, 0, 0,
    0, 0, 0, 0, 0, 0, 0, 0,
    0, 0, 0, -4, 0, -7, 2, -5,
    3, 0, 0, 0, -4, 2, 0, 2,
    -1, 0, 0, -7, 0, 0, 0, 0,
    0, 0, 0, 0, -4, -4, -4, -7,
    3, 8, 9, -7, -7, -7, 0, -4,
    -4, 3, 9, 3, 0, 0, 0, 0,
    0, 0, 0, 0, 0, 0, 0, 0,
    0, 0, 0, 0, 0, 0, 0, 0,
    0, 0, 0, 0, 0, 0, 0, 0,
    0, 0, 0, 0, -9, 0, 0, 0,
    0, 0, 0, 0, -8, 0, 0, 0,
    0, 0, 0, 0, 0, 7, 0, 0,
    0, 0, 0, 0, 0, 0, 0, 0,
    0, 0, 0, 0, 0, 0, 0, 0,
    0, 0, 0, 0, 0, 0, 0, 0,
    0, 0, 0, 0, 0, 0, 0, 0,
    0, 0, 0, 0, 0, 0, 0, 0,
    0, 0, 0, 0, 0, 0, 0, 0,
    0, 0, 0, 0, 0, 0, 0, 0,
    0, -8, 0, 0, 0, 0, 0, 0,
    -13, 0, 0, 0, 0, 0, 0, 0,
    -11, 0, 0, 0, 0, 0, -1, 0,
    -1, 0, 0, 0, 0, -3, 0, -4,
    0, 0, 0, 0, 0, 0, 0, 0,
    0, 0, 0, 0, 0, 0, 0, 0,
    -1, -1, -1, 0, 0, 0, 0, 0,
    0, 0, -1, -1, 0, 0, 0, 0,
    0, 0, 0, 0, 0, 0, 0, 0,
    0, 0, 0, 0, 0, 0, 0, 0,
    0, 0, 0, 0, 0, 0, 0, 0,
    0, 0, 0, 0, 0, 0, 0, 0,
    0, 0, 0, 0, 0, 0, 0, 0,
    0, 0, 0, 0, 0, 7, 0, 0,
    0, 0, 0, 0, 0, 0, 0, 0,
    0, 0, 0, 0, 0, 0, 0, 0,
    0, 0, 0, 0, 0, 0, 0, 0,
    0, 0, 0, 0, 0, 0, 0, 0,
    0, 0, 0, 0, 0, -5, 0, 0,
    0, -2, -8, -2, 0, 0, 0, 0,
    0, 0, 0, 0, 0, 0, 0, -2,
    -2, 0, -8, 0, 0, 0, 0, 0,
    -12, 0, 0, 0, 0, 0, 0, 0,
    0, 0, 0, -3, 0, -7, 0, 0,
    -3, 0, 0, 0, 0, -3, 0, 2,
    6, 0, 0, -7, 0, -5, 0, 0,
    0, 0, 0, 0, -3, -3, -3, -7,
    -3, -3, -3, -7, -7, -7, 0, -3,
    -3, 0, -3, -3, 0, 0, 0, 0,
    0, 0, 0, 0, 0, 3, 0, 3,
    0, 0, 0, 0, 0, 0, 0, 0,
    0, 0, 0, 0, 0, 0, 0, 0,
    0, 0, 0, 0, 0, 0, 0, 0,
    0, 0, 0, 0, -5, 0, 0, 3,
    -2, -2, 0, -2, -1, 0, 0, 0,
    0, -2, 0, -3, 0, 0, 0, -2,
    0, 0, 0, 0, 0, 0, 0, 0,
    3, 3, 3, -2, -1, -1, -1, -2,
    -2, -2, 0, 3, 3, -2, -1, -1,
    0, 0, 0, 0, 0, 0, 18, 0,
    0, 10, 0, 0, 20, 0, 0, 0,
    0, 0, 0, 0, 0, 0, 0, 0,
    10, 0, 0, 0, 0, 0, 0, 0,
    -9, 0, 0, 0, 0, 0, 0, 3,
    -8, 22, 24, 0, 0, 0, 0, 0,
    0, 36, 0, 3, 0, 0, 0, 8,
    0, 0, 3, 0, 0, 0, 0, 0,
    0, 0, 15, 0, 0, 0, 0, 0,
    0, 0, 0, 0, 0, 0, 3, 0,
    0, 0, 0, 16, -5, 0, 12, 0,
    0, 0, 0, 0, 0, -18, 0, -18,
    0, 0, 0, 0, 0, 0, 0, 0,
    0, 0, 0, 0, 0, 0, 0, 0,
    0, 0, 0, 0, 0, 0, 0, 0,
    0, 0, 0, 0, 0, 0, 0, -3,
    3, -4, 8, -2, 7, 0, 3, 3,
    0, 6, 3, 4, 0, 0, 0, -4,
    0, 0, 0, 0, 0, 0, 0, 0,
    -3, -3, -3, -4, 7, 7, 7, -4,
    -4, -4, 3, -3, -3, 3, 7, 7,
    0, 0, -5, 0, 0, 0, 0, 0,
    0, 0, 0, 0, 0, 0, 0, 0,
    0, 0, 0, 0, 0, 0, 0, 0,
    0, -10, 0, 0, 0, 0, 0, 0,
    -11, 0, 0, 0, 0, 0, 0, 0,
    -7, 0, 0, 0, 0, 0, 1, 0,
    0, 0, 0, 0, 0, 0, 0, -2,
    -2, 0, 0, 0, 0, 0, 0, 0,
    0, 0, 0, 0, 0, 0, 0, 0,
    0, 0, 0, 0, 0, 0, 0, 0,
    0, 0, 0, 0, 0, 0, 3, 0,
    0, 0, 0, 0, 0, 0, -3, 0,
    0, 0, 0, 0, 0, 0, 0, 0,
    0, 0, 0, 0, 0, -3, -2, 0,
    0, 0, 0, 0, 0, 0, 0, 0,
    0, 0, 0, 0, 0, 0, 0, 0,
    0, -3, 0, 0, 1, 0, 0, 0,
    0, 0, 0, 1, 0, -1, 0, -3,
    0, 0, 0, 0, 0, 0, 0, 0,
    0, 0, 0, -3, 1, 1, 1, -3,
    -3, -3, 0, 0, 0, 0, 1, 1,
    0, 0, 0, 0, 0, 0, 0, 0,
    0, 0, 0, 0, 0, 0, 0, 0,
    0, 0, 0, 0, 0, 0, 0, 0,
    0, 0, 0, 0, 0, 0, 0, 0,
    -9, 0, 0, 0, 0, 0, 0, 0,
    -8, 0, 0, 0, 0, 0, 0, 0,
    0, 0, 0, 0, 0, 0, 0, 0,
    0, 0, 0, 0, 0, 0, 0, 0,
    0, 0, 0, 0, 0, 0, 0, 0,
    0, 0, 0, 0, 0, 0, 0, 0,
    0, 0, 0, 0, -3, 0, 0, 0,
    0, 0, 0, 0, 0, -10, -3, -10,
    -8, 0, 0, 0, 0, 0, 0, 0,
    0, 0, 0, 0, 0, 0, 0, -8,
    0, 0, 0, 0, -6, 0, -3, 0,
    -4, -7, 0, 0, -5, 0, 0, -3,
    0, -3, 5, -2, 4, 0, 0, 0,
    -1, 3, 0, 6, 0, 0, 0, -3,
    0, 0, 0, 0, 0, 0, 0, 0,
    -3, -3, -3, -3, 4, 4, 4, -3,
    -3, -3, 0, -3, -3, 0, 4, 4,
    0, 0, 0, 0, 0, 0, 0, 0,
    0, 0, 0, 0, 0, 0, 0, 0,
    0, 0, 0, 0, 0, 0, 0, 0,
    0, 0, 0, 0, 0, 0, 0, 0,
    -12, 0, -4, 0, 0, -7, 0, 0,
    0, 0, 0, 0, 0, -6, 1, -3,
    0, 0, 0, 0, -1, 0, 0, 0,
    6, 0, 0, -6, 0, 0, 0, 0,
    0, 0, 0, 0, 0, 0, 0, -6,
    0, 0, 0, -6, -6, -6, 0, 0,
    0, 0, 0, 0, 0, 0, 0, 0,
    0, 0, 0, 0, 0, 0, -4, 0,
    0, 0, 0, 0, 0, 0, 0, 0,
    0, 0, 0, 0, 0, 0, 0, 0,
    0, 0, 0, 0, -10, 0, 0, 0,
    0, -8, 0, 0, 0, 0, 0, 0,
    0, -4, 3, 0, 0, 0, 0, 0,
    0, 3, 0, 3, 0, 0, 0, -4,
    0, 0, 0, 0, 0, 0, 0, 0,
    0, 0, 0, -4, 0, 0, 0, -4,
    -4, -4, 0, 0, 0, 0, 0, 0,
    0, 0, 0, 0, 0, 0, 0, 0,
    0, 0, 0, 0, 0, 0, 0, 0,
    0, 0, 0, 0, 0, 0, 0, 0,
    0, 0, 0, 0, 0, 0, 0, 0,
    0, 0, 0, 0, 0, 0, 0, 0,
    0, 0, 0, 0, 0, 0, 0, 0,
    0, 8, 0, 0, 0, 0, 0, 0,
    0, 0, 0, 0, 0, 0, 0, 0,
    0, 0, 0, 0, 0, 0, 0, 0,
    0, 0, 0, 0, 0, 0, 0, 0,
    0, 0, 0, 0, 0, 0, 0, 0,
    0, 0, 0, 0, 0, 0, 0, 0,
    0, 0, 0, 0, 0, 0, 0, 0,
    0, 0, 0, 0, 0, 0, 0, 0,
    0, 0, 0, 0, -8, 0, -8, -5,
    0, -13, 0, 0, 0, 0, 0, 0,
    0, 0, 0, 0, 0, 11, 0, 0,
    0, 0, 0, 0, 0, 0, 0, 0,
    0, 0, 0, 0, 0, 0, 0, 0,
    0, 0, 0, 0, 0, 0, 0, 0,
    0, 0, 0, 0, 0, 0, 0, 0,
    0, 0, 1, 0, 0, 0, -5, 0,
    0, 0, 0, 0, 0, 0, 0, 0,
    0, 0, 0, 0, 0, 0, 0, 0,
    0, -5, 0, 0, 0, 0, 0, 0,
    0, 0, 0, 0, 0, 0, 0, 0,
    -6, 0, 0, 0, 0, 0, 0, 0,
    0, 0, 0, 0, 0, 0, 0, 0,
    0, 0, 0, -3, 0, 0, 0, 0,
    0, 0, 0, 0, 0, 0, 0, 0,
    0, 0, 0, 0, 0, 0, 0, 0,
    0, 0, 0, 0, 0, 0, 0, 0,
    0, 0, 0, 0, 0, 0, 0, 0,
    0, 0, 0, 0, 0, 0, 0, 0,
    0, 0, 0, 0, 0, 0, 0, 0,
    0, 0, 0, 0, 0, 0, 0, 0,
    0, 0, 0, 0, 0, 0, 0, 0,
    0, 0, 0, 0, 0, 3, 0, 0,
    0, 0, 0, 0, 0, 0, 0, 0,
    0, 0, 0, 0, 0, 0, 0, 0,
    0, 0, 0, 0, 0, 0, 0, 0,
    0, 0, 0, 0, 0, 0, 0, 0,
    0, 0, 0, 0, 0, 0, 0, 0,
    0, 0, 0, 0, 0, 0, 0, 0,
    0, 0, 0, 0, 0, 0, 0, 0,
    0, 0, 0, 0, 0, 0, 0, 0,
    0, 0, 0, 0, 0, 0, 0, 0,
    0, 0, 0, 0, 0, 0, 0, 0,
    0, 0, 0, 0, 0, 0, 0, 0,
    0, 0, 0, -5, 0, 0, 0, 0,
    0, 0, 0, 0, 0, 0, 0, 0,
    0, 0, 0, 0, 0, 0, 0, 0,
    0, 0, 0, 0, 0, 0, 0, 0,
    0, 0, 0, 0, 0, 0, 0, 0,
    0, 0, 7, 0, 0, 0, 0, 0,
    13, 0, 0, 0, 0, 0, 0, 0,
    0, 0, 0, 0, 0, 0, 0, 0,
    0, 0, 0, 0, 0, 0, 0, 0,
    0, 0, 0, 0, 0, 0, 0, 0,
    0, 0, 0, 0, 0, 0, 0, 0,
    0, 0, 0, 0, 0, 0, 0, 0,
    0, 0, 0, 0, 0, 0, 0, 0,
    0, 0, 0, 0, 0, 0, 0, 0,
    0, 0, 0, 0, 0, 0, 0, 0,
    0, 0, 0, 0, 0, 0, 0, 0,
    0, 0, 0, 0, 0, 0, 0, 0,
    0, 0, 0, 0, 0, 0, 0, 0,
    0, 0, 0, 0, 0, 0, 0, 0,
    0, 0, 0, 0, 0, 0, 0, 0,
    0, 0, 0, 0, 0, 0, 0, 0,
    0, 0, 0, 0, 0, 0, 0, 0,
    0, 0, 0, 0, 0, 0, 0, 0,
    0, 0, 0, 0, 0, 0, 0, 0,
    0, 3, 0, 0, 0, 0, 0, 0,
    0, 0, 0, 0, 0, 0, 0, 0,
    0, 0, 0, 0, 0, 0, 0, 0,
    0, 0, 0, 0, 0, 0, 0, 0,
    0, 0, 0, 0, 0, 0, 0, 0,
    0, 0, 0, 0, 0, 0, 0, 0,
    0, 0, 0, 0, 0, 0, 0, 0,
    0, 0, 0, 0, 0, 0, 0, -3,
    0, 0, 0, 0, 0, 0, 0, 0,
    0, 0, 0, 0, 0, 0, 0, 0,
    0, 0, 0, 0, 0, 0, 0, 0,
    0, 0, 0, 0, 0, 0, 0, 0,
    0, 0, 0, 0, 0, 0, 0, 0,
    0, 0, 0, 0, 0, 0, 0, 0,
    0, 0, 0, 0, 0, 0, 0, 0,
    0, 0, 0, 0, 0, 0, 0, 0,
    0, 0, 0, 0, 0, 0, 0, 0,
    0, 0, 0, 0, 0, 0, 0, 0,
    0, 0, 0, -10, 0, 0, 0, 0,
    0, 0, 0, 0, 0, 0, 0, 0,
    0, 0, 0, 0, 0, 0, 0, 0,
    0, 0, 0, 0, 0, 0, 0, 0,
    0, 0, -13, 0, 0, 0, 3, 0,
    -8, 0, 0, 0, 0, 0, 0, 0,
    0, 0, 0, 0, 0, -6, 0, -4,
    0, 0, 0, 0, 0, 0, -8, 0,
    -10, 0, 0, 0, -3, 0, 0, 0,
    0, 0, 0, 0, 0, 0, 0, 0,
    0, 0, 0, 0, 0, 0, 0, 0,
    0, 0, 0, 0, 0, 0, 0, -15,
    0, 0, 0, 0, 0, 0, 0, 0,
    0, 0, 0, 0, 0, 0, 0, 0,
    0, 0, 0, 0, 0, 0, 0, 0,
    0, 0, 0, 0, 0, 0, 0, 0,
    0, 0, 0, 0, 0, 0, 0, 0,
    0, 0, 0, 0, 0, 0, 0, 0,
    0, 0, 0, 0, 0, 0, 0, 0,
    -6, 0, 0, 0, 0, 0, 0, 0,
    0, 0, 0, 0, 0, 0, 0, -2,
    0, 0, 0, 0, 0, 0, 0, 0,
    0, 0, 0, 0, 0, 0, 0, 0,
    0, 0, 0, 0, 0, 0, 0, 0,
    0, 0, 0, 0, 0, 0, 7, 0,
    0, 0, 0, 0, 0, 0, 0, 0,
    0, 0, 0, 0, 0, 0, 0, 0,
    0, 0, 0, 0, 0, 8, 0, 0,
    0, 0, 0, 0, 0, 0, 0, 0,
    0, 0, 0, 0, 0, 3, 0, 0,
    3, 0, 0, 0, 0, 0, 0, 0,
    0, 0, 0, 0, 0, 0, 0, 0,
    0, 0, 6, 2, 0, 0, 0, 0,
    0, 0, 0, 0, 0, 0, 0, 0,
    0, 0, 2, 0, 0, 3, 0, 0,
    0, 0, 0, 0, 0, 0, 0, 0,
    0, 0, 0, 0, 0, 0, 0, 0,
    0, 0, 0, 0, 0, 0, 0, 0,
    0, 0, 0, 0, 0, 0, 0, 0,
    0, 0, 0, 0, 0, 0, 0, 0,
    0, 2, 0, 0, 4, 0, 0, 0,
    0, 0, 0, 0, 0, 0, 0, 0,
    0, 0, 0, 0, 8, 0, 0, 0,
    0, 0, 0, 0, 0, 0, 0, 0,
    0, 0, 0, 0, 0, 0, 0, 0,
    0, 4, 0, 0, 0, 0, 0, 0,
    0, 0, 0, 0, 0, -6, 0, -6,
    0, 0, 0, 0, 0, 0, 0, 0,
    0, 0, 0, 0, 0, 0, 0, 0,
    0, 0, 0, 0, 0, 0, 0, 0,
    0, 0, 0, 0, 0, 0, 0, 0,
    0, 0, 0, 0, 0, 0, 0, 0,
    0, 0, 0, 0, 0, 0, 0, 0,
    0, 0, 0, 0, 0, 0, 0, 0,
    0, 0, 0, 0, 0, 0, 0, 0,
    0, 0, 0, 0, 0, 0, 0, 0,
    -3, -3, -14, 0, 0, 0, -5, -18,
    0, 3, -3, 3, 3, 0, 0, 0,
    0, 0, 0, 0, 0, 0, 0, 0,
    0, -14, 0, 6, -6, 0, 0, -4,
    -15, -8, -11, -8, 5, -15, 0, 0,
    -16, 0, 0, 0, 0, -4, -3, 0,
    0, 19, 0, 0, 0, -6, -3, -8,
    0, 0, 0, -4, 0, 0, 0, 0,
    0, 0, 0, 0, 0, 0, 0, -4,
    0, 0, 0, -4, -4, -4, 0, 0,
    0, 0, 0, 0, 0, 0, -10, 0,
    0, 0, -5, 0, 0, 0, -3, 0,
    0, 0, 0, 0, 0, 0, 0, 0,
    0, 0, 0, 0, 0, -12, 0, 0,
    0, 0, 0, 0, -13, 0, 0, 0,
    0, -6, 0, 0, -12, 0, 0, 0,
    0, -2, -2, 0, -2, 11, 0, 0,
    -2, -2, -2, -3, 0, 0, 0, -2,
    0, 0, 0, 0, 0, 0, 0, 0,
    0, 0, 0, -2, -2, -2, -2, -2,
    -2, -2, 0, 0, 0, 0, -2, -2,
    0, 0, 3, -6, 0, -17, 1, 0,
    0, -21, -16, -21, -21, 0, 0, 0,
    0, 0, 0, 0, 0, 0, 0, 0,
    0, 0, -16, 0, 0, 0, 0, 0,
    0, 0, 0, 0, 0, 0, 0, 0,
    8, 1, -21, -11, 0, -15, -3, -9,
    -2, -3, -6, -6, -9, 0, -6, -1,
    -3, -2, 0, -15, 8, -21, 0, 0,
    -17, -21, 0, 0, -11, -11, -11, -15,
    -2, -2, -2, -15, -15, -15, 0, -11,
    -11, 0, -2, -2, 0, 0, 0, 0,
    0, 0, 0, 0, 0, 0, 0, 0,
    0, 0, 0, 0, 0, 0, 0, 0,
    0, 0, 0, 0, 0, 7, 0, 0,
    0, 0, 0, 0, 0, 0, 0, 0,
    0, 0, 0, 0, 0, 0, 0, 0,
    0, 0, 0, 0, 0, 0, 0, 0,
    0, 0, 0, 0, 0, 0, 0, 0,
    0, 0, 0, 0, 0, 0, 0, 0,
    0, 0, 0, 0, 0, 0, 0, 0,
    0, 0, 0, 0, 0, 0, 0, 0,
    0, 0, 0, 0, 0, 0, 0, 0,
    0, 0, 0, 0, 0, 0, 0, 0,
    0, 0, 0, 0, 0, 0, 0, 0,
    0, 0, 0, 0, -6, 0, 0, -2,
    3, 0, 0, 0, 0, 0, 0, 0,
    0, 0, 0, 0, 0, -3, 0, 0,
    0, 12, 0, 0, 0, 0, 0, -3,
    0, 0, 0, -3, 0, 0, 0, 0,
    0, 0, 0, 0, 0, 0, 0, -3,
    0, 0, 0, -3, -3, -3, 0, 0,
    0, 0, 0, 0, 0, 0, 0, 0,
    0, 0, 0, 0, 0, 0, 0, 0,
    0, 0, 0, 0, 0, 0, 0, 0,
    0, 0, 0, 0, 0, 0, 0, 0,
    0, 0, 0, 0, 0, 0, 0, 0,
    0, 0, 0, 0, 0, 0, 0, 0,
    0, 0, 0, 0, 0, 0, 0, 0,
    0, 0, 0, 0, 0, 0, 0, 0,
    0, 0, 0, 0, 0, 0, 0, 0,
    0, 0, 0, 0, 0, 8, 0, 0,
    0, 0, 0, 0, 0, 8, 0, 0,
    0, 0, 0, 0, 0, 0, 0, 0,
    0, 0, 0, 0, 0, 0, 0, 0,
    0, 0, 0, 0, 0, 0, 0, 0,
    0, 0, 0, 0, -7, 0, 0, 0,
    0, 0, 0, 0, 0, 0, 0, 0,
    0, 0, 0, -2, 0, -7, 0, -6,
    0, 8, 0, 0, 0, 0, 0, -5,
    0, 0, 0, -7, 0, 0, 0, 0,
    0, 0, 0, 0, -2, -2, -2, -7,
    0, 0, 0, -7, -7, -7, 0, -2,
    -2, 0, 0, 0, 0, 0, 0, 0,
    0, 0, 0, 0, 0, 0, 0, 0,
    0, 0, 0, 0, 0, 0, 0, 0,
    0, 0, 0, 0, 0, 0, 0, 0,
    0, 0, 0, 0, 0, 0, 0, 0,
    0, 0, 0, 0, 0, 0, 0, 0,
    0, 0, 0, 0, 0, 7, 0, 0,
    0, 0, 0, 0, 0, 0, 0, 0,
    0, 0, 0, 0, 0, 0, 0, 0,
    0, 0, 0, 0, 0, 0, 0, 0,
    0, 0, 0, 0, 0, 0, 0, 0,
    0, 0, 0, 0, 0, 0, 0, 0,
    0, 3, 0, 3, 0, 0, 0, 0,
    0, 0, 0, 0, 0, 0, 0, 0,
    0, 0, 0, 0, 0, 0, 0, 0,
    0, 0, 0, 0, 0, 0, 0, 0,
    -5, 0, 0, 3, -2, -2, 0, -2,
    -1, 11, 0, 0, 0, -2, 0, -3,
    0, 0, 0, -2, 0, 0, 0, 0,
    0, 0, 0, 0, 3, 3, 3, -2,
    -1, -1, -1, -2, -2, -2, 0, 3,
    3, -2, -1, -1, 0, 0, 3, -5,
    0, -13, 1, -5, 0, -13, -13, -13,
    -13, 0, 0, 0, 0, 0, 0, 0,
    0, 0, 0, -2, -2, 0, -12, 0,
    0, 0, 0, 0, 0, 0, 0, 0,
    0, 0, 0, 0, 8, 1, -12, -9,
    0, -13, -3, -11, -2, 0, -5, -3,
    -11, -2, -7, -2, -3, -7, 0, -13,
    8, -13, 0, 0, -13, -13, 0, 0,
    -9, -9, -9, -13, -2, -2, -2, -13,
    -13, -13, 0, -9, -9, 0, -2, -2,
    0, 0, 3, 0, 0, 0, 0, 0,
    0, 0, -3, 0, 0, 0, 0, 0,
    0, 0, 0, 0, 0, 0, 0, 0,
    0, -3, -2, 0, 0, 0, 0, 0,
    0, 0, 0, 0, 0, 0, 0, 0,
    0, 0, 0, 0, 0, -3, 0, 0,
    1, 12, 0, 0, 0, 0, 0, 1,
    0, -1, 0, -3, 0, 0, 0, 0,
    0, 0, 0, 0, 0, 0, 0, -3,
    1, 1, 1, -3, -3, -3, 0, 0,
    0, 0, 1, 1, 0, 0, 3, 0,
    0, 0, 0, 0, 0, 0, -3, 0,
    0, 0, 0, 0, 0, 0, 0, 0,
    0, 0, 0, 0, 0, -3, -2, 0,
    0, 0, 0, 0, 0, 0, 0, 0,
    0, 0, 0, 0, 2, 1, 0, 0,
    0, -3, 0, 0, 1, 0, 0, 0,
    0, 0, 0, 1, 0, -1, 0, -3,
    0, 0, 0, 0, 0, 0, 0, 0,
    0, 0, 0, -3, 1, 1, 1, -3,
    -3, -3, 0, 0, 0, 0, 1, 1
};


/*Collect the kern class' data in one place*/
static const lv_font_fmt_txt_kern_classes_t kern_classes =
{
    .class_pair_values   = kern_class_values,
    .left_class_mapping  = kern_left_class_mapping,
    .right_class_mapping = kern_right_class_mapping,
    .left_class_cnt      = 90,
    .right_class_cnt     = 84,
};

/*--------------------
 *  ALL CUSTOM DATA
 *--------------------*/

#if LVGL_VERSION_MAJOR == 8
/*Store all the custom data of the font*/
static  lv_font_fmt_txt_glyph_cache_t cache;
#endif

#if LVGL_VERSION_MAJOR >= 8
static const lv_font_fmt_txt_dsc_t font_dsc = {
#else
static lv_font_fmt_txt_dsc_t font_dsc = {
#endif
    .glyph_bitmap = glyph_bitmap,
    .glyph_dsc = glyph_dsc,
    .cmaps = cmaps,
    .kern_dsc = &kern_classes,
    .kern_scale = 16,
    .cmap_num = 7,
    .bpp = 4,
    .kern_classes = 1,
    .bitmap_format = 0,
#if LVGL_VERSION_MAJOR == 8
    .cache = &cache
#endif
};



/*-----------------
 *  PUBLIC FONT
 *----------------*/

/*Initialize a public general font descriptor*/
#if LVGL_VERSION_MAJOR >= 8
const lv_font_t lv_font_ratdeck_16 = {
#else
lv_font_t lv_font_ratdeck_16 = {
#endif
    .get_glyph_dsc = lv_font_get_glyph_dsc_fmt_txt,    /*Function pointer to get glyph's data*/
    .get_glyph_bitmap = lv_font_get_bitmap_fmt_txt,    /*Function pointer to get glyph's bitmap*/
    .line_height = 19,          /*The maximum line height required by the font*/
    .base_line = 4,             /*Baseline measured from the bottom of the line*/
#if !(LVGL_VERSION_MAJOR == 6 && LVGL_VERSION_MINOR == 0)
    .subpx = LV_FONT_SUBPX_NONE,
#endif
#if LV_VERSION_CHECK(7, 4, 0) || LVGL_VERSION_MAJOR >= 8
    .underline_position = -1,
    .underline_thickness = 1,
#endif
    .dsc = &font_dsc,          /*The custom font data. Will be accessed by `get_glyph_bitmap/dsc` */
#if LV_VERSION_CHECK(8, 2, 0) || LVGL_VERSION_MAJOR >= 9
    .fallback = NULL,
#endif
    .user_data = NULL,
};



#endif /*#if LV_FONT_RATDECK_16*/

