/*******************************************************************************
 * Size: 12 px
 * Bpp: 4
 * Opts: --no-compress --no-prefilter --bpp 4 --size 12 --font assets/fonts/atkinson-hyperlegible-next/AtkinsonHyperlegibleNext-Medium.ttf -r 0x20-0x7F,0xA0-0xFF,0x100-0x17F --font assets/fonts/atkinson-hyperlegible-next/FontAwesome5-Solid+Brands+Regular.woff -r 0xF0E0 --format lvgl --lv-include lvgl.h -o src/fonts/lv_font_ratdeck_12.c --force-fast-kern-format
 ******************************************************************************/

#ifdef LV_LVGL_H_INCLUDE_SIMPLE
#include "lvgl.h"
#else
#include "lvgl.h"
#endif

#ifndef LV_FONT_RATDECK_12
#define LV_FONT_RATDECK_12 1
#endif

#if LV_FONT_RATDECK_12

/*-----------------
 *    BITMAPS
 *----------------*/

/*Store the image of the glyphs*/
static LV_ATTRIBUTE_LARGE_CONST const uint8_t glyph_bitmap[] = {
    /* U+0020 " " */

    /* U+0021 "!" */
    0xf, 0x70, 0xf7, 0xe, 0x60, 0xd5, 0xb, 0x30,
    0x41, 0xa, 0x50, 0xd7,

    /* U+0022 "\"" */
    0x7a, 0x98, 0x69, 0x87, 0x35, 0x54,

    /* U+0023 "#" */
    0x0, 0x4e, 0x8, 0xa0, 0x0, 0x6c, 0xa, 0x80,
    0x1f, 0xff, 0xff, 0xfe, 0x3, 0xc9, 0x3f, 0x52,
    0x0, 0xd5, 0x1f, 0x10, 0x8f, 0xff, 0xff, 0xf7,
    0x15, 0xf3, 0x8d, 0x31, 0x4, 0xe0, 0x8a, 0x0,

    /* U+0024 "$" */
    0x0, 0x0, 0x0, 0x0, 0x0, 0xb0, 0x0, 0x5,
    0xcf, 0xe8, 0x3, 0xf5, 0xb4, 0xc3, 0x5f, 0x2b,
    0x0, 0x0, 0xbf, 0xe8, 0x20, 0x0, 0x3d, 0xbf,
    0x60, 0x20, 0xb0, 0xac, 0x6f, 0x5b, 0x3d, 0x90,
    0x7e, 0xfe, 0x90, 0x0, 0xb, 0x0, 0x0,

    /* U+0025 "%" */
    0xa, 0xfc, 0x20, 0x8, 0xa0, 0x7, 0xb1, 0x8c,
    0x3, 0xe1, 0x0, 0x8a, 0x6, 0xc0, 0xd4, 0x0,
    0x1, 0xcf, 0xe3, 0xa9, 0x0, 0x0, 0x0, 0x10,
    0x5d, 0x19, 0xeb, 0x10, 0x0, 0x1e, 0x37, 0xb2,
    0x8b, 0x0, 0xb, 0x70, 0x8a, 0x6, 0xc0, 0x7,
    0xc0, 0x0, 0xae, 0xc2,

    /* U+0026 "&" */
    0x0, 0x7e, 0xe8, 0x0, 0x0, 0x1f, 0x43, 0xf3,
    0x0, 0x0, 0xe6, 0x3e, 0x10, 0x0, 0x1b, 0xfd,
    0x22, 0x40, 0xe, 0x94, 0xf7, 0xa8, 0x4, 0xf0,
    0x4, 0xff, 0x20, 0x2f, 0x71, 0x5e, 0xf4, 0x0,
    0x5d, 0xfd, 0x67, 0xf3,

    /* U+0027 "'" */
    0x7a, 0x69, 0x35,

    /* U+0028 "(" */
    0x2, 0xf2, 0xa, 0x90, 0xf, 0x30, 0x3f, 0x0,
    0x5d, 0x0, 0x5d, 0x0, 0x3f, 0x0, 0xf, 0x30,
    0xa, 0x90, 0x2, 0xf2,

    /* U+0029 ")" */
    0x5d, 0x0, 0xd, 0x60, 0x7, 0xc0, 0x3, 0xf0,
    0x1, 0xf1, 0x1, 0xf1, 0x3, 0xf0, 0x7, 0xc0,
    0xd, 0x60, 0x5d, 0x0,

    /* U+002A "*" */
    0x0, 0x85, 0x0, 0x1c, 0xcb, 0xb0, 0x2, 0xed,
    0x0, 0x6, 0x58, 0x30,

    /* U+002B "+" */
    0x0, 0xf, 0x30, 0x0, 0x0, 0xf3, 0x0, 0x6f,
    0xff, 0xff, 0x91, 0x22, 0xf5, 0x21, 0x0, 0xf,
    0x30, 0x0, 0x0, 0xf3, 0x0,

    /* U+002C "," */
    0x3, 0x6, 0xf3, 0x1e, 0x12, 0xa0,

    /* U+002D "-" */
    0x9f, 0xff, 0x1, 0x22, 0x20,

    /* U+002E "." */
    0x3b, 0x15, 0xe2,

    /* U+002F "/" */
    0x0, 0xc, 0x70, 0x1, 0xf2, 0x0, 0x6d, 0x0,
    0xc, 0x70, 0x1, 0xf2, 0x0, 0x6d, 0x0, 0xc,
    0x70, 0x1, 0xf2, 0x0, 0x6d, 0x0, 0x5, 0x40,
    0x0,

    /* U+0030 "0" */
    0x1, 0xbf, 0xe9, 0x0, 0xb, 0xe1, 0x2d, 0x90,
    0x2f, 0xc6, 0x6, 0xf0, 0x4f, 0x1d, 0x23, 0xf1,
    0x4f, 0x3, 0xc4, 0xf1, 0x2f, 0x30, 0x7d, 0xf0,
    0xb, 0xb1, 0x2f, 0x90, 0x1, 0xbf, 0xf9, 0x0,

    /* U+0031 "1" */
    0x0, 0x9c, 0x8f, 0xfc, 0x1, 0x8c, 0x0, 0x8c,
    0x0, 0x8c, 0x0, 0x8c, 0x0, 0x8c, 0x0, 0x8c,

    /* U+0032 "2" */
    0x5, 0xdf, 0xd3, 0x2, 0xf5, 0x8, 0xe0, 0x1,
    0x0, 0x4f, 0x0, 0x0, 0xb, 0xb0, 0x0, 0x9,
    0xe1, 0x0, 0x1b, 0xc1, 0x0, 0x3e, 0xa2, 0x22,
    0xa, 0xff, 0xff, 0xf4,

    /* U+0033 "3" */
    0x6, 0xdf, 0xd4, 0x2, 0xe3, 0x7, 0xf1, 0x0,
    0x0, 0x7e, 0x0, 0x5, 0xff, 0x40, 0x0, 0x2,
    0x9e, 0x10, 0x20, 0x0, 0xf5, 0x4f, 0x40, 0x6f,
    0x20, 0x6e, 0xfd, 0x50,

    /* U+0034 "4" */
    0x0, 0x1, 0xea, 0x0, 0x0, 0xcf, 0xa0, 0x0,
    0x9b, 0xaa, 0x0, 0x5e, 0x1a, 0xa0, 0x2e, 0x30,
    0xaa, 0x9, 0xff, 0xff, 0xff, 0x12, 0x22, 0xbb,
    0x20, 0x0, 0xa, 0xa0,

    /* U+0035 "5" */
    0xc, 0xff, 0xff, 0x20, 0xe5, 0x11, 0x10, 0xf,
    0xad, 0xc4, 0x1, 0xd7, 0x29, 0xf1, 0x0, 0x0,
    0xf, 0x60, 0x40, 0x0, 0xe6, 0x2f, 0x50, 0x7f,
    0x20, 0x4d, 0xfd, 0x40,

    /* U+0036 "6" */
    0x0, 0x9f, 0xe9, 0x0, 0x9a, 0x12, 0x50, 0xf,
    0x8d, 0xd6, 0x3, 0xfc, 0x26, 0xf4, 0x4f, 0x30,
    0xc, 0x92, 0xf3, 0x0, 0xb9, 0xc, 0xb1, 0x4f,
    0x40, 0x2b, 0xfe, 0x60,

    /* U+0037 "7" */
    0xdf, 0xff, 0xfe, 0x12, 0x22, 0xcb, 0x0, 0x3,
    0xf3, 0x0, 0xa, 0xb0, 0x0, 0x2f, 0x40, 0x0,
    0xac, 0x0, 0x2, 0xf5, 0x0, 0xa, 0xd0, 0x0,

    /* U+0038 "8" */
    0x0, 0x9f, 0xd2, 0x0, 0x6d, 0x27, 0xd0, 0x6,
    0xc0, 0x6d, 0x0, 0x3f, 0xff, 0xa0, 0x1f, 0x92,
    0x4e, 0x85, 0xf0, 0x0, 0x9c, 0x2f, 0x81, 0x3e,
    0x80, 0x4d, 0xfe, 0x90,

    /* U+0039 "9" */
    0x2, 0xcf, 0xc3, 0x1, 0xe9, 0x4a, 0xe1, 0x5e,
    0x0, 0xe, 0x54, 0xf1, 0x1, 0xf4, 0xc, 0xd9,
    0xed, 0x0, 0x6, 0xbf, 0x50, 0x0, 0xa, 0xb0,
    0x0, 0x4, 0xf2, 0x0,

    /* U+003A ":" */
    0x5e, 0x23, 0xb1, 0x0, 0x0, 0x0, 0x3b, 0x15,
    0xe2,

    /* U+003B ";" */
    0x5e, 0x23, 0xb1, 0x0, 0x0, 0x0, 0x5e, 0x23,
    0xf2, 0x1b, 0x1, 0x20,

    /* U+003C "<" */
    0x0, 0x0, 0x29, 0x30, 0x4, 0xbf, 0xa1, 0x4d,
    0xd6, 0x10, 0x5, 0xeb, 0x50, 0x0, 0x0, 0x6d,
    0xe8, 0x0, 0x0, 0x4, 0xb3, 0x0, 0x0, 0x0,
    0x0,

    /* U+003D "=" */
    0x4f, 0xff, 0xff, 0xb0, 0x22, 0x22, 0x21, 0x4f,
    0xff, 0xff, 0xb0, 0x22, 0x22, 0x21,

    /* U+003E ">" */
    0x67, 0x10, 0x0, 0x3, 0xbf, 0x92, 0x0, 0x0,
    0x28, 0xeb, 0x10, 0x1, 0x7d, 0xd2, 0x2a, 0xfb,
    0x40, 0x7, 0x92, 0x0, 0x0, 0x0, 0x0, 0x0,
    0x0,

    /* U+003F "?" */
    0x9, 0xee, 0xb2, 0x7d, 0x21, 0xbc, 0x0, 0x0,
    0xab, 0x0, 0x2c, 0xd2, 0x0, 0xda, 0x0, 0x0,
    0x72, 0x0, 0x0, 0xb4, 0x0, 0x1, 0xe6, 0x0,

    /* U+0040 "@" */
    0x0, 0x3a, 0xcc, 0x70, 0x0, 0x5b, 0x20, 0x6,
    0xb0, 0x1c, 0x7, 0xdd, 0x47, 0x76, 0x74, 0xc0,
    0x86, 0xc, 0x85, 0x78, 0x8, 0x60, 0xd6, 0x75,
    0xb0, 0xc7, 0x3a, 0x1d, 0x19, 0xd7, 0xcc, 0x20,
    0x6c, 0x20, 0x1, 0x0, 0x0, 0x3a, 0xcc, 0x30,
    0x0,

    /* U+0041 "A" */
    0x0, 0x1f, 0xd0, 0x0, 0x0, 0x7d, 0xf3, 0x0,
    0x0, 0xd7, 0xb9, 0x0, 0x3, 0xf1, 0x5f, 0x0,
    0x9, 0xc0, 0xf, 0x50, 0xe, 0xff, 0xff, 0xb0,
    0x5f, 0x32, 0x26, 0xf1, 0xbb, 0x0, 0x0, 0xf7,

    /* U+0042 "B" */
    0x2f, 0xff, 0xfb, 0x20, 0x2f, 0x52, 0x3d, 0xb0,
    0x2f, 0x30, 0xb, 0xa0, 0x2f, 0xff, 0xff, 0x30,
    0x2f, 0x52, 0x2b, 0xd0, 0x2f, 0x30, 0x4, 0xf1,
    0x2f, 0x52, 0x2b, 0xe0, 0x2f, 0xff, 0xfc, 0x30,

    /* U+0043 "C" */
    0x0, 0x9e, 0xfc, 0x40, 0xc, 0xd4, 0x28, 0xf2,
    0x4f, 0x30, 0x0, 0x10, 0x7f, 0x0, 0x0, 0x0,
    0x7f, 0x0, 0x0, 0x0, 0x4f, 0x30, 0x0, 0x10,
    0xc, 0xd4, 0x28, 0xf3, 0x1, 0x9e, 0xfc, 0x40,

    /* U+0044 "D" */
    0x2f, 0xff, 0xd9, 0x10, 0x2f, 0x52, 0x5c, 0xd0,
    0x2f, 0x30, 0x1, 0xf6, 0x2f, 0x30, 0x0, 0xc9,
    0x2f, 0x30, 0x0, 0xc9, 0x2f, 0x30, 0x1, 0xf6,
    0x2f, 0x52, 0x5d, 0xe0, 0x2f, 0xff, 0xd8, 0x10,

    /* U+0045 "E" */
    0x2f, 0xff, 0xff, 0x72, 0xf5, 0x22, 0x21, 0x2f,
    0x30, 0x0, 0x2, 0xff, 0xff, 0x30, 0x2f, 0x63,
    0x30, 0x2, 0xf3, 0x0, 0x0, 0x2f, 0x63, 0x33,
    0x12, 0xff, 0xff, 0xf8,

    /* U+0046 "F" */
    0x2f, 0xff, 0xff, 0x32, 0xf5, 0x22, 0x20, 0x2f,
    0x30, 0x0, 0x2, 0xff, 0xff, 0xf3, 0x2f, 0x63,
    0x33, 0x2, 0xf3, 0x0, 0x0, 0x2f, 0x30, 0x0,
    0x2, 0xf3, 0x0, 0x0,

    /* U+0047 "G" */
    0x0, 0x8e, 0xfc, 0x40, 0xc, 0xe4, 0x28, 0xf3,
    0x4f, 0x30, 0x0, 0x20, 0x7f, 0x0, 0x0, 0x0,
    0x7f, 0x0, 0xbf, 0xfc, 0x4f, 0x30, 0x12, 0xac,
    0xc, 0xe5, 0x26, 0xec, 0x1, 0xae, 0xfb, 0x5c,

    /* U+0048 "H" */
    0x2f, 0x30, 0x0, 0xe8, 0x2f, 0x30, 0x0, 0xe8,
    0x2f, 0x30, 0x0, 0xe8, 0x2f, 0xff, 0xff, 0xf8,
    0x2f, 0x63, 0x33, 0xe8, 0x2f, 0x30, 0x0, 0xe8,
    0x2f, 0x30, 0x0, 0xe8, 0x2f, 0x30, 0x0, 0xe8,

    /* U+0049 "I" */
    0x6f, 0xff, 0x40, 0x4f, 0x20, 0x4, 0xf2, 0x0,
    0x4f, 0x20, 0x4, 0xf2, 0x0, 0x4f, 0x20, 0x4,
    0xf2, 0x6, 0xff, 0xf4,

    /* U+004A "J" */
    0x0, 0x0, 0xd8, 0x0, 0x0, 0xd8, 0x0, 0x0,
    0xd8, 0x0, 0x0, 0xd8, 0x0, 0x0, 0xd8, 0x54,
    0x0, 0xe7, 0x9d, 0x25, 0xf4, 0x1b, 0xfe, 0x70,

    /* U+004B "K" */
    0x2f, 0x30, 0xc, 0xc0, 0x2f, 0x30, 0xbd, 0x10,
    0x2f, 0x3a, 0xe1, 0x0, 0x2f, 0xbf, 0x60, 0x0,
    0x2f, 0xfb, 0xe1, 0x0, 0x2f, 0x50, 0xdc, 0x0,
    0x2f, 0x30, 0x2f, 0x80, 0x2f, 0x30, 0x6, 0xf3,

    /* U+004C "L" */
    0x2f, 0x30, 0x0, 0x2, 0xf3, 0x0, 0x0, 0x2f,
    0x30, 0x0, 0x2, 0xf3, 0x0, 0x0, 0x2f, 0x30,
    0x0, 0x2, 0xf3, 0x0, 0x0, 0x2f, 0x63, 0x33,
    0x12, 0xff, 0xff, 0xf6,

    /* U+004D "M" */
    0x2f, 0xf3, 0x0, 0x2f, 0xf3, 0x2f, 0xe8, 0x0,
    0x7e, 0xf3, 0x2f, 0xad, 0x0, 0xc9, 0xf3, 0x2f,
    0x4f, 0x21, 0xf4, 0xf3, 0x2f, 0x3c, 0x76, 0xc2,
    0xf3, 0x2f, 0x36, 0xcb, 0x72, 0xf3, 0x2f, 0x31,
    0xff, 0x22, 0xf3, 0x2f, 0x30, 0xcd, 0x2, 0xf3,

    /* U+004E "N" */
    0x2f, 0xf1, 0x0, 0xc9, 0x2f, 0xf9, 0x0, 0xc9,
    0x2f, 0x7f, 0x20, 0xc9, 0x2f, 0x3b, 0xa0, 0xc9,
    0x2f, 0x33, 0xf3, 0xc9, 0x2f, 0x30, 0xab, 0xc9,
    0x2f, 0x30, 0x2f, 0xf9, 0x2f, 0x30, 0x9, 0xf9,

    /* U+004F "O" */
    0x0, 0x8e, 0xfd, 0x60, 0x0, 0xbe, 0x52, 0x7f,
    0x70, 0x4f, 0x30, 0x0, 0x8f, 0x7, 0xf0, 0x0,
    0x3, 0xf3, 0x7f, 0x0, 0x0, 0x3f, 0x34, 0xf3,
    0x0, 0x8, 0xf0, 0xb, 0xe5, 0x27, 0xf7, 0x0,
    0x8, 0xef, 0xd6, 0x0,

    /* U+0050 "P" */
    0x2f, 0xff, 0xfb, 0x22, 0xf5, 0x24, 0xdc, 0x2f,
    0x30, 0x7, 0xf2, 0xf3, 0x1, 0xcd, 0x2f, 0xff,
    0xfd, 0x32, 0xf5, 0x22, 0x0, 0x2f, 0x30, 0x0,
    0x2, 0xf3, 0x0, 0x0,

    /* U+0051 "Q" */
    0x0, 0x8e, 0xfd, 0x60, 0x0, 0xb, 0xe5, 0x27,
    0xf7, 0x0, 0x4f, 0x30, 0x0, 0x8f, 0x0, 0x7f,
    0x0, 0x10, 0x3f, 0x30, 0x7f, 0x0, 0xca, 0x4f,
    0x20, 0x4f, 0x30, 0x1d, 0xee, 0x0, 0xb, 0xe5,
    0x28, 0xfd, 0x10, 0x0, 0x8e, 0xfc, 0x5b, 0xc0,
    0x0, 0x0, 0x0, 0x0, 0x20,

    /* U+0052 "R" */
    0x2f, 0xff, 0xfb, 0x20, 0x2f, 0x52, 0x3d, 0xc0,
    0x2f, 0x30, 0x7, 0xf0, 0x2f, 0x30, 0x1b, 0xd0,
    0x2f, 0xff, 0xfd, 0x30, 0x2f, 0x56, 0xf4, 0x0,
    0x2f, 0x30, 0x9e, 0x20, 0x2f, 0x30, 0xb, 0xd0,

    /* U+0053 "S" */
    0x5, 0xdf, 0xd7, 0x3, 0xf6, 0x26, 0xd3, 0x5f,
    0x20, 0x0, 0x0, 0xcf, 0xb8, 0x20, 0x0, 0x37,
    0xbf, 0x50, 0x20, 0x0, 0xbc, 0x6f, 0x62, 0x4e,
    0x80, 0x6d, 0xfe, 0x80,

    /* U+0054 "T" */
    0xdf, 0xff, 0xff, 0xc2, 0x25, 0xf4, 0x22, 0x0,
    0x3f, 0x20, 0x0, 0x3, 0xf2, 0x0, 0x0, 0x3f,
    0x20, 0x0, 0x3, 0xf2, 0x0, 0x0, 0x3f, 0x20,
    0x0, 0x3, 0xf2, 0x0,

    /* U+0055 "U" */
    0x2f, 0x30, 0x0, 0xf6, 0x2f, 0x30, 0x0, 0xf6,
    0x2f, 0x30, 0x0, 0xf6, 0x2f, 0x30, 0x0, 0xf6,
    0x2f, 0x30, 0x0, 0xf6, 0xf, 0x50, 0x1, 0xf4,
    0xc, 0xd4, 0x3a, 0xe1, 0x2, 0xbf, 0xfc, 0x40,

    /* U+0056 "V" */
    0xbc, 0x0, 0x6, 0xf1, 0x5f, 0x10, 0xb, 0xb0,
    0xf, 0x60, 0x1f, 0x50, 0xa, 0xb0, 0x6f, 0x0,
    0x5, 0xf1, 0xba, 0x0, 0x0, 0xf6, 0xf5, 0x0,
    0x0, 0xaf, 0xf0, 0x0, 0x0, 0x4f, 0xa0, 0x0,

    /* U+0057 "W" */
    0xac, 0x0, 0xaf, 0x10, 0x5f, 0x16, 0xf0, 0xe,
    0xf4, 0x9, 0xd0, 0x2f, 0x31, 0xfa, 0x80, 0xc9,
    0x0, 0xe7, 0x5c, 0x6b, 0xf, 0x50, 0xa, 0xa8,
    0x92, 0xf4, 0xf1, 0x0, 0x6e, 0xc5, 0xe, 0xad,
    0x0, 0x2, 0xff, 0x10, 0xbf, 0x90, 0x0, 0xe,
    0xe0, 0x7, 0xf5, 0x0,

    /* U+0058 "X" */
    0x5f, 0x40, 0x8, 0xf2, 0xa, 0xe1, 0x4f, 0x60,
    0x0, 0xdb, 0xeb, 0x0, 0x0, 0x3f, 0xe1, 0x0,
    0x0, 0x6f, 0xf3, 0x0, 0x2, 0xf9, 0xcd, 0x0,
    0xc, 0xd0, 0x2f, 0x90, 0x8f, 0x20, 0x5, 0xf4,

    /* U+0059 "Y" */
    0xbd, 0x0, 0x9, 0xe0, 0x2f, 0x60, 0x2f, 0x50,
    0x7, 0xe1, 0xbc, 0x0, 0x0, 0xdc, 0xf2, 0x0,
    0x0, 0x4f, 0x90, 0x0, 0x0, 0xf, 0x50, 0x0,
    0x0, 0xf, 0x50, 0x0, 0x0, 0xf, 0x50, 0x0,

    /* U+005A "Z" */
    0x5f, 0xff, 0xff, 0xb0, 0x22, 0x27, 0xf5, 0x0,
    0x2, 0xe9, 0x0, 0x0, 0xcc, 0x0, 0x0, 0xae,
    0x10, 0x0, 0x6f, 0x30, 0x0, 0x3f, 0x93, 0x33,
    0x28, 0xff, 0xff, 0xfd,

    /* U+005B "[" */
    0x2f, 0xf8, 0x2f, 0x0, 0x2f, 0x0, 0x2f, 0x0,
    0x2f, 0x0, 0x2f, 0x0, 0x2f, 0x0, 0x2f, 0x0,
    0x2f, 0x0, 0x2f, 0xf8,

    /* U+005C "\\" */
    0x9a, 0x0, 0x4, 0xf0, 0x0, 0xe, 0x50, 0x0,
    0x9a, 0x0, 0x4, 0xf0, 0x0, 0xe, 0x50, 0x0,
    0x9a, 0x0, 0x4, 0xf0, 0x0, 0xe, 0x50, 0x0,
    0x54,

    /* U+005D "]" */
    0x6f, 0xf4, 0x0, 0xe4, 0x0, 0xe4, 0x0, 0xe4,
    0x0, 0xe4, 0x0, 0xe4, 0x0, 0xe4, 0x0, 0xe4,
    0x0, 0xe4, 0x6f, 0xf4,

    /* U+005E "^" */
    0x0, 0x6f, 0x30, 0x0, 0xe, 0xcb, 0x0, 0x8,
    0xb0, 0xe4, 0x1, 0xf3, 0x6, 0xd0,

    /* U+005F "_" */
    0xf, 0xff, 0xf9, 0x2, 0x22, 0x21,

    /* U+0060 "`" */
    0x23, 0x2, 0xd3,

    /* U+0061 "a" */
    0x7, 0xee, 0xa0, 0x9, 0x20, 0xc7, 0x2, 0x69,
    0xe9, 0x5f, 0x83, 0xa9, 0x9d, 0x1, 0xda, 0x2c,
    0xfc, 0x9b,

    /* U+0062 "b" */
    0x3f, 0x10, 0x0, 0x3, 0xf1, 0x0, 0x0, 0x3f,
    0x7e, 0xe6, 0x3, 0xf9, 0x16, 0xf3, 0x3f, 0x10,
    0xe, 0x73, 0xf1, 0x0, 0xe7, 0x3f, 0x91, 0x6f,
    0x33, 0xe6, 0xee, 0x60,

    /* U+0063 "c" */
    0x6, 0xdf, 0xb1, 0x3f, 0x61, 0x95, 0x8c, 0x0,
    0x0, 0x8d, 0x0, 0x0, 0x4f, 0x61, 0x84, 0x6,
    0xef, 0xb1,

    /* U+0064 "d" */
    0x0, 0x0, 0x2f, 0x20, 0x0, 0x2, 0xf2, 0x7,
    0xee, 0x7f, 0x24, 0xf6, 0x1a, 0xf2, 0x8d, 0x0,
    0x2f, 0x28, 0xd0, 0x2, 0xf2, 0x4f, 0x61, 0xaf,
    0x20, 0x7e, 0xe6, 0xf4,

    /* U+0065 "e" */
    0x5, 0xdf, 0xc3, 0x3, 0xe3, 0x6, 0xe0, 0x8f,
    0xee, 0xef, 0x38, 0xd0, 0x0, 0x0, 0x3f, 0x71,
    0x75, 0x0, 0x5d, 0xfc, 0x30,

    /* U+0066 "f" */
    0x8, 0xfb, 0xd, 0x70, 0xdf, 0xfb, 0xd, 0x70,
    0xd, 0x70, 0xd, 0x70, 0xd, 0x70, 0xd, 0x70,

    /* U+0067 "g" */
    0x7, 0xee, 0x6f, 0x14, 0xf5, 0x1a, 0xf1, 0x8d,
    0x0, 0x2f, 0x18, 0xd0, 0x2, 0xf1, 0x4f, 0x51,
    0xaf, 0x10, 0x7e, 0xe8, 0xf1, 0x5, 0x20, 0x6e,
    0x0, 0x7f, 0xfe, 0x40, 0x0, 0x1, 0x0, 0x0,

    /* U+0068 "h" */
    0x3f, 0x10, 0x0, 0x3f, 0x10, 0x0, 0x3f, 0x7e,
    0xe4, 0x3f, 0x81, 0xad, 0x3f, 0x10, 0x5e, 0x3f,
    0x10, 0x5f, 0x3f, 0x10, 0x5f, 0x3f, 0x10, 0x5f,

    /* U+0069 "i" */
    0xd, 0x50, 0x83, 0xbf, 0x70, 0xd7, 0xd, 0x70,
    0xd7, 0xd, 0x70, 0xd7,

    /* U+006A "j" */
    0x2, 0xe3, 0x0, 0x91, 0x1, 0xf3, 0x1, 0xf3,
    0x1, 0xf3, 0x1, 0xf3, 0x1, 0xf3, 0x1, 0xf3,
    0x4, 0xf2, 0xcf, 0xa0,

    /* U+006B "k" */
    0x3f, 0x10, 0x0, 0x3, 0xf1, 0x0, 0x0, 0x3f,
    0x12, 0xf6, 0x3, 0xf2, 0xe7, 0x0, 0x3f, 0xdc,
    0x0, 0x3, 0xfb, 0xf5, 0x0, 0x3f, 0x17, 0xe1,
    0x3, 0xf1, 0xc, 0xc0,

    /* U+006C "l" */
    0x4f, 0x0, 0x4f, 0x0, 0x4f, 0x0, 0x4f, 0x0,
    0x4f, 0x0, 0x4f, 0x0, 0x3f, 0x20, 0x1d, 0xf3,

    /* U+006D "m" */
    0x3f, 0x8e, 0xe6, 0xbe, 0xc1, 0x3f, 0x60, 0xbf,
    0x20, 0xe6, 0x3f, 0x10, 0x7d, 0x0, 0xb8, 0x3f,
    0x10, 0x7d, 0x0, 0xb8, 0x3f, 0x10, 0x7d, 0x0,
    0xb8, 0x3f, 0x10, 0x7d, 0x0, 0xb8,

    /* U+006E "n" */
    0x3f, 0x8e, 0xe4, 0x3f, 0x70, 0x9d, 0x3f, 0x10,
    0x5e, 0x3f, 0x10, 0x5f, 0x3f, 0x10, 0x5f, 0x3f,
    0x10, 0x5f,

    /* U+006F "o" */
    0x5, 0xdf, 0xb2, 0x3, 0xf6, 0x1a, 0xd0, 0x8c,
    0x0, 0x1f, 0x38, 0xd0, 0x2, 0xf3, 0x3f, 0x61,
    0x9e, 0x0, 0x5d, 0xfc, 0x20,

    /* U+0070 "p" */
    0x3e, 0x7d, 0xe6, 0x3, 0xf7, 0x5, 0xf3, 0x3f,
    0x10, 0xe, 0x73, 0xf1, 0x0, 0xe7, 0x3f, 0x91,
    0x6f, 0x33, 0xf7, 0xee, 0x60, 0x3f, 0x10, 0x0,
    0x3, 0xf1, 0x0, 0x0,

    /* U+0071 "q" */
    0x7, 0xee, 0x6f, 0x20, 0x4f, 0x61, 0xaf, 0x20,
    0x8d, 0x0, 0x2f, 0x20, 0x8d, 0x0, 0x2f, 0x20,
    0x4f, 0x51, 0xaf, 0x20, 0x7, 0xee, 0x8f, 0x20,
    0x0, 0x0, 0x1f, 0x62, 0x0, 0x0, 0x9, 0xfa,

    /* U+0072 "r" */
    0x3e, 0x5e, 0x23, 0xfc, 0x40, 0x3f, 0x20, 0x3,
    0xf1, 0x0, 0x3f, 0x10, 0x3, 0xf1, 0x0,

    /* U+0073 "s" */
    0x1a, 0xee, 0x90, 0x7d, 0x12, 0x81, 0x3e, 0xb7,
    0x20, 0x0, 0x59, 0xf4, 0x59, 0x11, 0xd7, 0x1a,
    0xfe, 0x90,

    /* U+0074 "t" */
    0x6, 0x30, 0xc, 0x70, 0xcf, 0xfb, 0xc, 0x70,
    0xc, 0x70, 0xc, 0x70, 0xc, 0x90, 0x8, 0xfb,

    /* U+0075 "u" */
    0x3f, 0x0, 0x7d, 0x3f, 0x0, 0x7d, 0x3f, 0x0,
    0x7d, 0x3f, 0x10, 0x8d, 0x1f, 0x52, 0xdd, 0x9,
    0xfd, 0x8d,

    /* U+0076 "v" */
    0xba, 0x0, 0xc9, 0x5e, 0x1, 0xf3, 0xf, 0x46,
    0xd0, 0xa, 0x9b, 0x80, 0x4, 0xff, 0x20, 0x0,
    0xec, 0x0,

    /* U+0077 "w" */
    0xa9, 0x8, 0xf0, 0x2f, 0x26, 0xd0, 0xce, 0x36,
    0xe0, 0x2f, 0x2e, 0x77, 0xa9, 0x0, 0xd9, 0xb3,
    0xbe, 0x50, 0x9, 0xf7, 0xe, 0xf1, 0x0, 0x4f,
    0x30, 0xbc, 0x0,

    /* U+0078 "x" */
    0x6e, 0x11, 0xe7, 0xb, 0xcb, 0xb0, 0x1, 0xee,
    0x10, 0x2, 0xff, 0x30, 0xc, 0xa9, 0xd0, 0x8d,
    0x0, 0xd9,

    /* U+0079 "y" */
    0xba, 0x0, 0xe6, 0x5f, 0x3, 0xf1, 0xf, 0x48,
    0xb0, 0x9, 0xad, 0x60, 0x4, 0xff, 0x10, 0x0,
    0xeb, 0x0, 0x1, 0xd5, 0x0, 0x5f, 0xa0, 0x0,

    /* U+007A "z" */
    0x7f, 0xff, 0xf4, 0x0, 0xb, 0xd0, 0x0, 0x8e,
    0x20, 0x5, 0xf4, 0x0, 0x3f, 0x70, 0x0, 0x9f,
    0xff, 0xf6,

    /* U+007B "{" */
    0x3, 0xee, 0x7, 0xd0, 0x7, 0xc0, 0x9, 0xb0,
    0x9f, 0x40, 0x1b, 0xa0, 0x7, 0xc0, 0x7, 0xc0,
    0x7, 0xd0, 0x2, 0xee,

    /* U+007C "|" */
    0x2f, 0x12, 0xf1, 0x2f, 0x12, 0xf1, 0x2f, 0x12,
    0xf1, 0x2f, 0x12, 0xf1, 0x2f, 0x12, 0xf1, 0x2f,
    0x12, 0xf1,

    /* U+007D "}" */
    0x9f, 0x70, 0x8, 0xc0, 0x7, 0xc0, 0x6, 0xd0,
    0x1, 0xde, 0x5, 0xe3, 0x7, 0xc0, 0x7, 0xc0,
    0x8, 0xc0, 0x9f, 0x60,

    /* U+007E "~" */
    0x0, 0x0, 0x0, 0x1, 0xcc, 0x51, 0xe0, 0x6a,
    0x3c, 0xfa, 0x0, 0x10, 0x1, 0x0,

    /* U+00A0 " " */

    /* U+00A1 "¡" */
    0xe, 0x70, 0xb5, 0x4, 0x10, 0xb3, 0xd, 0x50,
    0xe6, 0xf, 0x70, 0xf7,

    /* U+00A2 "¢" */
    0x0, 0x28, 0x0, 0x5, 0xef, 0xc2, 0x3f, 0x79,
    0x84, 0x8c, 0x28, 0x0, 0x8c, 0x28, 0x0, 0x4f,
    0x69, 0x74, 0x7, 0xef, 0xc1, 0x0, 0x28, 0x0,

    /* U+00A3 "£" */
    0x1, 0xae, 0xfb, 0x10, 0x9d, 0x22, 0x96, 0x7,
    0xd0, 0x0, 0x1, 0xbf, 0xcb, 0x50, 0x0, 0xab,
    0x0, 0x0, 0xc, 0x70, 0x0, 0x7, 0xfd, 0x62,
    0x70, 0x62, 0x4b, 0xf8,

    /* U+00A4 "¤" */
    0x0, 0x0, 0x0, 0x2, 0xbb, 0xeb, 0xb2, 0xc,
    0x93, 0x9d, 0x1, 0xf0, 0x0, 0xf1, 0xe, 0x60,
    0x6e, 0x1, 0xcd, 0xfe, 0xc1, 0x1, 0x1, 0x1,
    0x0,

    /* U+00A5 "¥" */
    0xbd, 0x0, 0x8, 0xe1, 0x3f, 0x50, 0x1f, 0x70,
    0xa, 0xd0, 0x9d, 0x0, 0x1, 0xf8, 0xf5, 0x0,
    0x0, 0x8f, 0xc0, 0x0, 0x8, 0xbf, 0xdb, 0x0,
    0x8, 0xbf, 0xcb, 0x0, 0x0, 0xf, 0x50, 0x0,

    /* U+00A6 "¦" */
    0x2f, 0x12, 0xf1, 0x2f, 0x12, 0xf1, 0x1a, 0x0,
    0x0, 0x0, 0x1, 0xb0, 0x2f, 0x12, 0xf1, 0x2f,
    0x12, 0xf1,

    /* U+00A7 "§" */
    0x5, 0xdf, 0xb1, 0x0, 0xf6, 0x1a, 0x60, 0xd,
    0xb1, 0x0, 0x2, 0xdc, 0xf9, 0x10, 0xaa, 0x3,
    0xcd, 0x6, 0xf6, 0x2, 0xf1, 0x5, 0xde, 0xd8,
    0x0, 0x0, 0x6f, 0x50, 0xc, 0x41, 0xd8, 0x0,
    0x7e, 0xfa, 0x10,

    /* U+00A8 "¨" */
    0x0, 0x0, 0x6, 0xd2, 0xf1, 0x2, 0x3, 0x0,

    /* U+00A9 "©" */
    0x0, 0x2a, 0xcc, 0x70, 0x0, 0x5b, 0x9c, 0xc8,
    0xc0, 0x1c, 0x3e, 0x13, 0x24, 0x95, 0x84, 0xc0,
    0x0, 0xc, 0x58, 0x2e, 0x12, 0x10, 0xc1, 0xc0,
    0x6c, 0xb2, 0x49, 0x5, 0xb2, 0x0, 0x5c, 0x0,
    0x2, 0xac, 0xc7, 0x0,

    /* U+00AA "ª" */
    0x9, 0xb5, 0x3, 0x7c, 0x3d, 0x7c, 0x2d, 0xad,

    /* U+00AB "«" */
    0x0, 0xd8, 0x4f, 0x30, 0xac, 0x1e, 0x70, 0x2f,
    0x48, 0xe0, 0x0, 0xac, 0x1e, 0x70, 0x1, 0xe8,
    0x4f, 0x30,

    /* U+00AC "¬" */
    0x5f, 0xff, 0xff, 0x90, 0x22, 0x22, 0x9a, 0x0,
    0x0, 0x8, 0xa0, 0x0, 0x0, 0x56,

    /* U+00AE "®" */
    0x0, 0x2a, 0xcc, 0x70, 0x0, 0x5b, 0xfc, 0xc9,
    0xc0, 0x1c, 0xe, 0x17, 0x94, 0x95, 0x80, 0xed,
    0xd2, 0xc, 0x58, 0xe, 0x2e, 0x20, 0xc1, 0xc0,
    0x90, 0x56, 0x49, 0x5, 0xb2, 0x0, 0x5c, 0x0,
    0x2, 0xac, 0xc7, 0x0,

    /* U+00AF "¯" */
    0x7e, 0xed,

    /* U+00B0 "°" */
    0xa, 0xd3, 0x68, 0x1c, 0x68, 0x1c, 0xa, 0xd4,

    /* U+00B1 "±" */
    0x0, 0xf, 0x20, 0x0, 0x0, 0xf2, 0x0, 0x5e,
    0xef, 0xee, 0x60, 0x12, 0xf3, 0x10, 0x2, 0x25,
    0x22, 0x5, 0xff, 0xff, 0xf7,

    /* U+00B2 "²" */
    0xb, 0xca, 0x0, 0x12, 0xc0, 0x4, 0xa1, 0x5,
    0xfd, 0xd0,

    /* U+00B3 "³" */
    0x1a, 0xba, 0x0, 0x1d, 0xa0, 0x2, 0xf, 0x1,
    0xcc, 0x90,

    /* U+00B4 "´" */
    0x2, 0x32, 0xd3,

    /* U+00B6 "¶" */
    0x9, 0xfd, 0xeb, 0x6f, 0xf3, 0xb5, 0x8f, 0xf3,
    0xb5, 0x3f, 0xf3, 0xb5, 0x2, 0xe3, 0xb5, 0x0,
    0xd3, 0xb5, 0x0, 0xd3, 0xb5, 0x0, 0xd3, 0xb5,
    0x0, 0xd3, 0xb5, 0x0, 0xd3, 0xb5,

    /* U+00B7 "·" */
    0x2c, 0x33, 0xf4,

    /* U+00B8 "¸" */
    0x5, 0x0, 0xc9, 0x38, 0x60,

    /* U+00B9 "¹" */
    0x4d, 0x90, 0x69, 0x6, 0x90, 0x69,

    /* U+00BA "º" */
    0x8, 0xb5, 0x4, 0xb0, 0xe0, 0x4a, 0xe, 0x0,
    0xbc, 0x70,

    /* U+00BB "»" */
    0x1e, 0x75, 0xf2, 0x0, 0x4f, 0x3a, 0xc0, 0x0,
    0xcb, 0x1f, 0x50, 0x4f, 0x3a, 0xc0, 0x1e, 0x75,
    0xf2, 0x0,

    /* U+00BC "¼" */
    0x4d, 0x90, 0x0, 0x6c, 0x0, 0x6, 0x90, 0x2,
    0xe2, 0x0, 0x6, 0x90, 0xc, 0x60, 0x0, 0x6,
    0x90, 0x7b, 0x4, 0x30, 0x2, 0x43, 0xe1, 0x3e,
    0x80, 0x0, 0xd, 0x51, 0xb7, 0x80, 0x0, 0x9a,
    0x8, 0xdd, 0xe3, 0x4, 0xd0, 0x0, 0x6, 0x80,

    /* U+00BD "½" */
    0x4d, 0x90, 0x0, 0x6c, 0x0, 0x6, 0x90, 0x2,
    0xe2, 0x0, 0x6, 0x90, 0xc, 0x60, 0x0, 0x6,
    0x90, 0x8b, 0x4b, 0xa0, 0x2, 0x43, 0xe1, 0x71,
    0xc3, 0x0, 0xd, 0x40, 0x3, 0xd0, 0x0, 0xa9,
    0x0, 0x4c, 0x10, 0x4, 0xc0, 0x0, 0xed, 0xd4,

    /* U+00BE "¾" */
    0x9, 0xb6, 0x0, 0x8, 0x80, 0x0, 0x41, 0xe0,
    0x4, 0xe1, 0x0, 0x1, 0xda, 0x1, 0xe4, 0x0,
    0x2, 0x60, 0xf0, 0xa8, 0x5, 0x10, 0x9, 0xb7,
    0x6c, 0x7, 0xf4, 0x0, 0x0, 0x2e, 0x24, 0xbb,
    0x40, 0x0, 0xc, 0x50, 0xcc, 0xed, 0x0, 0x8,
    0xa0, 0x0, 0xa, 0x40,

    /* U+00BF "¿" */
    0x0, 0x5e, 0x20, 0x0, 0x3b, 0x10, 0x0, 0x17,
    0x0, 0x0, 0x9e, 0x0, 0x1c, 0xd2, 0x0, 0xac,
    0x0, 0x0, 0xac, 0x12, 0xc8, 0x1b, 0xee, 0xa1,

    /* U+00C0 "À" */
    0x0, 0x51, 0x0, 0x0, 0x0, 0x7c, 0x10, 0x0,
    0x0, 0x0, 0x0, 0x0, 0x0, 0x1f, 0xd0, 0x0,
    0x0, 0x7d, 0xf3, 0x0, 0x0, 0xd7, 0xb9, 0x0,
    0x3, 0xf1, 0x5f, 0x0, 0x9, 0xc0, 0xf, 0x50,
    0xe, 0xff, 0xff, 0xb0, 0x5f, 0x32, 0x26, 0xf1,
    0xbb, 0x0, 0x0, 0xf7,

    /* U+00C1 "Á" */
    0x0, 0x0, 0x23, 0x0, 0x0, 0x3, 0xd4, 0x0,
    0x0, 0x0, 0x0, 0x0, 0x0, 0x1f, 0xd0, 0x0,
    0x0, 0x7d, 0xf3, 0x0, 0x0, 0xd7, 0xb9, 0x0,
    0x3, 0xf1, 0x5f, 0x0, 0x9, 0xc0, 0xf, 0x50,
    0xe, 0xff, 0xff, 0xb0, 0x5f, 0x32, 0x26, 0xf1,
    0xbb, 0x0, 0x0, 0xf7,

    /* U+00C2 "Â" */
    0x0, 0x5, 0x30, 0x0, 0x0, 0x9a, 0xc6, 0x0,
    0x0, 0x0, 0x0, 0x0, 0x0, 0x1f, 0xd0, 0x0,
    0x0, 0x7d, 0xf3, 0x0, 0x0, 0xd7, 0xb9, 0x0,
    0x3, 0xf1, 0x5f, 0x0, 0x9, 0xc0, 0xf, 0x50,
    0xe, 0xff, 0xff, 0xb0, 0x5f, 0x32, 0x26, 0xf1,
    0xbb, 0x0, 0x0, 0xf7,

    /* U+00C3 "Ã" */
    0x0, 0x9c, 0xc8, 0x0, 0x0, 0x0, 0x0, 0x0,
    0x0, 0x1f, 0xd0, 0x0, 0x0, 0x7d, 0xf3, 0x0,
    0x0, 0xd7, 0xb9, 0x0, 0x3, 0xf1, 0x5f, 0x0,
    0x9, 0xc0, 0xf, 0x50, 0xe, 0xff, 0xff, 0xb0,
    0x5f, 0x32, 0x26, 0xf1, 0xbb, 0x0, 0x0, 0xf7,

    /* U+00C4 "Ä" */
    0x0, 0x0, 0x0, 0x0, 0x0, 0xd5, 0x99, 0x0,
    0x0, 0x20, 0x11, 0x0, 0x0, 0x1f, 0xd0, 0x0,
    0x0, 0x7d, 0xf3, 0x0, 0x0, 0xd7, 0xb9, 0x0,
    0x3, 0xf1, 0x5f, 0x0, 0x9, 0xc0, 0xf, 0x50,
    0xe, 0xff, 0xff, 0xb0, 0x5f, 0x32, 0x26, 0xf1,
    0xbb, 0x0, 0x0, 0xf7,

    /* U+00C5 "Å" */
    0x0, 0x2b, 0xa0, 0x0, 0x0, 0x76, 0xa3, 0x0,
    0x0, 0x2f, 0xe0, 0x0, 0x0, 0x6e, 0xf2, 0x0,
    0x0, 0xc7, 0xb8, 0x0, 0x2, 0xf2, 0x5e, 0x0,
    0x8, 0xc0, 0xf, 0x50, 0xe, 0xff, 0xff, 0xb0,
    0x5f, 0x32, 0x26, 0xf1, 0xbb, 0x0, 0x0, 0xf7,

    /* U+00C6 "Æ" */
    0x0, 0x0, 0xcf, 0xff, 0xff, 0xa0, 0x0, 0x5f,
    0xcb, 0x22, 0x21, 0x0, 0xd, 0x7b, 0xa0, 0x0,
    0x0, 0x7, 0xe0, 0xbf, 0xff, 0x50, 0x1, 0xf5,
    0xb, 0xb3, 0x30, 0x0, 0x9f, 0xff, 0xfa, 0x0,
    0x0, 0x2f, 0x52, 0x2b, 0xb3, 0x33, 0x1b, 0xc0,
    0x0, 0xbf, 0xff, 0xfa,

    /* U+00C7 "Ç" */
    0x0, 0x8e, 0xfc, 0x40, 0xc, 0xd4, 0x28, 0xf2,
    0x4f, 0x30, 0x0, 0x10, 0x7f, 0x0, 0x0, 0x0,
    0x7f, 0x0, 0x0, 0x0, 0x4f, 0x30, 0x0, 0x10,
    0xc, 0xd4, 0x27, 0xf3, 0x1, 0xaf, 0xfd, 0x50,
    0x0, 0x5, 0xa2, 0x0, 0x0, 0x6, 0xb3, 0x0,

    /* U+00C8 "È" */
    0x0, 0x60, 0x0, 0x0, 0x9, 0xb0, 0x0, 0x0,
    0x0, 0x0, 0x2, 0xff, 0xff, 0xf7, 0x2f, 0x52,
    0x22, 0x12, 0xf3, 0x0, 0x0, 0x2f, 0xff, 0xf3,
    0x2, 0xf6, 0x33, 0x0, 0x2f, 0x30, 0x0, 0x2,
    0xf6, 0x33, 0x31, 0x2f, 0xff, 0xff, 0x80,

    /* U+00C9 "É" */
    0x0, 0x0, 0x42, 0x0, 0x0, 0x5d, 0x20, 0x0,
    0x0, 0x0, 0x2, 0xff, 0xff, 0xf7, 0x2f, 0x52,
    0x22, 0x12, 0xf3, 0x0, 0x0, 0x2f, 0xff, 0xf3,
    0x2, 0xf6, 0x33, 0x0, 0x2f, 0x30, 0x0, 0x2,
    0xf6, 0x33, 0x31, 0x2f, 0xff, 0xff, 0x80,

    /* U+00CA "Ê" */
    0x0, 0x6, 0x20, 0x0, 0xb, 0x8d, 0x40, 0x0,
    0x0, 0x0, 0x2, 0xff, 0xff, 0xf7, 0x2f, 0x52,
    0x22, 0x12, 0xf3, 0x0, 0x0, 0x2f, 0xff, 0xf3,
    0x2, 0xf6, 0x33, 0x0, 0x2f, 0x30, 0x0, 0x2,
    0xf6, 0x33, 0x31, 0x2f, 0xff, 0xff, 0x80,

    /* U+00CB "Ë" */
    0x0, 0x0, 0x0, 0x0, 0xf, 0x2c, 0x70, 0x0,
    0x30, 0x21, 0x2, 0xff, 0xff, 0xf7, 0x2f, 0x52,
    0x22, 0x12, 0xf3, 0x0, 0x0, 0x2f, 0xff, 0xf3,
    0x2, 0xf6, 0x33, 0x0, 0x2f, 0x30, 0x0, 0x2,
    0xf6, 0x33, 0x31, 0x2f, 0xff, 0xff, 0x80,

    /* U+00CC "Ì" */
    0x15, 0x0, 0x1, 0xc7, 0x0, 0x0, 0x0, 0x6,
    0xff, 0xf4, 0x4, 0xf2, 0x0, 0x4f, 0x20, 0x4,
    0xf2, 0x0, 0x4f, 0x20, 0x4, 0xf2, 0x0, 0x4f,
    0x20, 0x6f, 0xff, 0x40,

    /* U+00CD "Í" */
    0x0, 0x6, 0x0, 0x9, 0xb0, 0x0, 0x0, 0x6,
    0xff, 0xf4, 0x4, 0xf2, 0x0, 0x4f, 0x20, 0x4,
    0xf2, 0x0, 0x4f, 0x20, 0x4, 0xf2, 0x0, 0x4f,
    0x20, 0x6f, 0xff, 0x40,

    /* U+00CE "Î" */
    0x1, 0x60, 0x2, 0xd8, 0xc1, 0x0, 0x0, 0x6,
    0xff, 0xf4, 0x4, 0xf2, 0x0, 0x4f, 0x20, 0x4,
    0xf2, 0x0, 0x4f, 0x20, 0x4, 0xf2, 0x0, 0x4f,
    0x20, 0x6f, 0xff, 0x40,

    /* U+00CF "Ï" */
    0x0, 0x0, 0x5, 0xe1, 0xf2, 0x2, 0x3, 0x6,
    0xff, 0xf4, 0x4, 0xf2, 0x0, 0x4f, 0x20, 0x4,
    0xf2, 0x0, 0x4f, 0x20, 0x4, 0xf2, 0x0, 0x4f,
    0x20, 0x6f, 0xff, 0x40,

    /* U+00D0 "Ð" */
    0xe, 0xff, 0xea, 0x30, 0xe, 0x82, 0x4a, 0xf3,
    0xe, 0x70, 0x0, 0xca, 0xbf, 0xff, 0x80, 0x9d,
    0x1e, 0x82, 0x10, 0x9d, 0xe, 0x70, 0x0, 0xda,
    0xe, 0x82, 0x4a, 0xf3, 0xe, 0xff, 0xea, 0x30,

    /* U+00D1 "Ñ" */
    0x0, 0x5c, 0xcb, 0x10, 0x0, 0x0, 0x0, 0x0,
    0x2f, 0xf1, 0x0, 0xc9, 0x2f, 0xf9, 0x0, 0xc9,
    0x2f, 0x7f, 0x20, 0xc9, 0x2f, 0x3b, 0xa0, 0xc9,
    0x2f, 0x33, 0xf3, 0xc9, 0x2f, 0x30, 0xab, 0xc9,
    0x2f, 0x30, 0x2f, 0xf9, 0x2f, 0x30, 0x9, 0xf9,

    /* U+00D2 "Ò" */
    0x0, 0x14, 0x0, 0x0, 0x0, 0x1, 0xc6, 0x0,
    0x0, 0x0, 0x0, 0x0, 0x0, 0x0, 0x8, 0xef,
    0xd6, 0x0, 0xb, 0xe5, 0x27, 0xf7, 0x4, 0xf3,
    0x0, 0x8, 0xf0, 0x7f, 0x0, 0x0, 0x3f, 0x37,
    0xf0, 0x0, 0x3, 0xf3, 0x4f, 0x30, 0x0, 0x8f,
    0x0, 0xbe, 0x52, 0x7f, 0x70, 0x0, 0x8e, 0xfd,
    0x60, 0x0,

    /* U+00D3 "Ó" */
    0x0, 0x0, 0x6, 0x0, 0x0, 0x0, 0xa, 0xa0,
    0x0, 0x0, 0x0, 0x0, 0x0, 0x0, 0x8, 0xef,
    0xd6, 0x0, 0xb, 0xe5, 0x27, 0xf7, 0x4, 0xf3,
    0x0, 0x8, 0xf0, 0x7f, 0x0, 0x0, 0x3f, 0x37,
    0xf0, 0x0, 0x3, 0xf3, 0x4f, 0x30, 0x0, 0x8f,
    0x0, 0xbe, 0x52, 0x7f, 0x70, 0x0, 0x8e, 0xfd,
    0x60, 0x0,

    /* U+00D4 "Ô" */
    0x0, 0x1, 0x60, 0x0, 0x0, 0x3, 0xd8, 0xc1,
    0x0, 0x0, 0x0, 0x0, 0x0, 0x0, 0x8, 0xef,
    0xd6, 0x0, 0xb, 0xe5, 0x27, 0xf7, 0x4, 0xf3,
    0x0, 0x8, 0xf0, 0x7f, 0x0, 0x0, 0x3f, 0x37,
    0xf0, 0x0, 0x3, 0xf3, 0x4f, 0x30, 0x0, 0x8f,
    0x0, 0xbe, 0x52, 0x7f, 0x70, 0x0, 0x8e, 0xfd,
    0x60, 0x0,

    /* U+00D5 "Õ" */
    0x0, 0x4b, 0xcb, 0x20, 0x0, 0x0, 0x0, 0x0,
    0x0, 0x0, 0x8e, 0xfd, 0x60, 0x0, 0xbe, 0x52,
    0x7f, 0x70, 0x4f, 0x30, 0x0, 0x8f, 0x7, 0xf0,
    0x0, 0x3, 0xf3, 0x7f, 0x0, 0x0, 0x3f, 0x34,
    0xf3, 0x0, 0x8, 0xf0, 0xb, 0xe5, 0x27, 0xf7,
    0x0, 0x8, 0xef, 0xd6, 0x0,

    /* U+00D6 "Ö" */
    0x0, 0x0, 0x0, 0x0, 0x0, 0x5, 0xd1, 0xf1,
    0x0, 0x0, 0x2, 0x3, 0x0, 0x0, 0x8, 0xef,
    0xd6, 0x0, 0xb, 0xe5, 0x27, 0xf7, 0x4, 0xf3,
    0x0, 0x8, 0xf0, 0x7f, 0x0, 0x0, 0x3f, 0x37,
    0xf0, 0x0, 0x3, 0xf3, 0x4f, 0x30, 0x0, 0x8f,
    0x0, 0xbe, 0x52, 0x7f, 0x70, 0x0, 0x8e, 0xfd,
    0x60, 0x0,

    /* U+00D7 "×" */
    0x4, 0x0, 0x22, 0x2f, 0x72, 0xe8, 0x3, 0xff,
    0x90, 0x2, 0xef, 0x70, 0x2e, 0x83, 0xe7, 0x5,
    0x0, 0x32,

    /* U+00D8 "Ø" */
    0x0, 0x8e, 0xfc, 0x68, 0x0, 0xbe, 0x52, 0x8f,
    0x70, 0x4f, 0x30, 0xa, 0xae, 0x7, 0xf0, 0x9,
    0x43, 0xf2, 0x7f, 0x8, 0x50, 0x3f, 0x33, 0xfa,
    0x70, 0x8, 0xf0, 0xc, 0xf5, 0x27, 0xf7, 0x0,
    0x98, 0xdf, 0xd6, 0x0,

    /* U+00D9 "Ù" */
    0x0, 0x33, 0x0, 0x0, 0x0, 0x4d, 0x30, 0x0,
    0x0, 0x0, 0x0, 0x0, 0x2f, 0x30, 0x0, 0xf6,
    0x2f, 0x30, 0x0, 0xf6, 0x2f, 0x30, 0x0, 0xf6,
    0x2f, 0x30, 0x0, 0xf6, 0x2f, 0x30, 0x0, 0xf6,
    0xf, 0x50, 0x1, 0xf4, 0xc, 0xd4, 0x3a, 0xe1,
    0x2, 0xbf, 0xfc, 0x40,

    /* U+00DA "Ú" */
    0x0, 0x0, 0x15, 0x0, 0x0, 0x1, 0xc7, 0x0,
    0x0, 0x0, 0x0, 0x0, 0x2f, 0x30, 0x0, 0xf6,
    0x2f, 0x30, 0x0, 0xf6, 0x2f, 0x30, 0x0, 0xf6,
    0x2f, 0x30, 0x0, 0xf6, 0x2f, 0x30, 0x0, 0xf6,
    0xf, 0x50, 0x1, 0xf4, 0xc, 0xd4, 0x3a, 0xe1,
    0x2, 0xbf, 0xfc, 0x40,

    /* U+00DB "Û" */
    0x0, 0x3, 0x50, 0x0, 0x0, 0x6c, 0xa9, 0x0,
    0x0, 0x0, 0x0, 0x0, 0x2f, 0x30, 0x0, 0xf6,
    0x2f, 0x30, 0x0, 0xf6, 0x2f, 0x30, 0x0, 0xf6,
    0x2f, 0x30, 0x0, 0xf6, 0x2f, 0x30, 0x0, 0xf6,
    0xf, 0x50, 0x1, 0xf4, 0xc, 0xd4, 0x3a, 0xe1,
    0x2, 0xbf, 0xfc, 0x40,

    /* U+00DC "Ü" */
    0x0, 0x0, 0x0, 0x0, 0x0, 0x99, 0x5e, 0x0,
    0x0, 0x11, 0x2, 0x0, 0x2f, 0x30, 0x0, 0xf6,
    0x2f, 0x30, 0x0, 0xf6, 0x2f, 0x30, 0x0, 0xf6,
    0x2f, 0x30, 0x0, 0xf6, 0x2f, 0x30, 0x0, 0xf6,
    0xf, 0x50, 0x1, 0xf4, 0xc, 0xd4, 0x3a, 0xe1,
    0x2, 0xbf, 0xfc, 0x40,

    /* U+00DD "Ý" */
    0x0, 0x0, 0x41, 0x0, 0x0, 0x6, 0xc1, 0x0,
    0x0, 0x0, 0x0, 0x0, 0xbd, 0x0, 0x9, 0xe0,
    0x2f, 0x60, 0x2f, 0x50, 0x7, 0xe1, 0xbc, 0x0,
    0x0, 0xdc, 0xf2, 0x0, 0x0, 0x4f, 0x90, 0x0,
    0x0, 0xf, 0x50, 0x0, 0x0, 0xf, 0x50, 0x0,
    0x0, 0xf, 0x50, 0x0,

    /* U+00DE "Þ" */
    0x2f, 0x30, 0x0, 0x2, 0xf3, 0x0, 0x0, 0x2f,
    0xff, 0xeb, 0x32, 0xf5, 0x23, 0xcd, 0x2f, 0x30,
    0xa, 0xe2, 0xff, 0xff, 0xe5, 0x2f, 0x52, 0x10,
    0x2, 0xf3, 0x0, 0x0,

    /* U+00DF "ß" */
    0x4, 0xdf, 0xb1, 0x0, 0xf7, 0x9, 0xa0, 0x1f,
    0x20, 0x9a, 0x2, 0xf2, 0xdf, 0x50, 0x2f, 0x22,
    0x6f, 0x62, 0xf2, 0x0, 0x8c, 0x2f, 0x20, 0x1c,
    0xa2, 0xf2, 0xbe, 0xa1,

    /* U+00E0 "à" */
    0x4, 0xb0, 0x0, 0x0, 0x32, 0x0, 0x7, 0xee,
    0xa0, 0x9, 0x20, 0xc7, 0x2, 0x69, 0xe9, 0x5f,
    0x83, 0xa9, 0x9d, 0x1, 0xda, 0x2c, 0xfc, 0x9b,

    /* U+00E1 "á" */
    0x0, 0x6, 0xa0, 0x0, 0x5, 0x0, 0x7, 0xee,
    0xa0, 0x9, 0x20, 0xc7, 0x2, 0x69, 0xe9, 0x5f,
    0x83, 0xa9, 0x9d, 0x1, 0xda, 0x2c, 0xfc, 0x9b,

    /* U+00E2 "â" */
    0x1, 0xbc, 0x40, 0x3, 0x21, 0x40, 0x7, 0xee,
    0xa0, 0x9, 0x20, 0xc7, 0x2, 0x69, 0xe9, 0x5f,
    0x83, 0xa9, 0x9d, 0x1, 0xda, 0x2c, 0xfc, 0x9b,

    /* U+00E3 "ã" */
    0x7, 0xdd, 0xb1, 0x0, 0x0, 0x0, 0x7, 0xee,
    0xa0, 0x9, 0x20, 0xc7, 0x2, 0x69, 0xe9, 0x5f,
    0x83, 0xa9, 0x9d, 0x1, 0xda, 0x2c, 0xfc, 0x9b,

    /* U+00E4 "ä" */
    0x8, 0x94, 0xd0, 0x2, 0x31, 0x40, 0x7, 0xee,
    0xa0, 0x9, 0x20, 0xc7, 0x2, 0x69, 0xe9, 0x5f,
    0x83, 0xa9, 0x9d, 0x1, 0xda, 0x2c, 0xfc, 0x9b,

    /* U+00E5 "å" */
    0x0, 0x9b, 0x20, 0x2, 0xa5, 0x80, 0x0, 0xac,
    0x20, 0x0, 0x0, 0x0, 0x7, 0xee, 0xa0, 0x9,
    0x20, 0xc7, 0x2, 0x69, 0xe9, 0x5f, 0x83, 0xa9,
    0x9d, 0x1, 0xda, 0x2c, 0xfc, 0x9b,

    /* U+00E6 "æ" */
    0x8, 0xee, 0xa5, 0xde, 0xb2, 0x0, 0x71, 0xb,
    0xd1, 0x7, 0xd0, 0x6, 0xbd, 0xff, 0xee, 0xef,
    0x17, 0xe3, 0xa, 0xb0, 0x0, 0x0, 0x9d, 0x24,
    0xef, 0x51, 0x74, 0x1, 0xbf, 0xd5, 0x5e, 0xfb,
    0x20,

    /* U+00E7 "ç" */
    0x6, 0xdf, 0xb1, 0x3f, 0x61, 0x95, 0x8c, 0x0,
    0x0, 0x8d, 0x0, 0x0, 0x3f, 0x61, 0x84, 0x6,
    0xef, 0xb2, 0x0, 0x5a, 0x20, 0x0, 0x6b, 0x40,

    /* U+00E8 "è" */
    0x1, 0xd2, 0x0, 0x0, 0x2, 0x40, 0x0, 0x5,
    0xdf, 0xc3, 0x3, 0xe3, 0x6, 0xe0, 0x8f, 0xee,
    0xef, 0x38, 0xd0, 0x0, 0x0, 0x3f, 0x71, 0x75,
    0x0, 0x5d, 0xfc, 0x30,

    /* U+00E9 "é" */
    0x0, 0x3, 0xd0, 0x0, 0x0, 0x41, 0x0, 0x5,
    0xdf, 0xc3, 0x3, 0xe3, 0x6, 0xe0, 0x8f, 0xee,
    0xef, 0x38, 0xd0, 0x0, 0x0, 0x3f, 0x71, 0x75,
    0x0, 0x5d, 0xfc, 0x30,

    /* U+00EA "ê" */
    0x0, 0x8c, 0x70, 0x0, 0x24, 0x4, 0x10, 0x5,
    0xdf, 0xc3, 0x3, 0xe3, 0x6, 0xe0, 0x8f, 0xee,
    0xef, 0x38, 0xd0, 0x0, 0x0, 0x3f, 0x71, 0x75,
    0x0, 0x5d, 0xfc, 0x30,

    /* U+00EB "ë" */
    0x4, 0xd0, 0xe2, 0x0, 0x14, 0x5, 0x0, 0x5,
    0xdf, 0xc3, 0x3, 0xe3, 0x6, 0xe0, 0x8f, 0xee,
    0xef, 0x38, 0xd0, 0x0, 0x0, 0x3f, 0x71, 0x75,
    0x0, 0x5d, 0xfc, 0x30,

    /* U+00EC "ì" */
    0xb5, 0x0, 0x40, 0xbf, 0x70, 0xd7, 0xd, 0x70,
    0xd7, 0xd, 0x70, 0xd7,

    /* U+00ED "í" */
    0x1, 0xc3, 0x2, 0x20, 0xbf, 0x70, 0xd, 0x70,
    0xd, 0x70, 0xd, 0x70, 0xd, 0x70, 0xd, 0x70,

    /* U+00EE "î" */
    0x6, 0xca, 0x10, 0x30, 0x22, 0xb, 0xf7, 0x0,
    0xd, 0x70, 0x0, 0xd7, 0x0, 0xd, 0x70, 0x0,
    0xd7, 0x0, 0xd, 0x70,

    /* U+00EF "ï" */
    0xd, 0x3a, 0x70, 0x50, 0x32, 0xa, 0xf8, 0x0,
    0xc, 0x80, 0x0, 0xc8, 0x0, 0xc, 0x80, 0x0,
    0xc8, 0x0, 0xc, 0x80,

    /* U+00F0 "ð" */
    0x0, 0x0, 0x0, 0x0, 0xe, 0xca, 0x40, 0x0,
    0x18, 0xb8, 0x0, 0x5d, 0xd8, 0xf0, 0x3f, 0x72,
    0xbf, 0x48, 0xd0, 0x2, 0xf5, 0x8c, 0x0, 0x2f,
    0x33, 0xf5, 0x9, 0xd0, 0x5, 0xdf, 0xc2, 0x0,

    /* U+00F1 "ñ" */
    0x5, 0xcd, 0xc2, 0x0, 0x0, 0x0, 0x3f, 0x8e,
    0xe4, 0x3f, 0x70, 0x9d, 0x3f, 0x10, 0x5e, 0x3f,
    0x10, 0x5f, 0x3f, 0x10, 0x5f, 0x3f, 0x10, 0x5f,

    /* U+00F2 "ò" */
    0x2, 0xc1, 0x0, 0x0, 0x2, 0x30, 0x0, 0x5,
    0xdf, 0xb2, 0x3, 0xf6, 0x1a, 0xd0, 0x8c, 0x0,
    0x1f, 0x38, 0xd0, 0x2, 0xf3, 0x3f, 0x61, 0x9e,
    0x0, 0x5d, 0xfc, 0x20,

    /* U+00F3 "ó" */
    0x0, 0x4, 0xc0, 0x0, 0x0, 0x51, 0x0, 0x5,
    0xdf, 0xb2, 0x3, 0xf6, 0x1a, 0xd0, 0x8c, 0x0,
    0x1f, 0x38, 0xd0, 0x2, 0xf3, 0x3f, 0x61, 0x9e,
    0x0, 0x5d, 0xfc, 0x20,

    /* U+00F4 "ô" */
    0x0, 0x9c, 0x60, 0x0, 0x23, 0x4, 0x10, 0x5,
    0xdf, 0xb2, 0x3, 0xf6, 0x1a, 0xd0, 0x8c, 0x0,
    0x1f, 0x38, 0xd0, 0x2, 0xf3, 0x3f, 0x61, 0x9e,
    0x0, 0x5d, 0xfc, 0x20,

    /* U+00F5 "õ" */
    0x5, 0xcd, 0xc2, 0x0, 0x0, 0x0, 0x0, 0x5,
    0xdf, 0xb2, 0x3, 0xf6, 0x1a, 0xd0, 0x8c, 0x0,
    0x1f, 0x38, 0xd0, 0x2, 0xf3, 0x3f, 0x61, 0x9e,
    0x0, 0x5d, 0xfc, 0x20,

    /* U+00F6 "ö" */
    0x5, 0xc2, 0xe1, 0x0, 0x14, 0x5, 0x0, 0x5,
    0xdf, 0xb2, 0x3, 0xf6, 0x1a, 0xd0, 0x8c, 0x0,
    0x1f, 0x38, 0xd0, 0x2, 0xf3, 0x3f, 0x61, 0x9e,
    0x0, 0x5d, 0xfc, 0x20,

    /* U+00F7 "÷" */
    0x0, 0x1e, 0x40, 0x0, 0x0, 0x81, 0x0, 0x0,
    0x0, 0x0, 0x6, 0xff, 0xff, 0xf9, 0x12, 0x2b,
    0x42, 0x10, 0x1, 0xe4, 0x0,

    /* U+00F8 "ø" */
    0x0, 0x0, 0x0, 0x0, 0x5d, 0xfb, 0xb0, 0x3f,
    0x62, 0xee, 0x8, 0xc0, 0xa6, 0xf3, 0x8d, 0x85,
    0x2f, 0x33, 0xfa, 0x19, 0xe0, 0x2b, 0xdf, 0xc2,
    0x0, 0x0, 0x0, 0x0,

    /* U+00F9 "ù" */
    0x3, 0xc1, 0x0, 0x0, 0x22, 0x0, 0x3f, 0x0,
    0x7d, 0x3f, 0x0, 0x7d, 0x3f, 0x0, 0x7d, 0x3f,
    0x10, 0x8d, 0x1f, 0x52, 0xdd, 0x9, 0xfd, 0x8d,

    /* U+00FA "ú" */
    0x0, 0x5, 0xb0, 0x0, 0x4, 0x0, 0x3f, 0x0,
    0x7d, 0x3f, 0x0, 0x7d, 0x3f, 0x0, 0x7d, 0x3f,
    0x10, 0x8d, 0x1f, 0x52, 0xdd, 0x9, 0xfd, 0x8d,

    /* U+00FB "û" */
    0x1, 0xac, 0x60, 0x2, 0x20, 0x30, 0x3f, 0x0,
    0x7d, 0x3f, 0x0, 0x7d, 0x3f, 0x0, 0x7d, 0x3f,
    0x10, 0x8d, 0x1f, 0x52, 0xdd, 0x9, 0xfd, 0x8d,

    /* U+00FC "ü" */
    0x6, 0xb2, 0xe0, 0x1, 0x30, 0x50, 0x3f, 0x0,
    0x7d, 0x3f, 0x0, 0x7d, 0x3f, 0x0, 0x7d, 0x3f,
    0x10, 0x8d, 0x1f, 0x52, 0xdd, 0x9, 0xfd, 0x8d,

    /* U+00FD "ý" */
    0x0, 0xb, 0x50, 0x0, 0x23, 0x0, 0xba, 0x0,
    0xe6, 0x5f, 0x3, 0xf1, 0xf, 0x48, 0xb0, 0x9,
    0xad, 0x60, 0x4, 0xff, 0x10, 0x0, 0xeb, 0x0,
    0x1, 0xd5, 0x0, 0x5f, 0xa0, 0x0,

    /* U+00FE "þ" */
    0x3f, 0x10, 0x0, 0x3, 0xf1, 0x0, 0x0, 0x3f,
    0x7e, 0xe6, 0x3, 0xf9, 0x17, 0xf3, 0x3f, 0x10,
    0xe, 0x73, 0xf1, 0x0, 0xe7, 0x3f, 0x91, 0x6f,
    0x33, 0xf7, 0xee, 0x60, 0x3f, 0x10, 0x0, 0x3,
    0xf1, 0x0, 0x0,

    /* U+00FF "ÿ" */
    0xc, 0x48, 0x80, 0x4, 0x12, 0x20, 0xba, 0x0,
    0xe6, 0x5f, 0x3, 0xf1, 0xf, 0x48, 0xb0, 0x9,
    0xad, 0x60, 0x4, 0xff, 0x10, 0x0, 0xeb, 0x0,
    0x1, 0xd5, 0x0, 0x5f, 0xa0, 0x0,

    /* U+0100 "Ā" */
    0x0, 0xbe, 0xe8, 0x0, 0x0, 0x0, 0x0, 0x0,
    0x0, 0x1f, 0xd0, 0x0, 0x0, 0x7d, 0xf3, 0x0,
    0x0, 0xd7, 0xb9, 0x0, 0x3, 0xf1, 0x5f, 0x0,
    0x9, 0xc0, 0xf, 0x50, 0xe, 0xff, 0xff, 0xb0,
    0x5f, 0x32, 0x26, 0xf1, 0xbb, 0x0, 0x0, 0xf7,

    /* U+0101 "ā" */
    0x7, 0xee, 0xc0, 0x0, 0x0, 0x0, 0x7, 0xee,
    0xa0, 0x9, 0x20, 0xc7, 0x2, 0x69, 0xe9, 0x5f,
    0x83, 0xa9, 0x9d, 0x1, 0xda, 0x2c, 0xfc, 0x9b,

    /* U+0102 "Ă" */
    0x0, 0x6d, 0xc4, 0x0, 0x0, 0x0, 0x0, 0x0,
    0x0, 0x1f, 0xd0, 0x0, 0x0, 0x7d, 0xf3, 0x0,
    0x0, 0xd7, 0xb9, 0x0, 0x3, 0xf1, 0x5f, 0x0,
    0x9, 0xc0, 0xf, 0x50, 0xe, 0xff, 0xff, 0xb0,
    0x5f, 0x32, 0x26, 0xf1, 0xbb, 0x0, 0x0, 0xf7,

    /* U+0103 "ă" */
    0x3, 0xcd, 0x70, 0x0, 0x0, 0x0, 0x7, 0xee,
    0xa0, 0x9, 0x20, 0xc7, 0x2, 0x69, 0xe9, 0x5f,
    0x83, 0xa9, 0x9d, 0x1, 0xda, 0x2c, 0xfc, 0x9b,

    /* U+0104 "Ą" */
    0x0, 0x1f, 0xd0, 0x0, 0x0, 0x7d, 0xf3, 0x0,
    0x0, 0xd7, 0xb9, 0x0, 0x3, 0xf1, 0x5f, 0x0,
    0x9, 0xc0, 0xf, 0x50, 0xe, 0xff, 0xff, 0xb0,
    0x5f, 0x32, 0x26, 0xf1, 0xbb, 0x0, 0x0, 0xf7,
    0x0, 0x0, 0x3, 0xc1, 0x0, 0x0, 0x4, 0xe7,

    /* U+0105 "ą" */
    0x7, 0xee, 0xb0, 0x9, 0x20, 0xc7, 0x2, 0x69,
    0xe9, 0x5f, 0x83, 0xa9, 0x9d, 0x1, 0xda, 0x2c,
    0xfc, 0x9b, 0x0, 0x2, 0xd0, 0x0, 0x1, 0xd9,

    /* U+0106 "Ć" */
    0x0, 0x0, 0x6, 0x0, 0x0, 0x0, 0xb9, 0x0,
    0x0, 0x0, 0x0, 0x0, 0x0, 0x9e, 0xfc, 0x40,
    0xc, 0xd4, 0x28, 0xf2, 0x4f, 0x30, 0x0, 0x10,
    0x7f, 0x0, 0x0, 0x0, 0x7f, 0x0, 0x0, 0x0,
    0x4f, 0x30, 0x0, 0x10, 0xc, 0xd4, 0x28, 0xf3,
    0x1, 0x9e, 0xfc, 0x40,

    /* U+0107 "ć" */
    0x0, 0x4, 0xc0, 0x0, 0x5, 0x0, 0x6, 0xdf,
    0xb1, 0x3f, 0x61, 0x95, 0x8c, 0x0, 0x0, 0x8d,
    0x0, 0x0, 0x4f, 0x61, 0x84, 0x6, 0xef, 0xb1,

    /* U+010A "Ċ" */
    0x0, 0x0, 0x0, 0x0, 0x0, 0x5, 0xe0, 0x0,
    0x0, 0x0, 0x20, 0x0, 0x0, 0x9e, 0xfc, 0x40,
    0xc, 0xd4, 0x28, 0xf2, 0x4f, 0x30, 0x0, 0x10,
    0x7f, 0x0, 0x0, 0x0, 0x7f, 0x0, 0x0, 0x0,
    0x4f, 0x30, 0x0, 0x10, 0xc, 0xd4, 0x28, 0xf3,
    0x1, 0x9e, 0xfc, 0x40,

    /* U+010B "ċ" */
    0x0, 0x3d, 0x0, 0x0, 0x4, 0x0, 0x6, 0xdf,
    0xb1, 0x3f, 0x61, 0x95, 0x8c, 0x0, 0x0, 0x8d,
    0x0, 0x0, 0x4f, 0x61, 0x84, 0x6, 0xef, 0xb1,

    /* U+010C "Č" */
    0x0, 0x45, 0x17, 0x0, 0x0, 0x9, 0xd4, 0x0,
    0x0, 0x0, 0x0, 0x0, 0x0, 0x9e, 0xfc, 0x40,
    0xc, 0xd4, 0x28, 0xf2, 0x4f, 0x30, 0x0, 0x10,
    0x7f, 0x0, 0x0, 0x0, 0x7f, 0x0, 0x0, 0x0,
    0x4f, 0x30, 0x0, 0x10, 0xc, 0xd4, 0x28, 0xf3,
    0x1, 0x9e, 0xfc, 0x40,

    /* U+010D "č" */
    0x3, 0xc9, 0xb1, 0x0, 0x14, 0x0, 0x6, 0xdf,
    0xb1, 0x3f, 0x61, 0x95, 0x8c, 0x0, 0x0, 0x8d,
    0x0, 0x0, 0x4f, 0x61, 0x84, 0x6, 0xef, 0xb1,

    /* U+010E "Ď" */
    0x0, 0x72, 0x45, 0x0, 0x0, 0x5d, 0xe2, 0x0,
    0x0, 0x5, 0x30, 0x0, 0x2f, 0xff, 0xd9, 0x10,
    0x2f, 0x52, 0x5c, 0xd0, 0x2f, 0x30, 0x1, 0xf6,
    0x2f, 0x30, 0x0, 0xc9, 0x2f, 0x30, 0x0, 0xc9,
    0x2f, 0x30, 0x1, 0xf6, 0x2f, 0x52, 0x5d, 0xe0,
    0x2f, 0xff, 0xd8, 0x10,

    /* U+010F "ď" */
    0x0, 0x0, 0x2f, 0x2d, 0x0, 0x0, 0x2, 0xf3,
    0xb0, 0x7, 0xee, 0x7f, 0x20, 0x4, 0xf6, 0x1a,
    0xf2, 0x0, 0x8d, 0x0, 0x2f, 0x20, 0x8, 0xd0,
    0x2, 0xf2, 0x0, 0x4f, 0x61, 0xaf, 0x20, 0x0,
    0x7e, 0xe6, 0xf4, 0x0,

    /* U+0110 "Đ" */
    0xe, 0xff, 0xea, 0x30, 0xe, 0x82, 0x4a, 0xf3,
    0xe, 0x70, 0x0, 0xca, 0xbf, 0xff, 0x80, 0x9d,
    0x1e, 0x82, 0x10, 0x9d, 0xe, 0x70, 0x0, 0xda,
    0xe, 0x82, 0x4a, 0xf3, 0xe, 0xff, 0xea, 0x30,

    /* U+0111 "đ" */
    0x0, 0xc, 0xdf, 0xd2, 0x0, 0x0, 0x2f, 0x20,
    0x7, 0xee, 0x7f, 0x20, 0x4f, 0x61, 0xaf, 0x20,
    0x8d, 0x0, 0x2f, 0x20, 0x8d, 0x0, 0x2f, 0x20,
    0x4f, 0x61, 0xaf, 0x20, 0x7, 0xee, 0x6f, 0x40,

    /* U+0112 "Ē" */
    0x0, 0xee, 0xe5, 0x0, 0x0, 0x0, 0x0, 0x2f,
    0xff, 0xff, 0x72, 0xf5, 0x22, 0x21, 0x2f, 0x30,
    0x0, 0x2, 0xff, 0xff, 0x30, 0x2f, 0x63, 0x30,
    0x2, 0xf3, 0x0, 0x0, 0x2f, 0x63, 0x33, 0x12,
    0xff, 0xff, 0xf8,

    /* U+0113 "ē" */
    0x3, 0xee, 0xe2, 0x0, 0x0, 0x0, 0x0, 0x5,
    0xdf, 0xc3, 0x3, 0xe3, 0x6, 0xe0, 0x8f, 0xee,
    0xef, 0x38, 0xd0, 0x0, 0x0, 0x3f, 0x71, 0x75,
    0x0, 0x5d, 0xfc, 0x30,

    /* U+0116 "Ė" */
    0x0, 0x0, 0x0, 0x0, 0x0, 0xe5, 0x0, 0x0,
    0x3, 0x0, 0x2, 0xff, 0xff, 0xf7, 0x2f, 0x52,
    0x22, 0x12, 0xf3, 0x0, 0x0, 0x2f, 0xff, 0xf3,
    0x2, 0xf6, 0x33, 0x0, 0x2f, 0x30, 0x0, 0x2,
    0xf6, 0x33, 0x31, 0x2f, 0xff, 0xff, 0x80,

    /* U+0117 "ė" */
    0x0, 0x2e, 0x10, 0x0, 0x0, 0x50, 0x0, 0x5,
    0xdf, 0xc3, 0x3, 0xe3, 0x6, 0xe0, 0x8f, 0xee,
    0xef, 0x38, 0xd0, 0x0, 0x0, 0x3f, 0x71, 0x75,
    0x0, 0x5d, 0xfc, 0x30,

    /* U+0118 "Ę" */
    0x2f, 0xff, 0xff, 0x72, 0xf5, 0x22, 0x21, 0x2f,
    0x30, 0x0, 0x2, 0xff, 0xff, 0x30, 0x2f, 0x63,
    0x30, 0x2, 0xf3, 0x0, 0x0, 0x2f, 0x63, 0x33,
    0x12, 0xff, 0xff, 0xf8, 0x0, 0x0, 0x5b, 0x10,
    0x0, 0x6, 0xe6,

    /* U+0119 "ę" */
    0x5, 0xdf, 0xc3, 0x3, 0xe3, 0x6, 0xe0, 0x8f,
    0xee, 0xef, 0x38, 0xd0, 0x0, 0x0, 0x3f, 0x61,
    0x75, 0x0, 0x5d, 0xfe, 0x30, 0x0, 0xa, 0x60,
    0x0, 0x0, 0x7d, 0x40,

    /* U+011A "Ě" */
    0x1, 0x70, 0x54, 0x0, 0x8, 0xdd, 0x10, 0x0,
    0x6, 0x10, 0x2, 0xff, 0xff, 0xf7, 0x2f, 0x52,
    0x22, 0x12, 0xf3, 0x0, 0x0, 0x2f, 0xff, 0xf3,
    0x2, 0xf6, 0x33, 0x0, 0x2f, 0x30, 0x0, 0x2,
    0xf6, 0x33, 0x31, 0x2f, 0xff, 0xff, 0x80,

    /* U+011B "ě" */
    0x2, 0xc8, 0xb1, 0x0, 0x0, 0x40, 0x0, 0x5,
    0xdf, 0xc3, 0x3, 0xe3, 0x6, 0xe0, 0x8f, 0xee,
    0xef, 0x38, 0xd0, 0x0, 0x0, 0x3f, 0x71, 0x75,
    0x0, 0x5d, 0xfc, 0x30,

    /* U+011E "Ğ" */
    0x0, 0x34, 0x16, 0x0, 0x0, 0x1b, 0xd5, 0x0,
    0x0, 0x0, 0x0, 0x0, 0x0, 0x8e, 0xfc, 0x40,
    0xc, 0xe4, 0x28, 0xf3, 0x4f, 0x30, 0x0, 0x20,
    0x7f, 0x0, 0x0, 0x0, 0x7f, 0x0, 0xbf, 0xfc,
    0x4f, 0x30, 0x12, 0xac, 0xc, 0xe5, 0x26, 0xec,
    0x1, 0xae, 0xfb, 0x5c,

    /* U+011F "ğ" */
    0x1, 0xbd, 0xa0, 0x0, 0x0, 0x0, 0x0, 0x7,
    0xee, 0x6f, 0x14, 0xf5, 0x1a, 0xf1, 0x8d, 0x0,
    0x2f, 0x18, 0xd0, 0x2, 0xf1, 0x4f, 0x51, 0xaf,
    0x10, 0x7e, 0xe8, 0xf1, 0x5, 0x20, 0x6e, 0x0,
    0x7f, 0xfe, 0x40, 0x0, 0x1, 0x0, 0x0,

    /* U+0120 "Ġ" */
    0x0, 0x0, 0x0, 0x0, 0x0, 0x6, 0xd0, 0x0,
    0x0, 0x0, 0x20, 0x0, 0x0, 0x8e, 0xfc, 0x40,
    0xc, 0xe4, 0x28, 0xf3, 0x4f, 0x30, 0x0, 0x20,
    0x7f, 0x0, 0x0, 0x0, 0x7f, 0x0, 0xbf, 0xfc,
    0x4f, 0x30, 0x12, 0xac, 0xc, 0xe5, 0x26, 0xec,
    0x1, 0xae, 0xfb, 0x5c,

    /* U+0121 "ġ" */
    0x0, 0x2e, 0x0, 0x0, 0x0, 0x50, 0x0, 0x7,
    0xee, 0x6f, 0x14, 0xf5, 0x1a, 0xf1, 0x8d, 0x0,
    0x2f, 0x18, 0xd0, 0x2, 0xf1, 0x4f, 0x51, 0xaf,
    0x10, 0x7e, 0xe8, 0xf1, 0x5, 0x20, 0x6e, 0x0,
    0x7f, 0xfe, 0x40, 0x0, 0x1, 0x0, 0x0,

    /* U+0122 "Ģ" */
    0x0, 0x8e, 0xfc, 0x40, 0xc, 0xe4, 0x28, 0xf3,
    0x4f, 0x30, 0x0, 0x20, 0x7f, 0x0, 0x0, 0x0,
    0x7f, 0x0, 0xbf, 0xfc, 0x4f, 0x30, 0x12, 0xac,
    0xc, 0xe5, 0x26, 0xec, 0x1, 0xae, 0xfb, 0x5c,
    0x0, 0x1, 0x50, 0x0, 0x0, 0x0, 0xe1, 0x0,
    0x0, 0x6, 0xb0, 0x0,

    /* U+0123 "ģ" */
    0x0, 0x2c, 0x30, 0x0, 0x5, 0xb0, 0x0, 0x0,
    0x2, 0x0, 0x0, 0x7e, 0xe6, 0xf1, 0x4f, 0x51,
    0xaf, 0x18, 0xd0, 0x2, 0xf1, 0x8d, 0x0, 0x2f,
    0x14, 0xf5, 0x1a, 0xf1, 0x7, 0xee, 0x8f, 0x10,
    0x52, 0x6, 0xe0, 0x7, 0xff, 0xe4, 0x0, 0x0,
    0x10, 0x0,

    /* U+0126 "Ħ" */
    0x2f, 0x30, 0x0, 0xe8, 0xd, 0xff, 0xff, 0xff,
    0xf3, 0x2f, 0x30, 0x0, 0xe8, 0x2, 0xff, 0xff,
    0xff, 0x80, 0x2f, 0x63, 0x33, 0xe8, 0x2, 0xf3,
    0x0, 0xe, 0x80, 0x2f, 0x30, 0x0, 0xe8, 0x2,
    0xf3, 0x0, 0xe, 0x80,

    /* U+0127 "ħ" */
    0x3, 0xf1, 0x0, 0x3, 0xef, 0xdb, 0x0, 0x3,
    0xf7, 0xee, 0x40, 0x3f, 0x81, 0xad, 0x3, 0xf1,
    0x5, 0xe0, 0x3f, 0x10, 0x5f, 0x3, 0xf1, 0x5,
    0xf0, 0x3f, 0x10, 0x5f,

    /* U+012A "Ī" */
    0x3e, 0xee, 0x10, 0x0, 0x0, 0x6f, 0xff, 0x40,
    0x4f, 0x20, 0x4, 0xf2, 0x0, 0x4f, 0x20, 0x4,
    0xf2, 0x0, 0x4f, 0x20, 0x4, 0xf2, 0x6, 0xff,
    0xf4,

    /* U+012B "ī" */
    0xee, 0xe5, 0x0, 0x0, 0xbf, 0x70, 0xd, 0x70,
    0xd, 0x70, 0xd, 0x70, 0xd, 0x70, 0xd, 0x70,

    /* U+012E "Į" */
    0x6f, 0xff, 0x40, 0x4f, 0x20, 0x4, 0xf2, 0x0,
    0x4f, 0x20, 0x4, 0xf2, 0x0, 0x4f, 0x20, 0x4,
    0xf2, 0x6, 0xff, 0xf4, 0x0, 0xa7, 0x0, 0xa,
    0xd2,

    /* U+012F "į" */
    0xd, 0x50, 0x83, 0xbf, 0x70, 0xd7, 0xd, 0x70,
    0xd7, 0xd, 0x70, 0xd7, 0x79, 0x6, 0xd5,

    /* U+0130 "İ" */
    0x0, 0x0, 0x0, 0x3f, 0x0, 0x0, 0x30, 0x6,
    0xff, 0xf4, 0x4, 0xf2, 0x0, 0x4f, 0x20, 0x4,
    0xf2, 0x0, 0x4f, 0x20, 0x4, 0xf2, 0x0, 0x4f,
    0x20, 0x6f, 0xff, 0x40,

    /* U+0131 "ı" */
    0xbf, 0x70, 0xd7, 0xd, 0x70, 0xd7, 0xd, 0x70,
    0xd7,

    /* U+0132 "Ĳ" */
    0x6f, 0xff, 0x40, 0x0, 0xf, 0x60, 0x4f, 0x20,
    0x0, 0x0, 0xf6, 0x4, 0xf2, 0x0, 0x0, 0xf,
    0x60, 0x4f, 0x20, 0x0, 0x0, 0xf6, 0x4, 0xf2,
    0x0, 0x0, 0xf, 0x60, 0x4f, 0x20, 0x52, 0x0,
    0xf5, 0x4, 0xf2, 0xc, 0xa0, 0x6f, 0x26, 0xff,
    0xf4, 0x2c, 0xfd, 0x50,

    /* U+0133 "ĳ" */
    0xd, 0x50, 0xd7, 0x8, 0x30, 0x84, 0xbf, 0x70,
    0xd7, 0xd, 0x70, 0xd7, 0xd, 0x70, 0xd7, 0xd,
    0x70, 0xd7, 0xd, 0x70, 0xd7, 0xd, 0x70, 0xd7,
    0x0, 0x2, 0xe6, 0x0, 0x8f, 0xc1,

    /* U+0136 "Ķ" */
    0x2f, 0x30, 0xc, 0xc0, 0x2f, 0x30, 0xbd, 0x10,
    0x2f, 0x3a, 0xe1, 0x0, 0x2f, 0xbf, 0x60, 0x0,
    0x2f, 0xfb, 0xe1, 0x0, 0x2f, 0x50, 0xdc, 0x0,
    0x2f, 0x30, 0x2f, 0x80, 0x2f, 0x30, 0x6, 0xf3,
    0x0, 0x2, 0x20, 0x0, 0x0, 0x5, 0xc0, 0x0,
    0x0, 0xa, 0x70, 0x0,

    /* U+0137 "ķ" */
    0x3f, 0x10, 0x0, 0x3, 0xf1, 0x0, 0x0, 0x3f,
    0x12, 0xf6, 0x3, 0xf2, 0xe7, 0x0, 0x3f, 0xdc,
    0x0, 0x3, 0xfb, 0xf5, 0x0, 0x3f, 0x17, 0xe1,
    0x3, 0xf1, 0xc, 0xc0, 0x0, 0x13, 0x0, 0x0,
    0x1, 0xf0, 0x0, 0x0, 0x7a, 0x0, 0x0,

    /* U+0139 "Ĺ" */
    0x0, 0x0, 0x60, 0x0, 0x0, 0xb9, 0x0, 0x0,
    0x0, 0x0, 0x2, 0xf3, 0x0, 0x0, 0x2f, 0x30,
    0x0, 0x2, 0xf3, 0x0, 0x0, 0x2f, 0x30, 0x0,
    0x2, 0xf3, 0x0, 0x0, 0x2f, 0x30, 0x0, 0x2,
    0xf6, 0x33, 0x31, 0x2f, 0xff, 0xff, 0x60,

    /* U+013A "ĺ" */
    0x2, 0xd0, 0xc, 0x80, 0x0, 0x0, 0x4f, 0x0,
    0x4f, 0x0, 0x4f, 0x0, 0x4f, 0x0, 0x4f, 0x0,
    0x4f, 0x0, 0x3f, 0x20, 0x1d, 0xf3,

    /* U+013B "Ļ" */
    0x2f, 0x30, 0x0, 0x2, 0xf3, 0x0, 0x0, 0x2f,
    0x30, 0x0, 0x2, 0xf3, 0x0, 0x0, 0x2f, 0x30,
    0x0, 0x2, 0xf3, 0x0, 0x0, 0x2f, 0x63, 0x33,
    0x12, 0xff, 0xff, 0xf6, 0x0, 0x3, 0x0, 0x0,
    0x0, 0xd2, 0x0, 0x0, 0x5b, 0x0, 0x0,

    /* U+013C "ļ" */
    0x4f, 0x0, 0x4f, 0x0, 0x4f, 0x0, 0x4f, 0x0,
    0x4f, 0x0, 0x4f, 0x0, 0x3f, 0x20, 0x1d, 0xf3,
    0x3, 0x0, 0x9, 0x80, 0x2b, 0x40,

    /* U+013D "Ľ" */
    0x2f, 0x37, 0x60, 0x2, 0xf3, 0xb2, 0x0, 0x2f,
    0x30, 0x0, 0x2, 0xf3, 0x0, 0x0, 0x2f, 0x30,
    0x0, 0x2, 0xf3, 0x0, 0x0, 0x2f, 0x63, 0x33,
    0x12, 0xff, 0xff, 0xf6,

    /* U+013E "ľ" */
    0x4f, 0x1d, 0x4f, 0x49, 0x4f, 0x0, 0x4f, 0x0,
    0x4f, 0x0, 0x4f, 0x0, 0x3f, 0x20, 0x1d, 0xf3,

    /* U+0141 "Ł" */
    0xc, 0x90, 0x0, 0x0, 0xc9, 0x0, 0x0, 0xc,
    0x95, 0x90, 0x0, 0xcf, 0xc3, 0x0, 0x8f, 0xa0,
    0x0, 0x7, 0xd9, 0x0, 0x0, 0xc, 0xa3, 0x33,
    0x20, 0xcf, 0xff, 0xfc,

    /* U+0142 "ł" */
    0xf, 0x40, 0xf, 0x40, 0xf, 0x40, 0xf, 0xe4,
    0x8f, 0x50, 0x2f, 0x40, 0xf, 0x50, 0xb, 0xf6,

    /* U+0143 "Ń" */
    0x0, 0x0, 0x5, 0x0, 0x0, 0x0, 0xc8, 0x0,
    0x0, 0x0, 0x0, 0x0, 0x2f, 0xf1, 0x0, 0xc9,
    0x2f, 0xf9, 0x0, 0xc9, 0x2f, 0x7f, 0x20, 0xc9,
    0x2f, 0x3b, 0xa0, 0xc9, 0x2f, 0x33, 0xf3, 0xc9,
    0x2f, 0x30, 0xab, 0xc9, 0x2f, 0x30, 0x2f, 0xf9,
    0x2f, 0x30, 0x9, 0xf9,

    /* U+0144 "ń" */
    0x0, 0x5, 0xc0, 0x0, 0x4, 0x0, 0x3f, 0x8e,
    0xe4, 0x3f, 0x70, 0x9d, 0x3f, 0x10, 0x5e, 0x3f,
    0x10, 0x5f, 0x3f, 0x10, 0x5f, 0x3f, 0x10, 0x5f,

    /* U+0145 "Ņ" */
    0x2f, 0xf1, 0x0, 0xc9, 0x2f, 0xf9, 0x0, 0xc9,
    0x2f, 0x7f, 0x20, 0xc9, 0x2f, 0x3b, 0xa0, 0xc9,
    0x2f, 0x33, 0xf3, 0xc9, 0x2f, 0x30, 0xab, 0xc9,
    0x2f, 0x30, 0x2f, 0xf9, 0x2f, 0x30, 0x9, 0xf9,
    0x0, 0x0, 0x30, 0x0, 0x0, 0x1, 0xe1, 0x0,
    0x0, 0x6, 0xb0, 0x0,

    /* U+0146 "ņ" */
    0x3f, 0x8e, 0xe4, 0x3f, 0x70, 0x9d, 0x3f, 0x10,
    0x5e, 0x3f, 0x10, 0x5f, 0x3f, 0x10, 0x5f, 0x3f,
    0x10, 0x5f, 0x0, 0x3, 0x0, 0x0, 0xd, 0x30,
    0x0, 0x5c, 0x10,

    /* U+0147 "Ň" */
    0x0, 0x54, 0x17, 0x0, 0x0, 0x1e, 0xd6, 0x0,
    0x0, 0x2, 0x50, 0x0, 0x2f, 0xf1, 0x0, 0xc9,
    0x2f, 0xf9, 0x0, 0xc9, 0x2f, 0x7f, 0x20, 0xc9,
    0x2f, 0x3b, 0xa0, 0xc9, 0x2f, 0x33, 0xf3, 0xc9,
    0x2f, 0x30, 0xab, 0xc9, 0x2f, 0x30, 0x2f, 0xf9,
    0x2f, 0x30, 0x9, 0xf9,

    /* U+0148 "ň" */
    0x3, 0xc9, 0xa1, 0x0, 0x3, 0x0, 0x3f, 0x8e,
    0xe4, 0x3f, 0x70, 0x9d, 0x3f, 0x10, 0x5e, 0x3f,
    0x10, 0x5f, 0x3f, 0x10, 0x5f, 0x3f, 0x10, 0x5f,

    /* U+0150 "Ő" */
    0x0, 0x0, 0x60, 0x60, 0x0, 0x0, 0xa8, 0xa8,
    0x0, 0x0, 0x0, 0x0, 0x0, 0x0, 0x8, 0xef,
    0xd6, 0x0, 0xb, 0xe5, 0x27, 0xf7, 0x4, 0xf3,
    0x0, 0x8, 0xf0, 0x7f, 0x0, 0x0, 0x3f, 0x37,
    0xf0, 0x0, 0x3, 0xf3, 0x4f, 0x30, 0x0, 0x8f,
    0x0, 0xbe, 0x52, 0x7f, 0x70, 0x0, 0x8e, 0xfd,
    0x60, 0x0,

    /* U+0151 "ő" */
    0x0, 0x4c, 0x4c, 0x0, 0x5, 0x15, 0x0, 0x5,
    0xdf, 0xb2, 0x3, 0xf6, 0x1a, 0xd0, 0x8c, 0x0,
    0x1f, 0x38, 0xd0, 0x2, 0xf3, 0x3f, 0x61, 0x9e,
    0x0, 0x5d, 0xfc, 0x20,

    /* U+0152 "Œ" */
    0x0, 0x9e, 0xea, 0xaf, 0xff, 0xfa, 0xc, 0xe7,
    0x6c, 0xfd, 0x55, 0x53, 0x4f, 0x30, 0x0, 0xeb,
    0x0, 0x0, 0x7f, 0x0, 0x0, 0xaf, 0xff, 0x60,
    0x7f, 0x0, 0x0, 0xac, 0x33, 0x10, 0x4f, 0x30,
    0x0, 0xeb, 0x0, 0x0, 0xc, 0xe7, 0x6c, 0xfd,
    0x55, 0x53, 0x1, 0x9e, 0xea, 0xaf, 0xff, 0xfb,

    /* U+0153 "œ" */
    0x5, 0xdf, 0xc2, 0x8f, 0xe9, 0x3, 0xf5, 0x19,
    0xfa, 0x11, 0xb8, 0x8c, 0x0, 0x1f, 0xee, 0xee,
    0xc8, 0xd0, 0x2, 0xf6, 0x0, 0x0, 0x3f, 0x61,
    0xaf, 0xd3, 0x28, 0x10, 0x5d, 0xfc, 0x29, 0xff,
    0x90,

    /* U+0154 "Ŕ" */
    0x0, 0x0, 0x42, 0x0, 0x0, 0x5, 0xd2, 0x0,
    0x0, 0x0, 0x0, 0x0, 0x2f, 0xff, 0xfb, 0x20,
    0x2f, 0x52, 0x3d, 0xc0, 0x2f, 0x30, 0x7, 0xf0,
    0x2f, 0x30, 0x1b, 0xd0, 0x2f, 0xff, 0xfd, 0x30,
    0x2f, 0x56, 0xf4, 0x0, 0x2f, 0x30, 0x9e, 0x20,
    0x2f, 0x30, 0xb, 0xd0,

    /* U+0155 "ŕ" */
    0x0, 0x3d, 0x0, 0x3, 0x10, 0x3e, 0x5e, 0x23,
    0xfc, 0x40, 0x3f, 0x20, 0x3, 0xf1, 0x0, 0x3f,
    0x10, 0x3, 0xf1, 0x0,

    /* U+0158 "Ř" */
    0x1, 0x71, 0x54, 0x0, 0x0, 0x7d, 0xd1, 0x0,
    0x0, 0x6, 0x20, 0x0, 0x2f, 0xff, 0xfb, 0x20,
    0x2f, 0x52, 0x3d, 0xc0, 0x2f, 0x30, 0x7, 0xf0,
    0x2f, 0x30, 0x1b, 0xd0, 0x2f, 0xff, 0xfd, 0x30,
    0x2f, 0x56, 0xf4, 0x0, 0x2f, 0x30, 0x9e, 0x20,
    0x2f, 0x30, 0xb, 0xd0,

    /* U+0159 "ř" */
    0x2b, 0x9b, 0x10, 0x3, 0x0, 0x3e, 0x5e, 0x23,
    0xfc, 0x40, 0x3f, 0x20, 0x3, 0xf1, 0x0, 0x3f,
    0x10, 0x3, 0xf1, 0x0,

    /* U+015A "Ś" */
    0x0, 0x0, 0x51, 0x0, 0x0, 0x6c, 0x10, 0x0,
    0x0, 0x0, 0x0, 0x5d, 0xfd, 0x70, 0x3f, 0x62,
    0x6d, 0x35, 0xf2, 0x0, 0x0, 0xc, 0xfb, 0x82,
    0x0, 0x3, 0x7b, 0xf5, 0x2, 0x0, 0xb, 0xc6,
    0xf6, 0x24, 0xe8, 0x6, 0xdf, 0xe8, 0x0,

    /* U+015B "ś" */
    0x0, 0xa, 0x60, 0x0, 0x14, 0x0, 0x1a, 0xee,
    0x90, 0x7d, 0x12, 0x81, 0x3e, 0xb7, 0x20, 0x0,
    0x59, 0xf4, 0x59, 0x11, 0xd7, 0x1a, 0xfe, 0x90,

    /* U+015E "Ş" */
    0x5, 0xdf, 0xd7, 0x3, 0xf6, 0x26, 0xd3, 0x5f,
    0x20, 0x0, 0x0, 0xcf, 0xb7, 0x20, 0x0, 0x37,
    0xbf, 0x50, 0x20, 0x0, 0xbc, 0x5f, 0x62, 0x4e,
    0x90, 0x6d, 0xfe, 0x90, 0x0, 0x1b, 0x50, 0x0,
    0x3, 0x98, 0x0,

    /* U+015F "ş" */
    0x1a, 0xee, 0x90, 0x7d, 0x12, 0x81, 0x3f, 0xb7,
    0x20, 0x0, 0x59, 0xf4, 0x59, 0x11, 0xd7, 0x1b,
    0xff, 0xa0, 0x0, 0x89, 0x0, 0x0, 0x7b, 0x10,

    /* U+0160 "Š" */
    0x1, 0x71, 0x62, 0x0, 0x5, 0xd7, 0x0, 0x0,
    0x0, 0x0, 0x0, 0x5d, 0xfd, 0x70, 0x3f, 0x62,
    0x6d, 0x35, 0xf2, 0x0, 0x0, 0xc, 0xfb, 0x82,
    0x0, 0x3, 0x7b, 0xf5, 0x2, 0x0, 0xb, 0xc6,
    0xf6, 0x24, 0xe8, 0x6, 0xdf, 0xe8, 0x0,

    /* U+0161 "š" */
    0x8, 0xbc, 0x60, 0x0, 0x32, 0x0, 0x1a, 0xee,
    0x90, 0x7d, 0x12, 0x81, 0x3e, 0xb7, 0x20, 0x0,
    0x59, 0xf4, 0x59, 0x11, 0xd7, 0x1a, 0xfe, 0x90,

    /* U+0162 "Ţ" */
    0xdf, 0xff, 0xff, 0xc2, 0x25, 0xf4, 0x22, 0x0,
    0x3f, 0x20, 0x0, 0x3, 0xf2, 0x0, 0x0, 0x3f,
    0x20, 0x0, 0x3, 0xf2, 0x0, 0x0, 0x3f, 0x20,
    0x0, 0x3, 0xf2, 0x0, 0x0, 0x1c, 0x40, 0x0,
    0x4, 0x97, 0x0,

    /* U+0163 "ţ" */
    0x6, 0x30, 0xc, 0x70, 0xcf, 0xfb, 0xc, 0x70,
    0xc, 0x70, 0xc, 0x70, 0xc, 0x90, 0x8, 0xfb,
    0x2, 0xc3, 0x5, 0xa5,

    /* U+0164 "Ť" */
    0x3, 0x60, 0x72, 0x0, 0xb, 0xda, 0x0, 0x0,
    0x6, 0x0, 0xd, 0xff, 0xff, 0xfc, 0x22, 0x5f,
    0x42, 0x20, 0x3, 0xf2, 0x0, 0x0, 0x3f, 0x20,
    0x0, 0x3, 0xf2, 0x0, 0x0, 0x3f, 0x20, 0x0,
    0x3, 0xf2, 0x0, 0x0, 0x3f, 0x20, 0x0,

    /* U+0165 "ť" */
    0x0, 0x1, 0x0, 0x0, 0xc3, 0x5, 0x3c, 0x0,
    0xc7, 0x0, 0xcf, 0xfb, 0x0, 0xc7, 0x0, 0xc,
    0x70, 0x0, 0xc7, 0x0, 0xc, 0x90, 0x0, 0x8f,
    0xb0,

    /* U+016A "Ū" */
    0x0, 0x8e, 0xec, 0x0, 0x0, 0x0, 0x0, 0x0,
    0x2f, 0x30, 0x0, 0xf6, 0x2f, 0x30, 0x0, 0xf6,
    0x2f, 0x30, 0x0, 0xf6, 0x2f, 0x30, 0x0, 0xf6,
    0x2f, 0x30, 0x0, 0xf6, 0xf, 0x50, 0x1, 0xf4,
    0xc, 0xd4, 0x3a, 0xe1, 0x2, 0xbf, 0xfc, 0x40,

    /* U+016B "ū" */
    0x5, 0xee, 0xe0, 0x0, 0x0, 0x0, 0x3f, 0x0,
    0x7d, 0x3f, 0x0, 0x7d, 0x3f, 0x0, 0x7d, 0x3f,
    0x10, 0x8d, 0x1f, 0x52, 0xdd, 0x9, 0xfd, 0x8d,

    /* U+016E "Ů" */
    0x0, 0x9, 0xb1, 0x0, 0x0, 0x2a, 0x66, 0x0,
    0x0, 0x2b, 0x66, 0x0, 0x2f, 0x37, 0xa0, 0xf6,
    0x2f, 0x30, 0x0, 0xf6, 0x2f, 0x30, 0x0, 0xf6,
    0x2f, 0x30, 0x0, 0xf6, 0x2f, 0x30, 0x0, 0xf6,
    0xf, 0x50, 0x1, 0xf4, 0xc, 0xd4, 0x3a, 0xe1,
    0x2, 0xbf, 0xfc, 0x40,

    /* U+016F "ů" */
    0x0, 0x8c, 0x30, 0x0, 0xc3, 0xa0, 0x0, 0x8c,
    0x30, 0x0, 0x0, 0x0, 0x3f, 0x0, 0x7d, 0x3f,
    0x0, 0x7d, 0x3f, 0x0, 0x7d, 0x3f, 0x10, 0x8d,
    0x1f, 0x52, 0xdd, 0x9, 0xfd, 0x8d,

    /* U+0170 "Ű" */
    0x0, 0x1, 0x51, 0x40, 0x0, 0x1c, 0x6c, 0x50,
    0x0, 0x0, 0x0, 0x0, 0x2f, 0x30, 0x0, 0xf6,
    0x2f, 0x30, 0x0, 0xf6, 0x2f, 0x30, 0x0, 0xf6,
    0x2f, 0x30, 0x0, 0xf6, 0x2f, 0x30, 0x0, 0xf6,
    0xf, 0x50, 0x1, 0xf4, 0xc, 0xd4, 0x3a, 0xe1,
    0x2, 0xbf, 0xfc, 0x40,

    /* U+0171 "ű" */
    0x0, 0x5b, 0x5b, 0x0, 0x40, 0x40, 0x3f, 0x0,
    0x7d, 0x3f, 0x0, 0x7d, 0x3f, 0x0, 0x7d, 0x3f,
    0x10, 0x8d, 0x1f, 0x52, 0xdd, 0x9, 0xfd, 0x8d,

    /* U+0172 "Ų" */
    0x2f, 0x30, 0x0, 0xf6, 0x2f, 0x30, 0x0, 0xf6,
    0x2f, 0x30, 0x0, 0xf6, 0x2f, 0x30, 0x0, 0xf6,
    0x2f, 0x30, 0x0, 0xf6, 0x1f, 0x50, 0x1, 0xf5,
    0xc, 0xd4, 0x3a, 0xf1, 0x1, 0xae, 0xff, 0x50,
    0x0, 0x0, 0x97, 0x0, 0x0, 0x0, 0x6d, 0x40,

    /* U+0173 "ų" */
    0x3f, 0x0, 0x7d, 0x3f, 0x0, 0x7d, 0x3f, 0x0,
    0x7d, 0x3f, 0x10, 0x8d, 0x1f, 0x52, 0xdd, 0x9,
    0xfd, 0x8c, 0x0, 0x2, 0xd0, 0x0, 0x2, 0xd9,

    /* U+0174 "Ŵ" */
    0x0, 0x0, 0x25, 0x0, 0x0, 0x0, 0x0, 0x5c,
    0x9a, 0x0, 0x0, 0x0, 0x0, 0x0, 0x0, 0x0,
    0xa, 0xc0, 0xa, 0xf1, 0x5, 0xf1, 0x6f, 0x0,
    0xef, 0x40, 0x9d, 0x2, 0xf3, 0x1f, 0xa8, 0xc,
    0x90, 0xe, 0x75, 0xc6, 0xb0, 0xf5, 0x0, 0xaa,
    0x89, 0x2f, 0x4f, 0x10, 0x6, 0xec, 0x50, 0xea,
    0xd0, 0x0, 0x2f, 0xf1, 0xb, 0xf9, 0x0, 0x0,
    0xee, 0x0, 0x7f, 0x50, 0x0,

    /* U+0175 "ŵ" */
    0x0, 0x1a, 0xc5, 0x0, 0x0, 0x2, 0x20, 0x30,
    0x0, 0xa9, 0x8, 0xf0, 0x2f, 0x26, 0xd0, 0xce,
    0x36, 0xe0, 0x2f, 0x2e, 0x77, 0xa9, 0x0, 0xd9,
    0xb3, 0xbe, 0x50, 0x9, 0xf7, 0xe, 0xf1, 0x0,
    0x4f, 0x30, 0xbc, 0x0,

    /* U+0176 "Ŷ" */
    0x0, 0x3, 0x0, 0x0, 0x0, 0xaa, 0xc2, 0x0,
    0x0, 0x20, 0x11, 0x0, 0xbd, 0x0, 0x9, 0xe0,
    0x2f, 0x60, 0x2f, 0x50, 0x7, 0xe1, 0xbc, 0x0,
    0x0, 0xdc, 0xf2, 0x0, 0x0, 0x4f, 0x90, 0x0,
    0x0, 0xf, 0x50, 0x0, 0x0, 0xf, 0x50, 0x0,
    0x0, 0xf, 0x50, 0x0,

    /* U+0177 "ŷ" */
    0x4, 0xbb, 0x20, 0x3, 0x1, 0x20, 0xba, 0x0,
    0xe6, 0x5f, 0x3, 0xf1, 0xf, 0x48, 0xb0, 0x9,
    0xad, 0x60, 0x4, 0xff, 0x10, 0x0, 0xeb, 0x0,
    0x1, 0xd5, 0x0, 0x5f, 0xa0, 0x0,

    /* U+0178 "Ÿ" */
    0x0, 0x0, 0x0, 0x0, 0x1, 0xf1, 0xd6, 0x0,
    0x0, 0x30, 0x20, 0x0, 0xbd, 0x0, 0x9, 0xe0,
    0x2f, 0x60, 0x2f, 0x50, 0x7, 0xe1, 0xbc, 0x0,
    0x0, 0xdc, 0xf2, 0x0, 0x0, 0x4f, 0x90, 0x0,
    0x0, 0xf, 0x50, 0x0, 0x0, 0xf, 0x50, 0x0,
    0x0, 0xf, 0x50, 0x0,

    /* U+0179 "Ź" */
    0x0, 0x0, 0x42, 0x0, 0x0, 0x5d, 0x20, 0x0,
    0x0, 0x0, 0x5, 0xff, 0xff, 0xfb, 0x2, 0x22,
    0x7f, 0x50, 0x0, 0x2e, 0x90, 0x0, 0xc, 0xc0,
    0x0, 0xa, 0xe1, 0x0, 0x6, 0xf3, 0x0, 0x3,
    0xf9, 0x33, 0x32, 0x8f, 0xff, 0xff, 0xd0,

    /* U+017A "ź" */
    0x0, 0xb, 0x50, 0x0, 0x23, 0x0, 0x7f, 0xff,
    0xf4, 0x0, 0xb, 0xd0, 0x0, 0x8e, 0x20, 0x5,
    0xf4, 0x0, 0x3f, 0x70, 0x0, 0x9f, 0xff, 0xf6,

    /* U+017B "Ż" */
    0x0, 0x0, 0x0, 0x0, 0x0, 0xe4, 0x0, 0x0,
    0x3, 0x0, 0x5, 0xff, 0xff, 0xfb, 0x2, 0x22,
    0x7f, 0x50, 0x0, 0x2e, 0x90, 0x0, 0xc, 0xc0,
    0x0, 0xa, 0xe1, 0x0, 0x6, 0xf3, 0x0, 0x3,
    0xf9, 0x33, 0x32, 0x8f, 0xff, 0xff, 0xd0,

    /* U+017C "ż" */
    0x0, 0xb6, 0x0, 0x0, 0x32, 0x0, 0x7f, 0xff,
    0xf4, 0x0, 0xb, 0xd0, 0x0, 0x8e, 0x20, 0x5,
    0xf4, 0x0, 0x3f, 0x70, 0x0, 0x9f, 0xff, 0xf6,

    /* U+017D "Ž" */
    0x1, 0x70, 0x54, 0x0, 0x8, 0xdd, 0x0, 0x0,
    0x6, 0x10, 0x5, 0xff, 0xff, 0xfb, 0x2, 0x22,
    0x7f, 0x50, 0x0, 0x2e, 0x90, 0x0, 0xc, 0xc0,
    0x0, 0xa, 0xe1, 0x0, 0x6, 0xf3, 0x0, 0x3,
    0xf9, 0x33, 0x32, 0x8f, 0xff, 0xff, 0xd0,

    /* U+017E "ž" */
    0x8, 0xac, 0x50, 0x0, 0x21, 0x0, 0x7f, 0xff,
    0xf4, 0x0, 0xb, 0xd0, 0x0, 0x8e, 0x20, 0x5,
    0xf4, 0x0, 0x3f, 0x70, 0x0, 0x9f, 0xff, 0xf6,

    /* U+F0E0 "" */
    0xbf, 0xff, 0xff, 0xff, 0xff, 0xfb, 0xff, 0xff,
    0xff, 0xff, 0xff, 0xff, 0x4e, 0xff, 0xff, 0xff,
    0xff, 0xe4, 0xc3, 0xbf, 0xff, 0xff, 0xfb, 0x3c,
    0xff, 0x57, 0xff, 0xff, 0x75, 0xff, 0xff, 0xf9,
    0x3d, 0xd3, 0x9f, 0xff, 0xff, 0xff, 0xd5, 0x5d,
    0xff, 0xff, 0xff, 0xff, 0xff, 0xff, 0xff, 0xff,
    0xbf, 0xff, 0xff, 0xff, 0xff, 0xfb
};


/*---------------------
 *  GLYPH DESCRIPTION
 *--------------------*/

static const lv_font_fmt_txt_glyph_dsc_t glyph_dsc[] = {
    {.bitmap_index = 0, .adv_w = 0, .box_w = 0, .box_h = 0, .ofs_x = 0, .ofs_y = 0} /* id = 0 reserved */,
    {.bitmap_index = 0, .adv_w = 56, .box_w = 0, .box_h = 0, .ofs_x = 0, .ofs_y = 0},
    {.bitmap_index = 0, .adv_w = 56, .box_w = 3, .box_h = 8, .ofs_x = 0, .ofs_y = 0},
    {.bitmap_index = 12, .adv_w = 65, .box_w = 4, .box_h = 3, .ofs_x = 0, .ofs_y = 5},
    {.bitmap_index = 18, .adv_w = 134, .box_w = 8, .box_h = 8, .ofs_x = 0, .ofs_y = 0},
    {.bitmap_index = 50, .adv_w = 115, .box_w = 7, .box_h = 11, .ofs_x = 0, .ofs_y = -1},
    {.bitmap_index = 89, .adv_w = 180, .box_w = 11, .box_h = 8, .ofs_x = 0, .ofs_y = 0},
    {.bitmap_index = 133, .adv_w = 140, .box_w = 9, .box_h = 8, .ofs_x = 0, .ofs_y = 0},
    {.bitmap_index = 169, .adv_w = 35, .box_w = 2, .box_h = 3, .ofs_x = 0, .ofs_y = 5},
    {.bitmap_index = 172, .adv_w = 60, .box_w = 4, .box_h = 10, .ofs_x = 0, .ofs_y = -2},
    {.bitmap_index = 192, .adv_w = 60, .box_w = 4, .box_h = 10, .ofs_x = 0, .ofs_y = -2},
    {.bitmap_index = 212, .adv_w = 93, .box_w = 6, .box_h = 4, .ofs_x = 0, .ofs_y = 4},
    {.bitmap_index = 224, .adv_w = 115, .box_w = 7, .box_h = 6, .ofs_x = 0, .ofs_y = 0},
    {.bitmap_index = 245, .adv_w = 45, .box_w = 3, .box_h = 4, .ofs_x = 0, .ofs_y = -2},
    {.bitmap_index = 251, .adv_w = 70, .box_w = 5, .box_h = 2, .ofs_x = 0, .ofs_y = 2},
    {.bitmap_index = 256, .adv_w = 45, .box_w = 3, .box_h = 2, .ofs_x = 0, .ofs_y = 0},
    {.bitmap_index = 259, .adv_w = 78, .box_w = 5, .box_h = 10, .ofs_x = 0, .ofs_y = -2},
    {.bitmap_index = 284, .adv_w = 125, .box_w = 8, .box_h = 8, .ofs_x = 0, .ofs_y = 0},
    {.bitmap_index = 316, .adv_w = 81, .box_w = 4, .box_h = 8, .ofs_x = 0, .ofs_y = 0},
    {.bitmap_index = 332, .adv_w = 108, .box_w = 7, .box_h = 8, .ofs_x = 0, .ofs_y = 0},
    {.bitmap_index = 360, .adv_w = 113, .box_w = 7, .box_h = 8, .ofs_x = 0, .ofs_y = 0},
    {.bitmap_index = 388, .adv_w = 119, .box_w = 7, .box_h = 8, .ofs_x = 0, .ofs_y = 0},
    {.bitmap_index = 416, .adv_w = 114, .box_w = 7, .box_h = 8, .ofs_x = 0, .ofs_y = 0},
    {.bitmap_index = 444, .adv_w = 117, .box_w = 7, .box_h = 8, .ofs_x = 0, .ofs_y = 0},
    {.bitmap_index = 472, .adv_w = 100, .box_w = 6, .box_h = 8, .ofs_x = 0, .ofs_y = 0},
    {.bitmap_index = 496, .adv_w = 119, .box_w = 7, .box_h = 8, .ofs_x = 0, .ofs_y = 0},
    {.bitmap_index = 524, .adv_w = 112, .box_w = 7, .box_h = 8, .ofs_x = 0, .ofs_y = 0},
    {.bitmap_index = 552, .adv_w = 45, .box_w = 3, .box_h = 6, .ofs_x = 0, .ofs_y = 0},
    {.bitmap_index = 561, .adv_w = 45, .box_w = 3, .box_h = 8, .ofs_x = 0, .ofs_y = -2},
    {.bitmap_index = 573, .adv_w = 108, .box_w = 7, .box_h = 7, .ofs_x = 0, .ofs_y = -1},
    {.bitmap_index = 598, .adv_w = 119, .box_w = 7, .box_h = 4, .ofs_x = 0, .ofs_y = 1},
    {.bitmap_index = 612, .adv_w = 108, .box_w = 7, .box_h = 7, .ofs_x = 0, .ofs_y = -1},
    {.bitmap_index = 637, .adv_w = 97, .box_w = 6, .box_h = 8, .ofs_x = 0, .ofs_y = 0},
    {.bitmap_index = 661, .adv_w = 150, .box_w = 9, .box_h = 9, .ofs_x = 0, .ofs_y = -1},
    {.bitmap_index = 702, .adv_w = 124, .box_w = 8, .box_h = 8, .ofs_x = 0, .ofs_y = 0},
    {.bitmap_index = 734, .adv_w = 120, .box_w = 8, .box_h = 8, .ofs_x = 0, .ofs_y = 0},
    {.bitmap_index = 766, .adv_w = 125, .box_w = 8, .box_h = 8, .ofs_x = 0, .ofs_y = 0},
    {.bitmap_index = 798, .adv_w = 130, .box_w = 8, .box_h = 8, .ofs_x = 0, .ofs_y = 0},
    {.bitmap_index = 830, .adv_w = 111, .box_w = 7, .box_h = 8, .ofs_x = 0, .ofs_y = 0},
    {.bitmap_index = 858, .adv_w = 107, .box_w = 7, .box_h = 8, .ofs_x = 0, .ofs_y = 0},
    {.bitmap_index = 886, .adv_w = 135, .box_w = 8, .box_h = 8, .ofs_x = 0, .ofs_y = 0},
    {.bitmap_index = 918, .adv_w = 134, .box_w = 8, .box_h = 8, .ofs_x = 0, .ofs_y = 0},
    {.bitmap_index = 950, .adv_w = 78, .box_w = 5, .box_h = 8, .ofs_x = 0, .ofs_y = 0},
    {.bitmap_index = 970, .adv_w = 102, .box_w = 6, .box_h = 8, .ofs_x = 0, .ofs_y = 0},
    {.bitmap_index = 994, .adv_w = 124, .box_w = 8, .box_h = 8, .ofs_x = 0, .ofs_y = 0},
    {.bitmap_index = 1026, .adv_w = 105, .box_w = 7, .box_h = 8, .ofs_x = 0, .ofs_y = 0},
    {.bitmap_index = 1054, .adv_w = 161, .box_w = 10, .box_h = 8, .ofs_x = 0, .ofs_y = 0},
    {.bitmap_index = 1094, .adv_w = 135, .box_w = 8, .box_h = 8, .ofs_x = 0, .ofs_y = 0},
    {.bitmap_index = 1126, .adv_w = 140, .box_w = 9, .box_h = 8, .ofs_x = 0, .ofs_y = 0},
    {.bitmap_index = 1162, .adv_w = 117, .box_w = 7, .box_h = 8, .ofs_x = 0, .ofs_y = 0},
    {.bitmap_index = 1190, .adv_w = 142, .box_w = 10, .box_h = 9, .ofs_x = 0, .ofs_y = -1},
    {.bitmap_index = 1235, .adv_w = 121, .box_w = 8, .box_h = 8, .ofs_x = 0, .ofs_y = 0},
    {.bitmap_index = 1267, .adv_w = 115, .box_w = 7, .box_h = 8, .ofs_x = 0, .ofs_y = 0},
    {.bitmap_index = 1295, .adv_w = 111, .box_w = 7, .box_h = 8, .ofs_x = 0, .ofs_y = 0},
    {.bitmap_index = 1323, .adv_w = 132, .box_w = 8, .box_h = 8, .ofs_x = 0, .ofs_y = 0},
    {.bitmap_index = 1355, .adv_w = 118, .box_w = 8, .box_h = 8, .ofs_x = 0, .ofs_y = 0},
    {.bitmap_index = 1387, .adv_w = 167, .box_w = 11, .box_h = 8, .ofs_x = 0, .ofs_y = 0},
    {.bitmap_index = 1431, .adv_w = 124, .box_w = 8, .box_h = 8, .ofs_x = 0, .ofs_y = 0},
    {.bitmap_index = 1463, .adv_w = 116, .box_w = 8, .box_h = 8, .ofs_x = 0, .ofs_y = 0},
    {.bitmap_index = 1495, .adv_w = 118, .box_w = 7, .box_h = 8, .ofs_x = 0, .ofs_y = 0},
    {.bitmap_index = 1523, .adv_w = 63, .box_w = 4, .box_h = 10, .ofs_x = 0, .ofs_y = -2},
    {.bitmap_index = 1543, .adv_w = 78, .box_w = 5, .box_h = 10, .ofs_x = 0, .ofs_y = -2},
    {.bitmap_index = 1568, .adv_w = 66, .box_w = 4, .box_h = 10, .ofs_x = 0, .ofs_y = -2},
    {.bitmap_index = 1588, .adv_w = 108, .box_w = 7, .box_h = 4, .ofs_x = 0, .ofs_y = 4},
    {.bitmap_index = 1602, .adv_w = 74, .box_w = 6, .box_h = 2, .ofs_x = -1, .ofs_y = -2},
    {.bitmap_index = 1608, .adv_w = 50, .box_w = 3, .box_h = 2, .ofs_x = 0, .ofs_y = 7},
    {.bitmap_index = 1611, .adv_w = 103, .box_w = 6, .box_h = 6, .ofs_x = 0, .ofs_y = 0},
    {.bitmap_index = 1629, .adv_w = 111, .box_w = 7, .box_h = 8, .ofs_x = 0, .ofs_y = 0},
    {.bitmap_index = 1657, .adv_w = 95, .box_w = 6, .box_h = 6, .ofs_x = 0, .ofs_y = 0},
    {.bitmap_index = 1675, .adv_w = 111, .box_w = 7, .box_h = 8, .ofs_x = 0, .ofs_y = 0},
    {.bitmap_index = 1703, .adv_w = 105, .box_w = 7, .box_h = 6, .ofs_x = 0, .ofs_y = 0},
    {.bitmap_index = 1724, .adv_w = 64, .box_w = 4, .box_h = 8, .ofs_x = 0, .ofs_y = 0},
    {.bitmap_index = 1740, .adv_w = 110, .box_w = 7, .box_h = 9, .ofs_x = 0, .ofs_y = -3},
    {.bitmap_index = 1772, .adv_w = 107, .box_w = 6, .box_h = 8, .ofs_x = 0, .ofs_y = 0},
    {.bitmap_index = 1796, .adv_w = 52, .box_w = 3, .box_h = 8, .ofs_x = 0, .ofs_y = 0},
    {.bitmap_index = 1808, .adv_w = 48, .box_w = 4, .box_h = 10, .ofs_x = -1, .ofs_y = -2},
    {.bitmap_index = 1828, .adv_w = 99, .box_w = 7, .box_h = 8, .ofs_x = 0, .ofs_y = 0},
    {.bitmap_index = 1856, .adv_w = 55, .box_w = 4, .box_h = 8, .ofs_x = 0, .ofs_y = 0},
    {.bitmap_index = 1872, .adv_w = 165, .box_w = 10, .box_h = 6, .ofs_x = 0, .ofs_y = 0},
    {.bitmap_index = 1902, .adv_w = 107, .box_w = 6, .box_h = 6, .ofs_x = 0, .ofs_y = 0},
    {.bitmap_index = 1920, .adv_w = 107, .box_w = 7, .box_h = 6, .ofs_x = 0, .ofs_y = 0},
    {.bitmap_index = 1941, .adv_w = 111, .box_w = 7, .box_h = 8, .ofs_x = 0, .ofs_y = -2},
    {.bitmap_index = 1969, .adv_w = 112, .box_w = 8, .box_h = 8, .ofs_x = 0, .ofs_y = -2},
    {.bitmap_index = 2001, .adv_w = 69, .box_w = 5, .box_h = 6, .ofs_x = 0, .ofs_y = 0},
    {.bitmap_index = 2016, .adv_w = 93, .box_w = 6, .box_h = 6, .ofs_x = 0, .ofs_y = 0},
    {.bitmap_index = 2034, .adv_w = 66, .box_w = 4, .box_h = 8, .ofs_x = 0, .ofs_y = 0},
    {.bitmap_index = 2050, .adv_w = 106, .box_w = 6, .box_h = 6, .ofs_x = 0, .ofs_y = 0},
    {.bitmap_index = 2068, .adv_w = 94, .box_w = 6, .box_h = 6, .ofs_x = 0, .ofs_y = 0},
    {.bitmap_index = 2086, .adv_w = 136, .box_w = 9, .box_h = 6, .ofs_x = 0, .ofs_y = 0},
    {.bitmap_index = 2113, .adv_w = 97, .box_w = 6, .box_h = 6, .ofs_x = 0, .ofs_y = 0},
    {.bitmap_index = 2131, .adv_w = 92, .box_w = 6, .box_h = 8, .ofs_x = 0, .ofs_y = -2},
    {.bitmap_index = 2155, .adv_w = 92, .box_w = 6, .box_h = 6, .ofs_x = 0, .ofs_y = 0},
    {.bitmap_index = 2173, .adv_w = 69, .box_w = 4, .box_h = 10, .ofs_x = 0, .ofs_y = -2},
    {.bitmap_index = 2193, .adv_w = 47, .box_w = 3, .box_h = 12, .ofs_x = 0, .ofs_y = -2},
    {.bitmap_index = 2211, .adv_w = 69, .box_w = 4, .box_h = 10, .ofs_x = 0, .ofs_y = -2},
    {.bitmap_index = 2231, .adv_w = 105, .box_w = 7, .box_h = 4, .ofs_x = 0, .ofs_y = 1},
    {.bitmap_index = 2245, .adv_w = 56, .box_w = 0, .box_h = 0, .ofs_x = 0, .ofs_y = 0},
    {.bitmap_index = 2245, .adv_w = 56, .box_w = 3, .box_h = 8, .ofs_x = 0, .ofs_y = -2},
    {.bitmap_index = 2257, .adv_w = 95, .box_w = 6, .box_h = 8, .ofs_x = 0, .ofs_y = -1},
    {.bitmap_index = 2281, .adv_w = 119, .box_w = 7, .box_h = 8, .ofs_x = 0, .ofs_y = 0},
    {.bitmap_index = 2309, .adv_w = 112, .box_w = 7, .box_h = 7, .ofs_x = 0, .ofs_y = 0},
    {.bitmap_index = 2334, .adv_w = 116, .box_w = 8, .box_h = 8, .ofs_x = 0, .ofs_y = 0},
    {.bitmap_index = 2366, .adv_w = 47, .box_w = 3, .box_h = 12, .ofs_x = 0, .ofs_y = -2},
    {.bitmap_index = 2384, .adv_w = 103, .box_w = 7, .box_h = 10, .ofs_x = 0, .ofs_y = -2},
    {.bitmap_index = 2419, .adv_w = 76, .box_w = 5, .box_h = 3, .ofs_x = 0, .ofs_y = 6},
    {.bitmap_index = 2427, .adv_w = 153, .box_w = 9, .box_h = 8, .ofs_x = 0, .ofs_y = 0},
    {.bitmap_index = 2463, .adv_w = 73, .box_w = 4, .box_h = 4, .ofs_x = 0, .ofs_y = 5},
    {.bitmap_index = 2471, .adv_w = 115, .box_w = 7, .box_h = 5, .ofs_x = 0, .ofs_y = 0},
    {.bitmap_index = 2489, .adv_w = 117, .box_w = 7, .box_h = 4, .ofs_x = 0, .ofs_y = 1},
    {.bitmap_index = 2503, .adv_w = 153, .box_w = 9, .box_h = 8, .ofs_x = 0, .ofs_y = 0},
    {.bitmap_index = 2539, .adv_w = 70, .box_w = 4, .box_h = 1, .ofs_x = 0, .ofs_y = 7},
    {.bitmap_index = 2541, .adv_w = 71, .box_w = 4, .box_h = 4, .ofs_x = 0, .ofs_y = 5},
    {.bitmap_index = 2549, .adv_w = 114, .box_w = 7, .box_h = 6, .ofs_x = 0, .ofs_y = 0},
    {.bitmap_index = 2570, .adv_w = 75, .box_w = 5, .box_h = 4, .ofs_x = 0, .ofs_y = 5},
    {.bitmap_index = 2580, .adv_w = 75, .box_w = 5, .box_h = 4, .ofs_x = 0, .ofs_y = 5},
    {.bitmap_index = 2590, .adv_w = 50, .box_w = 3, .box_h = 2, .ofs_x = 0, .ofs_y = 7},
    {.bitmap_index = 2593, .adv_w = 99, .box_w = 6, .box_h = 10, .ofs_x = 0, .ofs_y = -2},
    {.bitmap_index = 2623, .adv_w = 50, .box_w = 3, .box_h = 2, .ofs_x = 0, .ofs_y = 2},
    {.bitmap_index = 2626, .adv_w = 53, .box_w = 3, .box_h = 3, .ofs_x = 0, .ofs_y = -2},
    {.bitmap_index = 2631, .adv_w = 51, .box_w = 3, .box_h = 4, .ofs_x = 0, .ofs_y = 5},
    {.bitmap_index = 2637, .adv_w = 75, .box_w = 5, .box_h = 4, .ofs_x = 0, .ofs_y = 5},
    {.bitmap_index = 2647, .adv_w = 115, .box_w = 7, .box_h = 5, .ofs_x = 0, .ofs_y = 0},
    {.bitmap_index = 2665, .adv_w = 159, .box_w = 10, .box_h = 8, .ofs_x = 0, .ofs_y = 0},
    {.bitmap_index = 2705, .adv_w = 160, .box_w = 10, .box_h = 8, .ofs_x = 0, .ofs_y = 0},
    {.bitmap_index = 2745, .adv_w = 171, .box_w = 11, .box_h = 8, .ofs_x = 0, .ofs_y = 0},
    {.bitmap_index = 2789, .adv_w = 92, .box_w = 6, .box_h = 8, .ofs_x = 0, .ofs_y = -2},
    {.bitmap_index = 2813, .adv_w = 124, .box_w = 8, .box_h = 11, .ofs_x = 0, .ofs_y = 0},
    {.bitmap_index = 2857, .adv_w = 124, .box_w = 8, .box_h = 11, .ofs_x = 0, .ofs_y = 0},
    {.bitmap_index = 2901, .adv_w = 124, .box_w = 8, .box_h = 11, .ofs_x = 0, .ofs_y = 0},
    {.bitmap_index = 2945, .adv_w = 124, .box_w = 8, .box_h = 10, .ofs_x = 0, .ofs_y = 0},
    {.bitmap_index = 2985, .adv_w = 124, .box_w = 8, .box_h = 11, .ofs_x = 0, .ofs_y = 0},
    {.bitmap_index = 3029, .adv_w = 124, .box_w = 8, .box_h = 10, .ofs_x = 0, .ofs_y = 0},
    {.bitmap_index = 3069, .adv_w = 177, .box_w = 11, .box_h = 8, .ofs_x = 0, .ofs_y = 0},
    {.bitmap_index = 3113, .adv_w = 125, .box_w = 8, .box_h = 10, .ofs_x = 0, .ofs_y = -2},
    {.bitmap_index = 3153, .adv_w = 111, .box_w = 7, .box_h = 11, .ofs_x = 0, .ofs_y = 0},
    {.bitmap_index = 3192, .adv_w = 111, .box_w = 7, .box_h = 11, .ofs_x = 0, .ofs_y = 0},
    {.bitmap_index = 3231, .adv_w = 111, .box_w = 7, .box_h = 11, .ofs_x = 0, .ofs_y = 0},
    {.bitmap_index = 3270, .adv_w = 111, .box_w = 7, .box_h = 11, .ofs_x = 0, .ofs_y = 0},
    {.bitmap_index = 3309, .adv_w = 78, .box_w = 5, .box_h = 11, .ofs_x = 0, .ofs_y = 0},
    {.bitmap_index = 3337, .adv_w = 78, .box_w = 5, .box_h = 11, .ofs_x = 0, .ofs_y = 0},
    {.bitmap_index = 3365, .adv_w = 78, .box_w = 5, .box_h = 11, .ofs_x = 0, .ofs_y = 0},
    {.bitmap_index = 3393, .adv_w = 78, .box_w = 5, .box_h = 11, .ofs_x = 0, .ofs_y = 0},
    {.bitmap_index = 3421, .adv_w = 134, .box_w = 8, .box_h = 8, .ofs_x = 0, .ofs_y = 0},
    {.bitmap_index = 3453, .adv_w = 135, .box_w = 8, .box_h = 10, .ofs_x = 0, .ofs_y = 0},
    {.bitmap_index = 3493, .adv_w = 140, .box_w = 9, .box_h = 11, .ofs_x = 0, .ofs_y = 0},
    {.bitmap_index = 3543, .adv_w = 140, .box_w = 9, .box_h = 11, .ofs_x = 0, .ofs_y = 0},
    {.bitmap_index = 3593, .adv_w = 140, .box_w = 9, .box_h = 11, .ofs_x = 0, .ofs_y = 0},
    {.bitmap_index = 3643, .adv_w = 140, .box_w = 9, .box_h = 10, .ofs_x = 0, .ofs_y = 0},
    {.bitmap_index = 3688, .adv_w = 140, .box_w = 9, .box_h = 11, .ofs_x = 0, .ofs_y = 0},
    {.bitmap_index = 3738, .adv_w = 103, .box_w = 6, .box_h = 6, .ofs_x = 0, .ofs_y = 0},
    {.bitmap_index = 3756, .adv_w = 140, .box_w = 9, .box_h = 8, .ofs_x = 0, .ofs_y = 0},
    {.bitmap_index = 3792, .adv_w = 132, .box_w = 8, .box_h = 11, .ofs_x = 0, .ofs_y = 0},
    {.bitmap_index = 3836, .adv_w = 132, .box_w = 8, .box_h = 11, .ofs_x = 0, .ofs_y = 0},
    {.bitmap_index = 3880, .adv_w = 132, .box_w = 8, .box_h = 11, .ofs_x = 0, .ofs_y = 0},
    {.bitmap_index = 3924, .adv_w = 132, .box_w = 8, .box_h = 11, .ofs_x = 0, .ofs_y = 0},
    {.bitmap_index = 3968, .adv_w = 116, .box_w = 8, .box_h = 11, .ofs_x = 0, .ofs_y = 0},
    {.bitmap_index = 4012, .adv_w = 117, .box_w = 7, .box_h = 8, .ofs_x = 0, .ofs_y = 0},
    {.bitmap_index = 4040, .adv_w = 115, .box_w = 7, .box_h = 8, .ofs_x = 0, .ofs_y = 0},
    {.bitmap_index = 4068, .adv_w = 103, .box_w = 6, .box_h = 8, .ofs_x = 0, .ofs_y = 0},
    {.bitmap_index = 4092, .adv_w = 103, .box_w = 6, .box_h = 8, .ofs_x = 0, .ofs_y = 0},
    {.bitmap_index = 4116, .adv_w = 103, .box_w = 6, .box_h = 8, .ofs_x = 0, .ofs_y = 0},
    {.bitmap_index = 4140, .adv_w = 103, .box_w = 6, .box_h = 8, .ofs_x = 0, .ofs_y = 0},
    {.bitmap_index = 4164, .adv_w = 103, .box_w = 6, .box_h = 8, .ofs_x = 0, .ofs_y = 0},
    {.bitmap_index = 4188, .adv_w = 103, .box_w = 6, .box_h = 10, .ofs_x = 0, .ofs_y = 0},
    {.bitmap_index = 4218, .adv_w = 167, .box_w = 11, .box_h = 6, .ofs_x = 0, .ofs_y = 0},
    {.bitmap_index = 4251, .adv_w = 95, .box_w = 6, .box_h = 8, .ofs_x = 0, .ofs_y = -2},
    {.bitmap_index = 4275, .adv_w = 105, .box_w = 7, .box_h = 8, .ofs_x = 0, .ofs_y = 0},
    {.bitmap_index = 4303, .adv_w = 105, .box_w = 7, .box_h = 8, .ofs_x = 0, .ofs_y = 0},
    {.bitmap_index = 4331, .adv_w = 105, .box_w = 7, .box_h = 8, .ofs_x = 0, .ofs_y = 0},
    {.bitmap_index = 4359, .adv_w = 105, .box_w = 7, .box_h = 8, .ofs_x = 0, .ofs_y = 0},
    {.bitmap_index = 4387, .adv_w = 52, .box_w = 3, .box_h = 8, .ofs_x = 0, .ofs_y = 0},
    {.bitmap_index = 4399, .adv_w = 52, .box_w = 4, .box_h = 8, .ofs_x = 0, .ofs_y = 0},
    {.bitmap_index = 4415, .adv_w = 52, .box_w = 5, .box_h = 8, .ofs_x = -1, .ofs_y = 0},
    {.bitmap_index = 4435, .adv_w = 55, .box_w = 5, .box_h = 8, .ofs_x = -1, .ofs_y = 0},
    {.bitmap_index = 4455, .adv_w = 110, .box_w = 7, .box_h = 9, .ofs_x = 0, .ofs_y = 0},
    {.bitmap_index = 4487, .adv_w = 107, .box_w = 6, .box_h = 8, .ofs_x = 0, .ofs_y = 0},
    {.bitmap_index = 4511, .adv_w = 107, .box_w = 7, .box_h = 8, .ofs_x = 0, .ofs_y = 0},
    {.bitmap_index = 4539, .adv_w = 107, .box_w = 7, .box_h = 8, .ofs_x = 0, .ofs_y = 0},
    {.bitmap_index = 4567, .adv_w = 107, .box_w = 7, .box_h = 8, .ofs_x = 0, .ofs_y = 0},
    {.bitmap_index = 4595, .adv_w = 107, .box_w = 7, .box_h = 8, .ofs_x = 0, .ofs_y = 0},
    {.bitmap_index = 4623, .adv_w = 107, .box_w = 7, .box_h = 8, .ofs_x = 0, .ofs_y = 0},
    {.bitmap_index = 4651, .adv_w = 115, .box_w = 7, .box_h = 6, .ofs_x = 0, .ofs_y = 0},
    {.bitmap_index = 4672, .adv_w = 107, .box_w = 7, .box_h = 8, .ofs_x = 0, .ofs_y = -1},
    {.bitmap_index = 4700, .adv_w = 106, .box_w = 6, .box_h = 8, .ofs_x = 0, .ofs_y = 0},
    {.bitmap_index = 4724, .adv_w = 106, .box_w = 6, .box_h = 8, .ofs_x = 0, .ofs_y = 0},
    {.bitmap_index = 4748, .adv_w = 106, .box_w = 6, .box_h = 8, .ofs_x = 0, .ofs_y = 0},
    {.bitmap_index = 4772, .adv_w = 106, .box_w = 6, .box_h = 8, .ofs_x = 0, .ofs_y = 0},
    {.bitmap_index = 4796, .adv_w = 92, .box_w = 6, .box_h = 10, .ofs_x = 0, .ofs_y = -2},
    {.bitmap_index = 4826, .adv_w = 111, .box_w = 7, .box_h = 10, .ofs_x = 0, .ofs_y = -2},
    {.bitmap_index = 4861, .adv_w = 92, .box_w = 6, .box_h = 10, .ofs_x = 0, .ofs_y = -2},
    {.bitmap_index = 4891, .adv_w = 124, .box_w = 8, .box_h = 10, .ofs_x = 0, .ofs_y = 0},
    {.bitmap_index = 4931, .adv_w = 103, .box_w = 6, .box_h = 8, .ofs_x = 0, .ofs_y = 0},
    {.bitmap_index = 4955, .adv_w = 124, .box_w = 8, .box_h = 10, .ofs_x = 0, .ofs_y = 0},
    {.bitmap_index = 4995, .adv_w = 103, .box_w = 6, .box_h = 8, .ofs_x = 0, .ofs_y = 0},
    {.bitmap_index = 5019, .adv_w = 124, .box_w = 8, .box_h = 10, .ofs_x = 0, .ofs_y = -2},
    {.bitmap_index = 5059, .adv_w = 103, .box_w = 6, .box_h = 8, .ofs_x = 0, .ofs_y = -2},
    {.bitmap_index = 5083, .adv_w = 125, .box_w = 8, .box_h = 11, .ofs_x = 0, .ofs_y = 0},
    {.bitmap_index = 5127, .adv_w = 95, .box_w = 6, .box_h = 8, .ofs_x = 0, .ofs_y = 0},
    {.bitmap_index = 5151, .adv_w = 125, .box_w = 8, .box_h = 11, .ofs_x = 0, .ofs_y = 0},
    {.bitmap_index = 5195, .adv_w = 95, .box_w = 6, .box_h = 8, .ofs_x = 0, .ofs_y = 0},
    {.bitmap_index = 5219, .adv_w = 125, .box_w = 8, .box_h = 11, .ofs_x = 0, .ofs_y = 0},
    {.bitmap_index = 5263, .adv_w = 95, .box_w = 6, .box_h = 8, .ofs_x = 0, .ofs_y = 0},
    {.bitmap_index = 5287, .adv_w = 130, .box_w = 8, .box_h = 11, .ofs_x = 0, .ofs_y = 0},
    {.bitmap_index = 5331, .adv_w = 126, .box_w = 9, .box_h = 8, .ofs_x = 0, .ofs_y = 0},
    {.bitmap_index = 5367, .adv_w = 134, .box_w = 8, .box_h = 8, .ofs_x = 0, .ofs_y = 0},
    {.bitmap_index = 5399, .adv_w = 111, .box_w = 8, .box_h = 8, .ofs_x = 0, .ofs_y = 0},
    {.bitmap_index = 5431, .adv_w = 111, .box_w = 7, .box_h = 10, .ofs_x = 0, .ofs_y = 0},
    {.bitmap_index = 5466, .adv_w = 105, .box_w = 7, .box_h = 8, .ofs_x = 0, .ofs_y = 0},
    {.bitmap_index = 5494, .adv_w = 111, .box_w = 7, .box_h = 11, .ofs_x = 0, .ofs_y = 0},
    {.bitmap_index = 5533, .adv_w = 105, .box_w = 7, .box_h = 8, .ofs_x = 0, .ofs_y = 0},
    {.bitmap_index = 5561, .adv_w = 111, .box_w = 7, .box_h = 10, .ofs_x = 0, .ofs_y = -2},
    {.bitmap_index = 5596, .adv_w = 105, .box_w = 7, .box_h = 8, .ofs_x = 0, .ofs_y = -2},
    {.bitmap_index = 5624, .adv_w = 111, .box_w = 7, .box_h = 11, .ofs_x = 0, .ofs_y = 0},
    {.bitmap_index = 5663, .adv_w = 105, .box_w = 7, .box_h = 8, .ofs_x = 0, .ofs_y = 0},
    {.bitmap_index = 5691, .adv_w = 135, .box_w = 8, .box_h = 11, .ofs_x = 0, .ofs_y = 0},
    {.bitmap_index = 5735, .adv_w = 110, .box_w = 7, .box_h = 11, .ofs_x = 0, .ofs_y = -3},
    {.bitmap_index = 5774, .adv_w = 135, .box_w = 8, .box_h = 11, .ofs_x = 0, .ofs_y = 0},
    {.bitmap_index = 5818, .adv_w = 110, .box_w = 7, .box_h = 11, .ofs_x = 0, .ofs_y = -3},
    {.bitmap_index = 5857, .adv_w = 135, .box_w = 8, .box_h = 11, .ofs_x = 0, .ofs_y = -3},
    {.bitmap_index = 5901, .adv_w = 110, .box_w = 7, .box_h = 12, .ofs_x = 0, .ofs_y = -3},
    {.bitmap_index = 5943, .adv_w = 134, .box_w = 9, .box_h = 8, .ofs_x = 0, .ofs_y = 0},
    {.bitmap_index = 5979, .adv_w = 107, .box_w = 7, .box_h = 8, .ofs_x = -1, .ofs_y = 0},
    {.bitmap_index = 6007, .adv_w = 78, .box_w = 5, .box_h = 10, .ofs_x = 0, .ofs_y = 0},
    {.bitmap_index = 6032, .adv_w = 52, .box_w = 4, .box_h = 8, .ofs_x = 0, .ofs_y = 0},
    {.bitmap_index = 6048, .adv_w = 78, .box_w = 5, .box_h = 10, .ofs_x = 0, .ofs_y = -2},
    {.bitmap_index = 6073, .adv_w = 52, .box_w = 3, .box_h = 10, .ofs_x = 0, .ofs_y = -2},
    {.bitmap_index = 6088, .adv_w = 78, .box_w = 5, .box_h = 11, .ofs_x = 0, .ofs_y = 0},
    {.bitmap_index = 6116, .adv_w = 52, .box_w = 3, .box_h = 6, .ofs_x = 0, .ofs_y = 0},
    {.bitmap_index = 6125, .adv_w = 180, .box_w = 11, .box_h = 8, .ofs_x = 0, .ofs_y = 0},
    {.bitmap_index = 6169, .adv_w = 100, .box_w = 6, .box_h = 10, .ofs_x = 0, .ofs_y = -2},
    {.bitmap_index = 6199, .adv_w = 124, .box_w = 8, .box_h = 11, .ofs_x = 0, .ofs_y = -3},
    {.bitmap_index = 6243, .adv_w = 99, .box_w = 7, .box_h = 11, .ofs_x = 0, .ofs_y = -3},
    {.bitmap_index = 6282, .adv_w = 105, .box_w = 7, .box_h = 11, .ofs_x = 0, .ofs_y = 0},
    {.bitmap_index = 6321, .adv_w = 55, .box_w = 4, .box_h = 11, .ofs_x = 0, .ofs_y = 0},
    {.bitmap_index = 6343, .adv_w = 105, .box_w = 7, .box_h = 11, .ofs_x = 0, .ofs_y = -3},
    {.bitmap_index = 6382, .adv_w = 55, .box_w = 4, .box_h = 11, .ofs_x = 0, .ofs_y = -3},
    {.bitmap_index = 6404, .adv_w = 105, .box_w = 7, .box_h = 8, .ofs_x = 0, .ofs_y = 0},
    {.bitmap_index = 6432, .adv_w = 65, .box_w = 4, .box_h = 8, .ofs_x = 0, .ofs_y = 0},
    {.bitmap_index = 6448, .adv_w = 110, .box_w = 7, .box_h = 8, .ofs_x = 0, .ofs_y = 0},
    {.bitmap_index = 6476, .adv_w = 61, .box_w = 4, .box_h = 8, .ofs_x = 0, .ofs_y = 0},
    {.bitmap_index = 6492, .adv_w = 135, .box_w = 8, .box_h = 11, .ofs_x = 0, .ofs_y = 0},
    {.bitmap_index = 6536, .adv_w = 107, .box_w = 6, .box_h = 8, .ofs_x = 0, .ofs_y = 0},
    {.bitmap_index = 6560, .adv_w = 135, .box_w = 8, .box_h = 11, .ofs_x = 0, .ofs_y = -3},
    {.bitmap_index = 6604, .adv_w = 107, .box_w = 6, .box_h = 9, .ofs_x = 0, .ofs_y = -3},
    {.bitmap_index = 6631, .adv_w = 135, .box_w = 8, .box_h = 11, .ofs_x = 0, .ofs_y = 0},
    {.bitmap_index = 6675, .adv_w = 107, .box_w = 6, .box_h = 8, .ofs_x = 0, .ofs_y = 0},
    {.bitmap_index = 6699, .adv_w = 140, .box_w = 9, .box_h = 11, .ofs_x = 0, .ofs_y = 0},
    {.bitmap_index = 6749, .adv_w = 107, .box_w = 7, .box_h = 8, .ofs_x = 0, .ofs_y = 0},
    {.bitmap_index = 6777, .adv_w = 194, .box_w = 12, .box_h = 8, .ofs_x = 0, .ofs_y = 0},
    {.bitmap_index = 6825, .adv_w = 178, .box_w = 11, .box_h = 6, .ofs_x = 0, .ofs_y = 0},
    {.bitmap_index = 6858, .adv_w = 121, .box_w = 8, .box_h = 11, .ofs_x = 0, .ofs_y = 0},
    {.bitmap_index = 6902, .adv_w = 69, .box_w = 5, .box_h = 8, .ofs_x = 0, .ofs_y = 0},
    {.bitmap_index = 6922, .adv_w = 121, .box_w = 8, .box_h = 11, .ofs_x = 0, .ofs_y = 0},
    {.bitmap_index = 6966, .adv_w = 69, .box_w = 5, .box_h = 8, .ofs_x = 0, .ofs_y = 0},
    {.bitmap_index = 6986, .adv_w = 115, .box_w = 7, .box_h = 11, .ofs_x = 0, .ofs_y = 0},
    {.bitmap_index = 7025, .adv_w = 93, .box_w = 6, .box_h = 8, .ofs_x = 0, .ofs_y = 0},
    {.bitmap_index = 7049, .adv_w = 115, .box_w = 7, .box_h = 10, .ofs_x = 0, .ofs_y = -2},
    {.bitmap_index = 7084, .adv_w = 93, .box_w = 6, .box_h = 8, .ofs_x = 0, .ofs_y = -2},
    {.bitmap_index = 7108, .adv_w = 115, .box_w = 7, .box_h = 11, .ofs_x = 0, .ofs_y = 0},
    {.bitmap_index = 7147, .adv_w = 93, .box_w = 6, .box_h = 8, .ofs_x = 0, .ofs_y = 0},
    {.bitmap_index = 7171, .adv_w = 111, .box_w = 7, .box_h = 10, .ofs_x = 0, .ofs_y = -2},
    {.bitmap_index = 7206, .adv_w = 66, .box_w = 4, .box_h = 10, .ofs_x = 0, .ofs_y = -2},
    {.bitmap_index = 7226, .adv_w = 111, .box_w = 7, .box_h = 11, .ofs_x = 0, .ofs_y = 0},
    {.bitmap_index = 7265, .adv_w = 66, .box_w = 5, .box_h = 10, .ofs_x = 0, .ofs_y = 0},
    {.bitmap_index = 7290, .adv_w = 132, .box_w = 8, .box_h = 10, .ofs_x = 0, .ofs_y = 0},
    {.bitmap_index = 7330, .adv_w = 106, .box_w = 6, .box_h = 8, .ofs_x = 0, .ofs_y = 0},
    {.bitmap_index = 7354, .adv_w = 132, .box_w = 8, .box_h = 11, .ofs_x = 0, .ofs_y = 0},
    {.bitmap_index = 7398, .adv_w = 106, .box_w = 6, .box_h = 10, .ofs_x = 0, .ofs_y = 0},
    {.bitmap_index = 7428, .adv_w = 132, .box_w = 8, .box_h = 11, .ofs_x = 0, .ofs_y = 0},
    {.bitmap_index = 7472, .adv_w = 106, .box_w = 6, .box_h = 8, .ofs_x = 0, .ofs_y = 0},
    {.bitmap_index = 7496, .adv_w = 132, .box_w = 8, .box_h = 10, .ofs_x = 0, .ofs_y = -2},
    {.bitmap_index = 7536, .adv_w = 106, .box_w = 6, .box_h = 8, .ofs_x = 0, .ofs_y = -2},
    {.bitmap_index = 7560, .adv_w = 167, .box_w = 11, .box_h = 11, .ofs_x = 0, .ofs_y = 0},
    {.bitmap_index = 7621, .adv_w = 136, .box_w = 9, .box_h = 8, .ofs_x = 0, .ofs_y = 0},
    {.bitmap_index = 7657, .adv_w = 116, .box_w = 8, .box_h = 11, .ofs_x = 0, .ofs_y = 0},
    {.bitmap_index = 7701, .adv_w = 92, .box_w = 6, .box_h = 10, .ofs_x = 0, .ofs_y = -2},
    {.bitmap_index = 7731, .adv_w = 116, .box_w = 8, .box_h = 11, .ofs_x = 0, .ofs_y = 0},
    {.bitmap_index = 7775, .adv_w = 118, .box_w = 7, .box_h = 11, .ofs_x = 0, .ofs_y = 0},
    {.bitmap_index = 7814, .adv_w = 92, .box_w = 6, .box_h = 8, .ofs_x = 0, .ofs_y = 0},
    {.bitmap_index = 7838, .adv_w = 118, .box_w = 7, .box_h = 11, .ofs_x = 0, .ofs_y = 0},
    {.bitmap_index = 7877, .adv_w = 92, .box_w = 6, .box_h = 8, .ofs_x = 0, .ofs_y = 0},
    {.bitmap_index = 7901, .adv_w = 118, .box_w = 7, .box_h = 11, .ofs_x = 0, .ofs_y = 0},
    {.bitmap_index = 7940, .adv_w = 92, .box_w = 6, .box_h = 8, .ofs_x = 0, .ofs_y = 0},
    {.bitmap_index = 7964, .adv_w = 192, .box_w = 12, .box_h = 9, .ofs_x = 0, .ofs_y = 0}
};

/*---------------------
 *  CHARACTER MAPPING
 *--------------------*/

static const uint8_t glyph_id_ofs_list_4[] = {
    0, 1, 2, 3, 4, 5, 6, 7,
    8, 9, 0, 0, 10, 11, 12, 13,
    14, 15, 0, 0, 16, 17, 18, 19,
    20, 21, 0, 0, 22, 23, 0, 0,
    24, 25, 0, 0, 26, 27, 28, 29,
    30, 31, 0, 0, 32, 33, 0, 34,
    35, 36, 37, 38, 39, 0, 0, 40,
    41, 42, 43, 44, 45, 46, 47, 0,
    0, 0, 0, 0, 0, 0, 48, 49,
    50, 51, 52, 53, 0, 0, 54, 55,
    56, 57, 0, 0, 58, 59, 60, 61,
    62, 63, 64, 65, 0, 0, 0, 0,
    66, 67
};

/*Collect the unicode lists and glyph_id offsets*/
static const lv_font_fmt_txt_cmap_t cmaps[] =
{
    {
        .range_start = 32, .range_length = 95, .glyph_id_start = 1,
        .unicode_list = NULL, .glyph_id_ofs_list = NULL, .list_length = 0, .type = LV_FONT_FMT_TXT_CMAP_FORMAT0_TINY
    },
    {
        .range_start = 160, .range_length = 13, .glyph_id_start = 96,
        .unicode_list = NULL, .glyph_id_ofs_list = NULL, .list_length = 0, .type = LV_FONT_FMT_TXT_CMAP_FORMAT0_TINY
    },
    {
        .range_start = 174, .range_length = 7, .glyph_id_start = 109,
        .unicode_list = NULL, .glyph_id_ofs_list = NULL, .list_length = 0, .type = LV_FONT_FMT_TXT_CMAP_FORMAT0_TINY
    },
    {
        .range_start = 182, .range_length = 82, .glyph_id_start = 116,
        .unicode_list = NULL, .glyph_id_ofs_list = NULL, .list_length = 0, .type = LV_FONT_FMT_TXT_CMAP_FORMAT0_TINY
    },
    {
        .range_start = 266, .range_length = 98, .glyph_id_start = 198,
        .unicode_list = NULL, .glyph_id_ofs_list = glyph_id_ofs_list_4, .list_length = 98, .type = LV_FONT_FMT_TXT_CMAP_FORMAT0_FULL
    },
    {
        .range_start = 366, .range_length = 17, .glyph_id_start = 266,
        .unicode_list = NULL, .glyph_id_ofs_list = NULL, .list_length = 0, .type = LV_FONT_FMT_TXT_CMAP_FORMAT0_TINY
    },
    {
        .range_start = 61664, .range_length = 1, .glyph_id_start = 283,
        .unicode_list = NULL, .glyph_id_ofs_list = NULL, .list_length = 0, .type = LV_FONT_FMT_TXT_CMAP_FORMAT0_TINY
    }
};

/*-----------------
 *    KERNING
 *----------------*/


/*Map glyph_ids to kern left classes*/
static const uint8_t kern_left_class_mapping[] =
{
    0, 1, 0, 2, 0, 0, 0, 3,
    2, 4, 0, 5, 6, 7, 8, 7,
    9, 10, 0, 11, 12, 13, 14, 15,
    16, 17, 18, 19, 19, 0, 0, 0,
    20, 21, 22, 23, 24, 25, 26, 27,
    28, 0, 29, 30, 31, 32, 0, 0,
    25, 33, 34, 35, 36, 37, 30, 38,
    39, 40, 41, 42, 43, 44, 45, 0,
    46, 0, 47, 48, 49, 0, 50, 51,
    52, 53, 0, 54, 55, 56, 53, 53,
    48, 48, 57, 58, 59, 60, 61, 62,
    62, 63, 62, 64, 43, 65, 0, 0,
    0, 66, 67, 0, 0, 0, 65, 68,
    0, 0, 0, 69, 0, 0, 0, 70,
    0, 0, 0, 0, 71, 0, 0, 0,
    0, 72, 0, 0, 0, 73, 22, 22,
    22, 22, 22, 22, 26, 24, 26, 26,
    26, 26, 29, 29, 29, 29, 25, 0,
    25, 25, 25, 25, 25, 0, 25, 30,
    30, 30, 30, 41, 74, 75, 47, 47,
    47, 47, 47, 47, 50, 49, 50, 50,
    50, 50, 0, 0, 76, 77, 78, 53,
    48, 48, 48, 48, 48, 0, 48, 61,
    61, 61, 61, 62, 48, 62, 22, 47,
    22, 47, 79, 80, 24, 49, 24, 49,
    24, 49, 25, 81, 25, 82, 26, 50,
    26, 50, 83, 50, 26, 50, 28, 52,
    28, 52, 28, 52, 84, 53, 29, 0,
    85, 86, 29, 0, 30, 54, 31, 55,
    0, 0, 32, 87, 32, 88, 32, 56,
    0, 53, 0, 53, 0, 53, 25, 48,
    26, 50, 35, 58, 35, 58, 36, 59,
    36, 59, 36, 59, 37, 89, 37, 90,
    30, 61, 30, 61, 30, 61, 30, 52,
    39, 62, 41, 62, 41, 42, 64, 42,
    64, 42, 64, 0
};

/*Map glyph_ids to kern right classes*/
static const uint8_t kern_right_class_mapping[] =
{
    0, 1, 2, 3, 4, 0, 5, 6,
    3, 0, 7, 8, 9, 10, 11, 12,
    13, 14, 15, 16, 17, 18, 19, 20,
    21, 22, 23, 24, 25, 0, 0, 0,
    26, 27, 28, 0, 29, 0, 0, 0,
    29, 0, 30, 31, 0, 0, 0, 0,
    29, 0, 29, 0, 32, 33, 34, 35,
    36, 37, 38, 39, 40, 41, 42, 0,
    43, 0, 44, 45, 46, 46, 46, 47,
    48, 45, 49, 50, 45, 45, 51, 51,
    46, 52, 46, 51, 53, 54, 55, 56,
    56, 57, 56, 58, 0, 40, 42, 0,
    0, 59, 60, 0, 0, 61, 40, 59,
    0, 0, 0, 62, 0, 0, 0, 63,
    0, 0, 0, 0, 64, 65, 0, 0,
    0, 66, 0, 0, 0, 67, 28, 28,
    28, 28, 28, 28, 68, 29, 0, 0,
    0, 0, 30, 30, 30, 30, 0, 0,
    29, 29, 29, 29, 29, 0, 29, 34,
    34, 34, 34, 38, 0, 0, 44, 44,
    69, 70, 71, 44, 44, 46, 46, 46,
    46, 72, 73, 49, 74, 75, 46, 51,
    46, 46, 76, 77, 78, 0, 46, 55,
    55, 55, 55, 56, 79, 56, 28, 80,
    28, 81, 28, 44, 29, 46, 29, 46,
    29, 46, 0, 46, 0, 46, 0, 46,
    0, 46, 0, 46, 0, 46, 29, 48,
    29, 48, 29, 48, 0, 82, 30, 83,
    30, 84, 30, 49, 30, 49, 0, 45,
    0, 0, 0, 45, 0, 45, 0, 45,
    0, 51, 0, 51, 0, 51, 29, 46,
    29, 46, 0, 51, 0, 51, 32, 53,
    32, 53, 32, 53, 33, 54, 33, 54,
    34, 55, 34, 55, 34, 55, 34, 55,
    36, 56, 38, 56, 38, 39, 58, 39,
    58, 39, 58, 0
};

/*Kern values between classes*/
static const int8_t kern_class_values[] =
{
    0, 0, 0, 0, 0, 0, 0, 0,
    0, 0, 0, 0, 0, 0, 0, 0,
    0, 0, 0, 0, 0, 0, 0, 0,
    0, 0, 0, -2, 0, 0, 0, 0,
    -4, 0, -4, -4, 0, -6, 0, 0,
    0, 0, 0, 0, 0, 0, 0, 0,
    0, 0, 0, 0, 0, 0, 0, -2,
    0, 0, 0, 0, 0, 0, 0, 0,
    0, 0, 0, 0, 0, 0, 0, 0,
    0, 0, 0, 0, 0, 0, 0, 0,
    0, 0, 0, 0, 0, 0, 0, 0,
    0, 0, 0, 0, 0, 0, 0, 0,
    0, 0, 3, 0, 0, -10, 0, 0,
    7, -4, 0, 0, 0, 0, 0, 0,
    0, 0, 0, 0, 0, 0, 0, 0,
    0, 0, 0, 0, 0, 0, 0, 0,
    0, 0, 0, 0, 0, 0, 0, 0,
    0, 0, 0, 0, 0, 0, 0, -6,
    0, 0, 0, 0, 0, 0, 0, 0,
    0, 0, 0, 0, 0, 0, 0, 0,
    0, 0, 0, 0, 0, 0, 0, 0,
    0, 0, 0, 0, 0, 0, 0, 0,
    0, 0, 0, 0, 0, 0, 0, 0,
    0, 0, 0, 0, 0, 0, 0, 0,
    0, 0, 0, 0, 0, 0, 0, -6,
    -11, -4, -10, -5, 0, -13, 0, 0,
    0, 0, 0, 0, 0, 0, 0, 0,
    0, 0, 0, 0, 0, 0, 0, -4,
    0, 0, 0, 0, 0, 0, 0, 0,
    0, 0, 0, 0, 0, 0, 0, 0,
    0, 0, 0, 0, 0, 0, 0, 0,
    0, 0, 0, 0, 0, 0, 0, 0,
    0, 0, 0, 0, 0, 0, 0, 0,
    0, -4, 0, 0, 0, 0, 0, 0,
    0, 0, 0, 0, 0, 0, 0, 0,
    0, 0, 0, 0, 0, 0, 0, 0,
    0, 0, 0, 0, 0, 0, 0, 0,
    0, 0, 0, 0, 0, 0, 0, 0,
    0, 0, 0, 0, 0, 0, 0, -8,
    0, 0, 0, 0, 0, 0, 0, 0,
    0, 0, 0, 0, 0, 0, 0, 0,
    0, 0, 0, 0, 0, 0, 0, 0,
    0, 0, 0, 0, 0, 0, 0, 0,
    0, -13, 0, -13, 0, 0, 0, 0,
    0, 0, 0, 0, 0, 0, 0, 0,
    0, 0, 0, 0, 0, 0, 0, 0,
    0, 0, 0, 0, 0, 0, 0, 0,
    0, 0, 0, 0, 0, 0, 0, 0,
    0, 0, 0, 0, 0, 0, 0, 0,
    0, 0, 0, -4, 0, 0, 0, 0,
    0, 0, 0, 0, 0, 0, 0, 0,
    0, 0, 0, 0, 0, 0, 0, 0,
    0, 0, 0, 0, 0, 0, 0, 0,
    0, 0, 0, 0, 0, 0, 0, 0,
    0, 0, -6, 0, 0, 4, 0, 0,
    0, 0, 0, 0, 0, 0, 0, 0,
    0, 0, 0, 0, 0, 0, 0, 0,
    0, 0, 0, 0, 0, 0, 0, 0,
    0, 0, 0, 0, 0, 0, 0, 0,
    0, 0, 0, 0, 0, 0, 0, 0,
    0, 0, 0, 0, 0, 0, 0, 0,
    0, 0, 0, 0, 0, 0, 0, 0,
    0, 0, 0, 0, 0, 0, 0, 0,
    0, 0, 0, 0, 0, 0, 0, -13,
    0, 0, 0, 0, 0, 0, -6, 0,
    0, 0, 0, 0, 0, 0, 0, 0,
    0, 0, 0, 0, 0, 0, 0, 0,
    0, 0, 0, 0, 0, 0, 0, 0,
    0, 0, 0, 0, 0, 0, 0, 0,
    0, 0, 0, 0, 0, 0, 0, 0,
    0, 0, 0, -2, 0, 0, 0, 0,
    0, 0, 0, 0, 0, 0, 0, 0,
    0, 0, 0, 0, 0, 0, 0, 0,
    0, 0, 0, 0, 0, 0, 0, 0,
    0, 0, 0, 0, 0, 0, 0, 0,
    0, 4, 0, 0, 0, 9, 2, 0,
    0, 0, 0, 0, 0, 0, 0, 0,
    0, 0, 0, 0, 0, 0, 0, 0,
    0, 0, 0, 0, 0, 0, 0, 0,
    0, 0, 0, 0, 0, 0, 0, 0,
    0, 0, 0, 0, 0, 0, 0, 2,
    0, 0, 0, 0, 0, 0, 0, 0,
    0, 0, 0, 0, 0, 0, 0, 0,
    0, 0, 0, 0, 0, 0, 0, 0,
    0, 0, 0, 0, 0, 0, 0, 0,
    0, 0, 0, 0, -22, 0, 0, 0,
    0, -10, 0, 0, 10, 0, 0, 0,
    0, 0, 0, 0, 0, 0, 0, 0,
    0, 0, 0, 0, 0, 0, 0, 0,
    0, 0, 0, 0, 0, 0, 0, 0,
    0, 0, 0, 0, 0, 0, 0, 0,
    0, 0, 0, -12, 0, 0, 0, 0,
    0, 0, 0, 0, 0, 0, 0, 0,
    0, 0, 0, 0, 0, 0, 0, 0,
    0, 0, 0, 0, 0, 0, 0, 0,
    0, 0, -4, 0, 0, 0, 4, 0,
    0, 0, 0, 0, 0, 0, 0, 0,
    0, 0, 0, 0, 0, 0, 0, 0,
    0, 0, 0, 0, 0, 0, 0, 0,
    0, 0, 0, 0, 0, 0, 0, 0,
    0, 0, 0, 0, 0, 0, 0, 0,
    0, 0, 0, 0, 0, 0, 0, 0,
    0, 0, 0, 0, 0, 0, 0, 0,
    0, 0, 0, 0, 0, 0, 0, 0,
    0, 0, 0, 0, 0, 0, 0, 0,
    0, 0, 0, 0, 0, 0, 0, 0,
    0, 0, 0, 0, 0, 0, 0, 0,
    -1, -4, 0, 0, 0, -2, 0, 0,
    0, 0, 0, 0, 0, 0, 0, 0,
    0, 0, 0, 0, 0, 0, 0, 0,
    0, 0, 0, 0, 0, 0, 0, 0,
    0, 0, 0, 0, 0, 0, 0, 0,
    0, 0, 0, 0, 0, 0, 0, 0,
    0, 0, 0, 0, 0, 0, 0, 0,
    0, 0, 0, 0, 0, 0, 0, 0,
    0, 0, 0, 0, 0, 0, 0, 0,
    0, 0, 0, 0, 0, 0, 0, 0,
    -6, 0, 0, 0, 0, 0, 0, 0,
    0, 0, 0, 0, 0, 0, 0, 0,
    0, 0, 0, 0, 0, 0, 0, 0,
    0, 0, 0, 0, 0, 0, 0, 0,
    0, 0, 0, 0, 0, 0, 0, 0,
    0, 0, 0, 0, 0, 0, 0, 0,
    0, 0, 0, 0, 0, 0, 0, 0,
    0, 0, 0, 0, 0, 0, 0, 0,
    0, 0, 0, 0, 0, 0, 0, 0,
    0, 0, -7, 0, 0, 0, 0, 0,
    4, 0, 4, 0, 0, 0, -1, -2,
    0, 2, 0, 0, 0, 0, -5, 0,
    0, 0, 0, 0, 0, 0, 0, 0,
    0, 0, 0, 0, 0, 0, 0, 0,
    0, 0, 0, 0, 0, 0, 0, 0,
    0, 0, 0, 0, 0, 0, 0, 0,
    0, 0, 0, 0, 0, 0, 0, 0,
    0, 0, 0, 0, 0, 0, 0, 0,
    0, 0, 0, 0, 0, 0, 0, 0,
    0, 0, 0, 0, 0, 0, 0, 0,
    0, 0, 0, 0, 0, 0, 0, 0,
    -5, 0, -4, 0, -4, 0, -2, -1,
    0, 0, -1, 0, 0, 0, 0, 0,
    0, 0, 0, 0, 0, 0, 0, 0,
    0, 0, 0, 0, 0, 0, 0, 0,
    0, 0, 0, 0, 0, 0, 0, 0,
    0, 0, 0, 0, 0, 0, 0, 0,
    0, 0, 0, 0, 0, 0, 0, 0,
    0, 0, 0, 0, 0, 0, 0, 0,
    0, 0, 0, 0, 0, 0, 0, 0,
    0, 0, 0, 0, 0, 0, 0, 0,
    0, 0, 0, 0, -6, 0, -4, 0,
    0, 0, 0, 0, -1, 0, 0, 0,
    0, 0, 0, 0, 0, 0, 0, 0,
    0, 0, 0, 0, 0, 0, 0, 0,
    0, 0, 0, 0, 0, 0, 0, 0,
    0, 0, 0, 0, 0, 0, 0, 0,
    0, 0, 0, 0, 0, 0, 0, 0,
    0, 0, 0, 0, 0, 0, 0, 0,
    0, 0, 0, 0, 0, 0, 0, 0,
    0, 0, 0, 0, 0, 0, 7, 0,
    6, 0, 0, 0, 0, -6, 0, -6,
    -10, 0, 4, 0, 2, -9, 0, 0,
    6, -4, 0, 0, 0, 0, 0, 0,
    0, 0, 0, 0, 0, 0, 0, 0,
    0, 0, 0, 0, 0, 2, 0, 0,
    0, 0, 0, 0, 0, 0, 0, 0,
    0, 0, 0, 0, 0, 0, 0, 0,
    0, 0, 9, 0, 0, 0, 0, 0,
    0, 0, 0, 0, 0, 0, 0, 0,
    0, 0, 0, 0, 0, 0, 0, 0,
    0, 0, -4, 0, -2, 0, 0, 0,
    0, 0, 0, 0, -2, 0, -4, -2,
    0, 0, 0, 0, -2, 0, -4, 0,
    0, 0, 0, 0, 0, 0, 0, 0,
    0, 0, 0, 0, 0, 0, 0, 0,
    0, 0, 0, 0, 0, 0, 0, 0,
    0, 0, 0, 0, 0, 0, 0, 0,
    0, 0, 0, 0, 0, 0, 0, 0,
    0, 0, 0, 0, 0, 0, 0, 0,
    0, 0, 0, 0, 0, 0, 0, 0,
    0, 0, 0, 0, 0, 0, 0, 0,
    0, 0, 0, 0, 0, 0, 0, 0,
    -10, 0, 0, -4, 0, -1, 0, 0,
    0, 0, 0, 0, 0, 0, 0, 0,
    0, 0, 0, 0, 0, 0, 0, 0,
    0, 0, 0, 0, 0, 0, 0, 0,
    0, 0, 0, 0, 0, 0, 0, 0,
    0, 0, 0, 0, 0, 0, 0, 0,
    0, 0, 0, 0, 0, 0, 0, 0,
    0, 0, 0, 0, 0, 0, 0, 0,
    0, 0, 0, 0, 0, 0, 0, 0,
    0, 0, 0, 0, 0, 0, 0, 0,
    0, 0, 0, 0, 0, 0, 0, 0,
    0, 0, 0, 0, 0, 0, 0, 0,
    0, 0, 0, 0, 0, 0, 0, 0,
    0, 0, 0, 0, 0, 0, 0, 0,
    0, 0, 0, 0, 0, 0, 0, 0,
    0, 0, 0, 0, 0, 0, 0, 0,
    0, 0, 0, -1, 0, 0, 0, 0,
    0, 0, 0, 0, 0, 0, 0, 0,
    0, 0, 0, 0, 0, 0, 0, 0,
    0, 0, 0, 0, 0, 0, 0, 0,
    0, 0, 0, 0, 0, 0, 0, 0,
    0, 0, 0, 0, 0, 0, 0, 0,
    0, 0, 0, 0, 0, 0, 0, -10,
    0, 0, 0, 0, 0, 0, 0, 0,
    0, 0, 0, 0, 0, 0, 0, 0,
    0, 0, 0, 0, 0, 0, 0, 0,
    0, 0, 0, 0, 0, 0, 0, 0,
    0, 0, 0, 0, 0, 0, 0, 0,
    0, 0, 0, 0, 0, 0, 0, 0,
    0, 0, 0, 0, 0, 0, 0, 0,
    0, 0, 0, 0, 0, 0, 0, 0,
    0, 0, 0, 0, 0, 0, 0, 0,
    0, 0, 0, 0, 0, 0, 0, 0,
    0, 0, 0, 0, 0, 0, 0, 0,
    -8, 0, 0, 0, 0, -5, 0, 0,
    0, 0, 0, 0, 0, 0, 0, 0,
    0, 0, 0, 0, 0, -4, 0, 0,
    0, 0, 0, 0, 0, 0, 0, 0,
    0, 0, 0, 0, 0, 0, 0, 0,
    0, 0, 0, 0, 0, 0, 0, 0,
    0, 0, 0, 0, -2, -2, -10, 0,
    0, 0, -4, -13, 0, 2, -2, 2,
    2, 0, 0, 0, 0, 0, 0, 0,
    0, 0, 0, 0, 0, -10, 0, 4,
    -4, 0, 0, -3, -11, -6, -8, -6,
    4, -11, 0, 0, -12, 0, 0, 0,
    0, -3, -2, 0, 0, 0, 0, 0,
    0, -5, -2, -6, 0, 0, 0, -3,
    0, 0, 0, 0, 0, 0, 0, 0,
    0, 0, 0, -3, 0, 0, 0, -3,
    -3, -3, 0, 0, 0, 0, 0, 0,
    0, 0, 0, 0, 0, 0, 0, -4,
    0, 0, 0, 0, -4, 0, 0, 0,
    0, 0, 0, 0, 0, 0, 0, 0,
    0, 0, 0, 0, 0, 0, 0, 0,
    0, 0, -2, -2, -4, -4, 0, 0,
    0, 0, 0, 0, 0, 2, 0, 0,
    0, 0, 0, 0, 0, 0, 0, 0,
    0, 0, 0, 2, 0, 0, 0, 0,
    0, 0, 0, 0, 0, 0, 0, 2,
    0, 0, 0, 2, 2, 2, 0, 0,
    0, 0, 0, 0, 0, 0, 0, 0,
    0, 0, 0, 0, 0, 0, 0, 0,
    0, 0, 0, 0, 0, 0, 0, 0,
    0, 0, 0, 0, 0, 0, 0, -2,
    -4, 0, 0, 0, 3, 0, 0, 2,
    -2, 0, 2, 0, 0, 0, 0, 0,
    0, 0, 0, 0, 0, 0, 0, 0,
    0, 0, 0, 0, 0, 0, 0, 0,
    0, 0, 0, 0, 0, 0, 0, 0,
    0, 0, 0, 0, 0, 0, 0, 0,
    0, 0, 0, 0, 0, 0, 0, 0,
    0, 0, 0, 0, 0, 0, -4, 0,
    0, -6, 2, -6, -8, 0, 0, 0,
    0, 0, 0, 0, 0, 0, 0, 0,
    0, -8, 0, -4, 0, -5, 0, 0,
    -4, 0, -4, -2, -7, -7, -5, 0,
    -8, 0, 0, 0, 0, 0, 0, 0,
    0, 0, 0, 0, 0, 0, 0, 0,
    0, -1, 0, 0, 0, 0, 0, 0,
    0, 0, 0, -7, 0, 0, 0, 0,
    0, 0, 0, 0, 0, 0, 0, 0,
    0, 0, 0, 0, 0, 0, 0, 0,
    0, 0, 0, 0, 0, 0, 0, 0,
    0, 0, 0, 0, 0, 0, 0, 0,
    0, 0, 0, 0, 0, 0, 0, 0,
    -5, 0, 0, -1, 2, 0, 0, 0,
    0, 0, 0, 0, 0, 0, 0, 0,
    0, -2, 0, 0, 0, 0, 0, 0,
    0, 0, 0, -2, 0, 0, 0, -2,
    0, 0, 0, 0, 0, 0, 0, 0,
    0, 0, 0, -2, 0, 0, 0, -2,
    -2, -2, 0, 0, 0, 0, 0, 0,
    0, 0, 0, 0, 0, 0, 0, 0,
    0, -11, 0, -11, -13, 0, 0, 0,
    0, 0, 0, 0, 0, 0, 0, 0,
    0, 0, 0, -10, -1, 0, -10, 0,
    0, 0, 0, 0, 0, 0, 0, 0,
    0, 0, 0, -2, 0, 0, 0, 0,
    0, 0, 0, 0, 0, 0, 0, 0,
    0, 0, 0, 0, 0, 0, 0, 0,
    0, 0, 0, -15, -2, -2, -2, 0,
    2, 5, 5, 0, 0, 0, 0, -2,
    -2, 0, 5, 0, 0, 0, 0, 0,
    0, 0, 0, -4, 0, 0, 0, 0,
    0, 0, 0, 0, 0, 0, 0, 0,
    0, 0, 0, 0, 0, -8, 0, 0,
    0, 0, 0, 0, -4, 0, -4, -2,
    -1, -7, 0, 0, 0, 0, 0, 0,
    0, 0, 0, 0, 0, 0, 0, 0,
    0, 0, 0, 0, 0, 0, 0, 0,
    0, 0, 0, 0, 0, 0, 0, 0,
    0, 0, 0, 0, 0, 0, 0, 0,
    0, 0, 0, 0, 0, 0, 0, 0,
    0, 0, 0, 0, 0, 0, 0, 0,
    0, 0, 0, 0, 0, 0, 0, 0,
    0, 0, 0, 0, 0, 0, 0, 0,
    0, 0, 0, 0, -5, 0, 0, 0,
    0, 0, 0, 0, 0, 0, 0, 0,
    0, 0, 0, -2, 0, -5, 0, -4,
    0, 0, 0, 0, 0, 0, 0, -4,
    0, 0, 0, -5, 0, 0, 0, 0,
    0, 0, 0, 0, -2, -2, -2, -5,
    0, 0, 0, -5, -5, -5, 0, -2,
    -2, 0, 0, 0, 0, 0, 0, 0,
    0, 0, 0, 0, 0, -8, 0, -8,
    -6, 0, 0, 0, 0, 0, 0, 0,
    0, 0, 0, 0, 0, 0, 0, -6,
    0, 0, 0, 0, 0, 0, 0, 0,
    0, 0, 0, 0, 0, 0, 0, 0,
    0, 0, 0, -2, 0, 0, 0, 0,
    0, 0, 0, 0, 0, 0, 0, 0,
    0, 0, 0, 0, 0, 0, 0, -6,
    0, 0, 0, 0, 0, 0, 0, 0,
    0, 0, 0, 0, 0, 0, 0, 0,
    -4, 0, 0, 0, 0, 0, 0, 0,
    0, 0, 0, 0, 0, 0, 0, 0,
    0, 0, 0, 0, 0, 0, 0, 0,
    0, -6, 0, 3, -8, 0, 0, 0,
    0, -5, -1, -2, 3, 1, 0, 0,
    0, 0, 0, 0, 0, -7, 0, -6,
    -4, 0, 0, 0, 0, 0, -5, -8,
    0, 0, 0, -7, 0, -8, 0, 0,
    0, -4, 0, 0, 0, 0, 0, -7,
    -4, -4, -4, -7, -7, -7, 0, 0,
    0, 0, -4, -4, 0, 0, -16, 0,
    0, 0, 0, -13, 0, 0, 0, 0,
    0, 0, 0, 0, 0, 0, 0, 0,
    0, 0, 0, 0, 0, -13, 0, 2,
    -6, 0, 0, -2, -15, -4, -13, -10,
    0, -16, 0, 0, 0, 0, 0, 0,
    0, -1, 0, 0, -1, 0, 0, 0,
    0, 0, 0, 0, 0, 0, 0, -1,
    0, -8, 0, 0, 0, 0, 0, 0,
    0, 0, 0, -1, -1, -1, -1, -1,
    -1, -1, 0, 0, 0, 0, -1, -1,
    -6, 0, 0, 0, 0, 0, 0, 0,
    0, -12, 0, -12, -12, 0, 0, 0,
    0, 0, 0, 0, 0, 0, 0, 0,
    0, 0, 0, -10, 0, 0, -19, 0,
    2, 0, 1, 0, -4, -2, 0, 0,
    0, 0, 0, -1, 0, -2, 0, 0,
    4, 0, 0, 0, 0, 0, 0, 4,
    0, 0, 0, -2, 0, -4, 0, 0,
    0, 0, 0, -19, -1, -1, -1, -2,
    4, 4, 4, -2, -2, -2, 0, -1,
    -1, 0, 4, 4, 0, 0, 0, 0,
    0, 0, -4, 0, 0, 4, 2, 4,
    2, 0, 0, 0, 0, 0, 0, 0,
    0, 0, 0, 0, 0, -8, 0, 7,
    0, -5, 0, 0, -4, 0, -4, -2,
    5, -7, 1, 0, -8, 0, 0, 0,
    0, 0, 0, 0, 0, 3, 0, 0,
    0, 0, 0, 0, 0, -1, 0, 0,
    0, 0, 0, 0, 0, 0, 0, 8,
    0, 0, 0, 0, 0, 0, 0, 0,
    0, 0, 0, 0, 0, 0, 0, 0,
    0, 0, 0, 0, 0, 0, 0, 0,
    0, -1, -5, -1, 0, 0, 0, 0,
    0, 0, 0, 0, 0, 0, 0, -1,
    -1, 0, 0, 2, -2, 0, -3, 0,
    -1, -2, 0, 0, 1, -4, 0, 0,
    0, 0, 0, -1, 0, -2, 0, 0,
    0, 0, 0, 0, 0, 0, 0, 0,
    0, 0, 0, -2, 0, 0, 0, 0,
    0, 0, 0, -2, -1, -1, -1, -2,
    0, 0, 0, -2, -2, -2, 0, -1,
    -1, 0, 0, 0, 0, 0, -1, 0,
    0, 0, 0, 0, 0, 0, 4, 0,
    -4, 0, 0, 0, 0, 0, 0, 0,
    0, 0, 0, 0, 0, -3, 0, -2,
    0, 0, 1, 0, -2, 0, -2, -1,
    0, -4, 0, 0, 0, 0, 0, 0,
    0, 0, 0, 0, 0, 0, 0, -2,
    0, -4, 0, -4, 0, 0, 0, 0,
    0, 0, 0, 0, 0, 0, 0, -6,
    0, 0, 0, 0, 0, 0, 0, 0,
    0, 0, -2, 0, 0, 0, 0, 0,
    -4, 0, 6, 0, 0, -7, 0, 4,
    0, -14, -8, -14, -19, 0, 0, 0,
    0, 0, 0, 0, 0, 0, 0, -6,
    -6, 4, -8, -11, -5, 0, -18, -2,
    3, 0, 4, 4, 1, 5, 0, 0,
    6, 0, 0, -13, 0, -15, 0, -13,
    0, 0, -7, -8, -8, 0, -8, -4,
    -9, -8, 0, -15, 0, -16, 0, 0,
    0, -4, 0, -17, -6, -5, -6, -15,
    8, 10, 10, -9, -8, -9, -8, -7,
    -8, 6, 8, 0, -4, 0, 4, 0,
    0, -5, 0, 0, 0, -7, -6, -7,
    -10, 0, 0, 0, 0, 0, 0, 0,
    0, 0, 0, -4, -4, 0, -2, -8,
    -4, 0, -11, -1, 4, 0, 4, 0,
    1, 6, 0, 0, 0, 0, 0, -6,
    0, -7, 0, -4, 2, 0, -6, -5,
    -5, 0, -4, -2, -3, 0, 0, -7,
    0, -9, 0, 0, 0, -5, 0, -14,
    -2, -4, -4, -7, 2, 6, 7, -7,
    -7, -7, -5, -6, -6, 1, 4, 2,
    -4, 0, 4, 0, 0, -2, 0, 0,
    0, -6, -2, -6, -6, 0, 0, 0,
    0, 0, 0, 0, 0, 0, 0, -3,
    -3, 0, 0, -6, -2, 0, -10, -1,
    4, 0, 0, 1, 0, 4, 0, 0,
    0, 0, 0, -1, 0, -5, 0, -4,
    0, 0, 0, 0, 0, 0, -2, 0,
    0, 0, 0, -5, 0, -6, 0, 0,
    0, 0, 0, -13, -1, -1, -1, -5,
    4, 6, 7, -5, -5, -5, 0, -1,
    -1, 1, 6, 0, 0, 0, 0, 0,
    0, 0, 0, 0, 0, 2, -4, 2,
    0, 0, 0, 0, 0, 0, 0, 0,
    0, 0, 0, 0, 0, -2, 0, 4,
    -7, 0, 0, 0, 1, 0, 1, 0,
    0, 3, 0, 0, 0, 0, 0, -2,
    0, -7, 0, 0, 0, 0, 0, 0,
    0, 0, 0, -3, 0, 0, 0, -7,
    0, -7, 0, 0, 0, 0, 0, 0,
    -2, -2, -2, -7, 0, 0, 0, -7,
    -7, -7, 0, -2, -2, 0, 0, 0,
    -6, 0, 0, 0, 0, -10, 0, 0,
    0, -13, -3, -13, -17, 0, 0, 0,
    0, 0, 0, 0, 0, 0, 0, -6,
    -6, -2, -5, -11, -7, 0, -18, -4,
    5, 0, 6, 4, 3, 7, 0, 0,
    4, 0, 0, -11, 0, -13, 0, -13,
    0, 0, -8, -10, -9, 0, -8, -5,
    -5, -6, 0, -13, 0, -15, 0, 0,
    0, -10, 0, -26, -11, -6, -7, -10,
    4, 4, 7, -13, -13, -11, -10, -11,
    -11, 1, 7, 0, 0, 0, 0, 0,
    0, 0, 0, 0, 0, 0, 0, 0,
    0, 0, 0, 0, 0, 0, 0, 0,
    0, 0, 0, 0, 0, 0, 0, 0,
    -7, 0, 0, 0, 0, 0, 0, 0,
    0, 0, 0, 0, 0, 0, 0, 0,
    0, -4, 0, 0, 0, 0, 0, 0,
    0, 0, 0, 0, 0, 0, 0, -4,
    0, -6, 0, 0, 0, 0, 0, 0,
    0, 0, 0, -4, 0, 0, 0, -4,
    -4, -4, 0, 0, 0, 0, 0, 0,
    0, 0, 0, 0, 0, 0, 0, 0,
    0, 0, 0, 0, 0, 0, 0, 0,
    0, -3, 0, 0, 6, 0, 0, 0,
    0, 0, 0, 0, 0, 0, 0, 0,
    0, 0, 0, 0, 0, 0, 0, 0,
    0, 0, 0, 0, 0, 0, 0, 0,
    0, 0, 0, 0, 0, 0, 0, 0,
    0, 0, 0, 0, 0, 0, 0, 0,
    0, 0, 0, 0, 0, 0, 0, 0,
    0, 0, 0, 0, 0, 0, 0, 0,
    0, 0, 0, 0, 0, 0, 0, 0,
    0, 0, 0, 0, 0, 0, 0, 0,
    0, 0, 0, 0, 0, 0, 0, 0,
    0, 0, 0, 0, 0, 0, 0, 0,
    -8, 0, 0, 0, -19, -6, 0, -6,
    0, -17, 0, 0, 0, 0, 0, 0,
    0, 0, 0, 0, -2, 15, 0, 0,
    0, 0, 0, -6, 0, 0, 0, 0,
    0, 0, 0, 0, 0, 0, 0, 0,
    0, 0, 0, 0, -2, -2, -2, 0,
    0, 0, 0, 0, 0, 0, -2, -2,
    0, 0, 0, 0, 0, 0, 0, 0,
    0, 0, 0, 0, 0, 0, 0, 0,
    0, 0, 0, 0, 0, 0, 0, 0,
    0, 0, 0, 0, 0, 0, 0, 0,
    0, 0, 0, 0, 0, 0, 0, 0,
    0, 0, 0, 0, 0, 0, 0, 0,
    0, 4, 0, 0, 0, 0, 0, 0,
    0, 0, 0, 0, 0, 0, 0, 0,
    0, 0, 0, 0, 0, 0, 0, 0,
    0, 0, 0, 0, 0, 0, 0, 0,
    0, 0, 0, 0, 0, 0, 0, 0,
    0, 0, 0, 0, 0, 0, 0, 0,
    0, 0, 0, 0, 0, 0, 0, 0,
    0, 0, 0, 0, 0, 0, 0, 0,
    0, 0, 0, 0, 0, 0, 0, 0,
    0, 0, 0, 0, 0, 0, 0, 0,
    0, 0, 0, 0, 0, 6, 0, 0,
    0, 0, 0, 0, 0, 0, 0, 0,
    0, 0, 0, 0, 0, 0, 0, 0,
    0, 0, 0, 0, 0, 0, 0, 0,
    0, 0, 0, 0, 0, 0, 0, 0,
    0, 0, -8, 0, 0, 0, -4, 0,
    0, 0, -2, 0, 0, 0, 0, 0,
    0, 0, 0, 0, 0, 0, 0, 0,
    0, -9, 0, 0, 0, 0, 0, 0,
    -10, 0, 0, 0, 0, -4, 0, 0,
    -9, 0, 0, 0, 0, -1, -2, 0,
    -2, 0, 0, 0, -2, -2, -2, -2,
    0, 0, 0, -1, 0, 0, 0, 0,
    0, 0, 0, 0, 0, 0, 0, -1,
    -2, -2, -2, -1, -1, -1, 0, 0,
    0, 0, -2, -2, 0, 0, -1, 0,
    0, 0, -4, 0, 0, -2, 2, -2,
    -2, 0, 0, 0, 0, 0, 0, 0,
    0, 0, 0, -1, -1, -8, 0, -3,
    0, 0, 0, 0, -15, 0, -7, -5,
    -7, -13, 0, 0, -12, 0, 0, 0,
    0, 0, -1, 0, -2, 0, 0, 0,
    -1, -2, 0, -2, -4, -3, 0, 0,
    0, -4, 0, 0, 0, -4, 0, 0,
    0, 0, 0, 0, -2, -2, -2, 0,
    0, 0, 0, 0, 0, 0, -2, -2,
    0, 0, 1, 0, 0, 0, -4, 0,
    0, 0, 0, 0, 0, 0, 0, 0,
    0, 0, 0, 0, 0, 0, 0, 0,
    0, -4, 0, 0, 0, 0, 0, 0,
    -12, 0, 0, 0, 0, 0, 0, 0,
    -4, 0, 0, 0, 4, -2, 3, 0,
    1, 0, 0, 0, 0, 4, 0, 0,
    0, 0, 0, -2, 0, 0, 0, 0,
    0, 0, 0, 0, 0, 0, 0, -2,
    1, 1, 1, -2, -2, -2, 0, 0,
    0, 4, 1, 1, 0, 0, -6, 0,
    0, 0, 0, 0, 0, 0, 0, 0,
    -4, 0, 0, 0, 0, 0, 0, 0,
    0, 0, 0, 0, 0, -8, 2, 0,
    0, 0, 0, 0, -15, 0, -7, -5,
    0, -13, 0, 0, -10, 0, 0, 0,
    0, 0, 0, 1, 0, 0, 0, 0,
    0, -1, 0, -2, 0, -2, 0, 0,
    0, 0, 0, 0, 0, 0, 0, 0,
    0, 0, 0, 0, 0, 0, 0, 0,
    0, 0, 0, 0, 0, 0, 0, 0,
    0, 0, 6, 0, 0, 0, 0, 7,
    0, -8, -6, -8, -6, 0, 0, 0,
    0, 0, 0, 0, 0, 0, 0, 0,
    0, 2, -4, 0, 0, 0, 0, 0,
    0, 0, 0, 0, 0, 0, 0, 0,
    0, 0, 0, -3, 0, -5, 2, -4,
    2, 0, 0, 0, -3, 2, 0, 2,
    -1, 0, 0, -5, 0, 0, 0, 0,
    0, 0, 0, 0, -3, -3, -3, -5,
    2, 6, 7, -5, -5, -5, 0, -3,
    -3, 2, 7, 2, 0, 0, 0, 0,
    0, 0, 0, 0, 0, 0, 0, 0,
    0, 0, 0, 0, 0, 0, 0, 0,
    0, 0, 0, 0, 0, 0, 0, 0,
    0, 0, 0, 0, -7, 0, 0, 0,
    0, 0, 0, 0, -6, 0, 0, 0,
    0, 0, 0, 0, 0, 5, 0, 0,
    0, 0, 0, 0, 0, 0, 0, 0,
    0, 0, 0, 0, 0, 0, 0, 0,
    0, 0, 0, 0, 0, 0, 0, 0,
    0, 0, 0, 0, 0, 0, 0, 0,
    0, 0, 0, 0, 0, 0, 0, 0,
    0, 0, 0, 0, 0, 0, 0, 0,
    0, 0, 0, 0, 0, 0, 0, 0,
    0, -6, 0, 0, 0, 0, 0, 0,
    -10, 0, 0, 0, 0, 0, 0, 0,
    -8, 0, 0, 0, 0, 0, -1, 0,
    -1, 0, 0, 0, 0, -2, 0, -3,
    0, 0, 0, 0, 0, 0, 0, 0,
    0, 0, 0, 0, 0, 0, 0, 0,
    -1, -1, -1, 0, 0, 0, 0, 0,
    0, 0, -1, -1, 0, 0, 0, 0,
    0, 0, 0, 0, 0, 0, 0, 0,
    0, 0, 0, 0, 0, 0, 0, 0,
    0, 0, 0, 0, 0, 0, 0, 0,
    0, 0, 0, 0, 0, 0, 0, 0,
    0, 0, 0, 0, 0, 0, 0, 0,
    0, 0, 0, 0, 0, 5, 0, 0,
    0, 0, 0, 0, 0, 0, 0, 0,
    0, 0, 0, 0, 0, 0, 0, 0,
    0, 0, 0, 0, 0, 0, 0, 0,
    0, 0, 0, 0, 0, 0, 0, 0,
    0, 0, 0, 0, 0, -4, 0, 0,
    0, -1, -6, -1, 0, 0, 0, 0,
    0, 0, 0, 0, 0, 0, 0, -1,
    -1, 0, -6, 0, 0, 0, 0, 0,
    -9, 0, 0, 0, 0, 0, 0, 0,
    0, 0, 0, -2, 0, -5, 0, 0,
    -2, 0, 0, 0, 0, -2, 0, 1,
    4, 0, 0, -5, 0, -4, 0, 0,
    0, 0, 0, 0, -2, -2, -2, -5,
    -2, -2, -2, -5, -5, -5, 0, -2,
    -2, 0, -2, -2, 0, 0, 0, 0,
    0, 0, 0, 0, 0, 2, 0, 2,
    0, 0, 0, 0, 0, 0, 0, 0,
    0, 0, 0, 0, 0, 0, 0, 0,
    0, 0, 0, 0, 0, 0, 0, 0,
    0, 0, 0, 0, -4, 0, 0, 2,
    -1, -2, 0, -2, -1, 0, 0, 0,
    0, -2, 0, -2, 0, 0, 0, -2,
    0, 0, 0, 0, 0, 0, 0, 0,
    2, 2, 2, -2, -1, -1, -1, -2,
    -2, -2, 0, 2, 2, -1, -1, -1,
    0, 0, 0, 0, 0, 0, 13, 0,
    0, 8, 0, 0, 15, 0, 0, 0,
    0, 0, 0, 0, 0, 0, 0, 0,
    8, 0, 0, 0, 0, 0, 0, 0,
    -7, 0, 0, 0, 0, 0, 0, 2,
    -6, 17, 18, 0, 0, 0, 0, 0,
    0, 27, 0, 2, 0, 0, 0, 6,
    0, 0, 2, 0, 0, 0, 0, 0,
    0, 0, 11, 0, 0, 0, 0, 0,
    0, 0, 0, 0, 0, 0, 2, 0,
    0, 0, 0, 12, -4, 0, 9, 0,
    0, 0, 0, 0, 0, -13, 0, -13,
    0, 0, 0, 0, 0, 0, 0, 0,
    0, 0, 0, 0, 0, 0, 0, 0,
    0, 0, 0, 0, 0, 0, 0, 0,
    0, 0, 0, 0, 0, 0, 0, -2,
    2, -3, 6, -2, 5, 0, 2, 2,
    0, 5, 2, 3, 0, 0, 0, -3,
    0, 0, 0, 0, 0, 0, 0, 0,
    -2, -2, -2, -3, 5, 5, 5, -3,
    -3, -3, 2, -2, -2, 2, 5, 5,
    0, 0, -4, 0, 0, 0, 0, 0,
    0, 0, 0, 0, 0, 0, 0, 0,
    0, 0, 0, 0, 0, 0, 0, 0,
    0, -8, 0, 0, 0, 0, 0, 0,
    -8, 0, 0, 0, 0, 0, 0, 0,
    -5, 0, 0, 0, 0, 0, 1, 0,
    0, 0, 0, 0, 0, 0, 0, -1,
    -2, 0, 0, 0, 0, 0, 0, 0,
    0, 0, 0, 0, 0, 0, 0, 0,
    0, 0, 0, 0, 0, 0, 0, 0,
    0, 0, 0, 0, 0, 0, 2, 0,
    0, 0, 0, 0, 0, 0, -2, 0,
    0, 0, 0, 0, 0, 0, 0, 0,
    0, 0, 0, 0, 0, -2, -1, 0,
    0, 0, 0, 0, 0, 0, 0, 0,
    0, 0, 0, 0, 0, 0, 0, 0,
    0, -2, 0, 0, 1, 0, 0, 0,
    0, 0, 0, 1, 0, -1, 0, -2,
    0, 0, 0, 0, 0, 0, 0, 0,
    0, 0, 0, -2, 1, 1, 1, -2,
    -2, -2, 0, 0, 0, 0, 1, 1,
    0, 0, 0, 0, 0, 0, 0, 0,
    0, 0, 0, 0, 0, 0, 0, 0,
    0, 0, 0, 0, 0, 0, 0, 0,
    0, 0, 0, 0, 0, 0, 0, 0,
    -7, 0, 0, 0, 0, 0, 0, 0,
    -6, 0, 0, 0, 0, 0, 0, 0,
    0, 0, 0, 0, 0, 0, 0, 0,
    0, 0, 0, 0, 0, 0, 0, 0,
    0, 0, 0, 0, 0, 0, 0, 0,
    0, 0, 0, 0, 0, 0, 0, 0,
    0, 0, 0, 0, -2, 0, 0, 0,
    0, 0, 0, 0, 0, -8, -2, -8,
    -6, 0, 0, 0, 0, 0, 0, 0,
    0, 0, 0, 0, 0, 0, 0, -6,
    0, 0, 0, 0, -4, 0, -2, 0,
    -3, -5, 0, 0, -4, 0, 0, -2,
    0, -2, 4, -2, 3, 0, 0, 0,
    -1, 2, 0, 5, 0, 0, 0, -2,
    0, 0, 0, 0, 0, 0, 0, 0,
    -2, -2, -2, -2, 3, 3, 3, -2,
    -2, -2, 0, -2, -2, 0, 3, 3,
    0, 0, 0, 0, 0, 0, 0, 0,
    0, 0, 0, 0, 0, 0, 0, 0,
    0, 0, 0, 0, 0, 0, 0, 0,
    0, 0, 0, 0, 0, 0, 0, 0,
    -9, 0, -3, 0, 0, -5, 0, 0,
    0, 0, 0, 0, 0, -4, 1, -2,
    0, 0, 0, 0, -1, 0, 0, 0,
    5, 0, 0, -4, 0, 0, 0, 0,
    0, 0, 0, 0, 0, 0, 0, -4,
    0, 0, 0, -4, -4, -4, 0, 0,
    0, 0, 0, 0, 0, 0, 0, 0,
    0, 0, 0, 0, 0, 0, -3, 0,
    0, 0, 0, 0, 0, 0, 0, 0,
    0, 0, 0, 0, 0, 0, 0, 0,
    0, 0, 0, 0, -8, 0, 0, 0,
    0, -6, 0, 0, 0, 0, 0, 0,
    0, -3, 2, 0, 0, 0, 0, 0,
    0, 2, 0, 2, 0, 0, 0, -3,
    0, 0, 0, 0, 0, 0, 0, 0,
    0, 0, 0, -3, 0, 0, 0, -3,
    -3, -3, 0, 0, 0, 0, 0, 0,
    0, 0, 0, 0, 0, 0, 0, 0,
    0, 0, 0, 0, 0, 0, 0, 0,
    0, 0, 0, 0, 0, 0, 0, 0,
    0, 0, 0, 0, 0, 0, 0, 0,
    0, 0, 0, 0, 0, 0, 0, 0,
    0, 0, 0, 0, 0, 0, 0, 0,
    0, 6, 0, 0, 0, 0, 0, 0,
    0, 0, 0, 0, 0, 0, 0, 0,
    0, 0, 0, 0, 0, 0, 0, 0,
    0, 0, 0, 0, 0, 0, 0, 0,
    0, 0, 0, 0, 0, 0, 0, 0,
    0, 0, 0, 0, 0, 0, 0, 0,
    0, 0, 0, 0, 0, 0, 0, 0,
    0, 0, 0, 0, 0, 0, 0, 0,
    0, 0, 0, 0, -6, 0, -6, -4,
    0, -10, 0, 0, 0, 0, 0, 0,
    0, 0, 0, 0, 0, 8, 0, 0,
    0, 0, 0, 0, 0, 0, 0, 0,
    0, 0, 0, 0, 0, 0, 0, 0,
    0, 0, 0, 0, 0, 0, 0, 0,
    0, 0, 0, 0, 0, 0, 0, 0,
    0, 0, 1, 0, 0, 0, -4, 0,
    0, 0, 0, 0, 0, 0, 0, 0,
    0, 0, 0, 0, 0, 0, 0, 0,
    0, -4, 0, 0, 0, 0, 0, 0,
    0, 0, 0, 0, 0, 0, 0, 0,
    -4, 0, 0, 0, 0, 0, 0, 0,
    0, 0, 0, 0, 0, 0, 0, 0,
    0, 0, 0, -2, 0, 0, 0, 0,
    0, 0, 0, 0, 0, 0, 0, 0,
    0, 0, 0, 0, 0, 0, 0, 0,
    0, 0, 0, 0, 0, 0, 0, 0,
    0, 0, 0, 0, 0, 0, 0, 0,
    0, 0, 0, 0, 0, 0, 0, 0,
    0, 0, 0, 0, 0, 0, 0, 0,
    0, 0, 0, 0, 0, 0, 0, 0,
    0, 0, 0, 0, 0, 0, 0, 0,
    0, 0, 0, 0, 0, 2, 0, 0,
    0, 0, 0, 0, 0, 0, 0, 0,
    0, 0, 0, 0, 0, 0, 0, 0,
    0, 0, 0, 0, 0, 0, 0, 0,
    0, 0, 0, 0, 0, 0, 0, 0,
    0, 0, 0, 0, 0, 0, 0, 0,
    0, 0, 0, 0, 0, 0, 0, 0,
    0, 0, 0, 0, 0, 0, 0, 0,
    0, 0, 0, 0, 0, 0, 0, 0,
    0, 0, 0, 0, 0, 0, 0, 0,
    0, 0, 0, 0, 0, 0, 0, 0,
    0, 0, 0, 0, 0, 0, 0, 0,
    0, 0, 0, -4, 0, 0, 0, 0,
    0, 0, 0, 0, 0, 0, 0, 0,
    0, 0, 0, 0, 0, 0, 0, 0,
    0, 0, 0, 0, 0, 0, 0, 0,
    0, 0, 0, 0, 0, 0, 0, 0,
    0, 0, 5, 0, 0, 0, 0, 0,
    10, 0, 0, 0, 0, 0, 0, 0,
    0, 0, 0, 0, 0, 0, 0, 0,
    0, 0, 0, 0, 0, 0, 0, 0,
    0, 0, 0, 0, 0, 0, 0, 0,
    0, 0, 0, 0, 0, 0, 0, 0,
    0, 0, 0, 0, 0, 0, 0, 0,
    0, 0, 0, 0, 0, 0, 0, 0,
    0, 0, 0, 0, 0, 0, 0, 0,
    0, 0, 0, 0, 0, 0, 0, 0,
    0, 0, 0, 0, 0, 0, 0, 0,
    0, 0, 0, 0, 0, 0, 0, 0,
    0, 0, 0, 0, 0, 0, 0, 0,
    0, 0, 0, 0, 0, 0, 0, 0,
    0, 0, 0, 0, 0, 0, 0, 0,
    0, 0, 0, 0, 0, 0, 0, 0,
    0, 0, 0, 0, 0, 0, 0, 0,
    0, 0, 0, 0, 0, 0, 0, 0,
    0, 0, 0, 0, 0, 0, 0, 0,
    0, 2, 0, 0, 0, 0, 0, 0,
    0, 0, 0, 0, 0, 0, 0, 0,
    0, 0, 0, 0, 0, 0, 0, 0,
    0, 0, 0, 0, 0, 0, 0, 0,
    0, 0, 0, 0, 0, 0, 0, 0,
    0, 0, 0, 0, 0, 0, 0, 0,
    0, 0, 0, 0, 0, 0, 0, 0,
    0, 0, 0, 0, 0, 0, 0, -2,
    0, 0, 0, 0, 0, 0, 0, 0,
    0, 0, 0, 0, 0, 0, 0, 0,
    0, 0, 0, 0, 0, 0, 0, 0,
    0, 0, 0, 0, 0, 0, 0, 0,
    0, 0, 0, 0, 0, 0, 0, 0,
    0, 0, 0, 0, 0, 0, 0, 0,
    0, 0, 0, 0, 0, 0, 0, 0,
    0, 0, 0, 0, 0, 0, 0, 0,
    0, 0, 0, 0, 0, 0, 0, 0,
    0, 0, 0, 0, 0, 0, 0, 0,
    0, 0, 0, -8, 0, 0, 0, 0,
    0, 0, 0, 0, 0, 0, 0, 0,
    0, 0, 0, 0, 0, 0, 0, 0,
    0, 0, 0, 0, 0, 0, 0, 0,
    0, 0, -10, 0, 0, 0, 2, 0,
    -6, 0, 0, 0, 0, 0, 0, 0,
    0, 0, 0, 0, 0, -4, 0, -3,
    0, 0, 0, 0, 0, 0, -6, 0,
    -8, 0, 0, 0, -2, 0, 0, 0,
    0, 0, 0, 0, 0, 0, 0, 0,
    0, 0, 0, 0, 0, 0, 0, 0,
    0, 0, 0, 0, 0, 0, 0, -11,
    0, 0, 0, 0, 0, 0, 0, 0,
    0, 0, 0, 0, 0, 0, 0, 0,
    0, 0, 0, 0, 0, 0, 0, 0,
    0, 0, 0, 0, 0, 0, 0, 0,
    0, 0, 0, 0, 0, 0, 0, 0,
    0, 0, 0, 0, 0, 0, 0, 0,
    0, 0, 0, 0, 0, 0, 0, 0,
    -4, 0, 0, 0, 0, 0, 0, 0,
    0, 0, 0, 0, 0, 0, 0, -2,
    0, 0, 0, 0, 0, 0, 0, 0,
    0, 0, 0, 0, 0, 0, 0, 0,
    0, 0, 0, 0, 0, 0, 0, 0,
    0, 0, 0, 0, 0, 0, 5, 0,
    0, 0, 0, 0, 0, 0, 0, 0,
    0, 0, 0, 0, 0, 0, 0, 0,
    0, 0, 0, 0, 0, 6, 0, 0,
    0, 0, 0, 0, 0, 0, 0, 0,
    0, 0, 0, 0, 0, 2, 0, 0,
    2, 0, 0, 0, 0, 0, 0, 0,
    0, 0, 0, 0, 0, 0, 0, 0,
    0, 0, 4, 1, 0, 0, 0, 0,
    0, 0, 0, 0, 0, 0, 0, 0,
    0, 0, 1, 0, 0, 2, 0, 0,
    0, 0, 0, 0, 0, 0, 0, 0,
    0, 0, 0, 0, 0, 0, 0, 0,
    0, 0, 0, 0, 0, 0, 0, 0,
    0, 0, 0, 0, 0, 0, 0, 0,
    0, 0, 0, 0, 0, 0, 0, 0,
    0, 1, 0, 0, 3, 0, 0, 0,
    0, 0, 0, 0, 0, 0, 0, 0,
    0, 0, 0, 0, 6, 0, 0, 0,
    0, 0, 0, 0, 0, 0, 0, 0,
    0, 0, 0, 0, 0, 0, 0, 0,
    0, 3, 0, 0, 0, 0, 0, 0,
    0, 0, 0, 0, 0, -4, 0, -4,
    0, 0, 0, 0, 0, 0, 0, 0,
    0, 0, 0, 0, 0, 0, 0, 0,
    0, 0, 0, 0, 0, 0, 0, 0,
    0, 0, 0, 0, 0, 0, 0, 0,
    0, 0, 0, 0, 0, 0, 0, 0,
    0, 0, 0, 0, 0, 0, 0, 0,
    0, 0, 0, 0, 0, 0, 0, 0,
    0, 0, 0, 0, 0, 0, 0, 0,
    0, 0, 0, 0, 0, 0, 0, 0,
    -2, -2, -10, 0, 0, 0, -4, -13,
    0, 2, -2, 2, 2, 0, 0, 0,
    0, 0, 0, 0, 0, 0, 0, 0,
    0, -10, 0, 4, -4, 0, 0, -3,
    -11, -6, -8, -6, 4, -11, 0, 0,
    -12, 0, 0, 0, 0, -3, -2, 0,
    0, 14, 0, 0, 0, -5, -2, -6,
    0, 0, 0, -3, 0, 0, 0, 0,
    0, 0, 0, 0, 0, 0, 0, -3,
    0, 0, 0, -3, -3, -3, 0, 0,
    0, 0, 0, 0, 0, 0, -8, 0,
    0, 0, -4, 0, 0, 0, -2, 0,
    0, 0, 0, 0, 0, 0, 0, 0,
    0, 0, 0, 0, 0, -9, 0, 0,
    0, 0, 0, 0, -10, 0, 0, 0,
    0, -4, 0, 0, -9, 0, 0, 0,
    0, -1, -2, 0, -2, 8, 0, 0,
    -2, -2, -2, -2, 0, 0, 0, -1,
    0, 0, 0, 0, 0, 0, 0, 0,
    0, 0, 0, -1, -2, -2, -2, -1,
    -1, -1, 0, 0, 0, 0, -2, -2,
    0, 0, 2, -5, 0, -13, 1, 0,
    0, -16, -12, -16, -16, 0, 0, 0,
    0, 0, 0, 0, 0, 0, 0, 0,
    0, 0, -12, 0, 0, 0, 0, 0,
    0, 0, 0, 0, 0, 0, 0, 0,
    6, 1, -16, -8, 0, -11, -2, -7,
    -1, -2, -4, -4, -7, 0, -4, -1,
    -2, -1, 0, -11, 6, -16, 0, 0,
    -13, -16, 0, 0, -8, -8, -8, -11,
    -1, -1, -1, -11, -11, -11, 0, -8,
    -8, 0, -1, -1, 0, 0, 0, 0,
    0, 0, 0, 0, 0, 0, 0, 0,
    0, 0, 0, 0, 0, 0, 0, 0,
    0, 0, 0, 0, 0, 5, 0, 0,
    0, 0, 0, 0, 0, 0, 0, 0,
    0, 0, 0, 0, 0, 0, 0, 0,
    0, 0, 0, 0, 0, 0, 0, 0,
    0, 0, 0, 0, 0, 0, 0, 0,
    0, 0, 0, 0, 0, 0, 0, 0,
    0, 0, 0, 0, 0, 0, 0, 0,
    0, 0, 0, 0, 0, 0, 0, 0,
    0, 0, 0, 0, 0, 0, 0, 0,
    0, 0, 0, 0, 0, 0, 0, 0,
    0, 0, 0, 0, 0, 0, 0, 0,
    0, 0, 0, 0, -5, 0, 0, -1,
    2, 0, 0, 0, 0, 0, 0, 0,
    0, 0, 0, 0, 0, -2, 0, 0,
    0, 9, 0, 0, 0, 0, 0, -2,
    0, 0, 0, -2, 0, 0, 0, 0,
    0, 0, 0, 0, 0, 0, 0, -2,
    0, 0, 0, -2, -2, -2, 0, 0,
    0, 0, 0, 0, 0, 0, 0, 0,
    0, 0, 0, 0, 0, 0, 0, 0,
    0, 0, 0, 0, 0, 0, 0, 0,
    0, 0, 0, 0, 0, 0, 0, 0,
    0, 0, 0, 0, 0, 0, 0, 0,
    0, 0, 0, 0, 0, 0, 0, 0,
    0, 0, 0, 0, 0, 0, 0, 0,
    0, 0, 0, 0, 0, 0, 0, 0,
    0, 0, 0, 0, 0, 0, 0, 0,
    0, 0, 0, 0, 0, 6, 0, 0,
    0, 0, 0, 0, 0, 6, 0, 0,
    0, 0, 0, 0, 0, 0, 0, 0,
    0, 0, 0, 0, 0, 0, 0, 0,
    0, 0, 0, 0, 0, 0, 0, 0,
    0, 0, 0, 0, -5, 0, 0, 0,
    0, 0, 0, 0, 0, 0, 0, 0,
    0, 0, 0, -2, 0, -5, 0, -4,
    0, 6, 0, 0, 0, 0, 0, -4,
    0, 0, 0, -5, 0, 0, 0, 0,
    0, 0, 0, 0, -2, -2, -2, -5,
    0, 0, 0, -5, -5, -5, 0, -2,
    -2, 0, 0, 0, 0, 0, 0, 0,
    0, 0, 0, 0, 0, 0, 0, 0,
    0, 0, 0, 0, 0, 0, 0, 0,
    0, 0, 0, 0, 0, 0, 0, 0,
    0, 0, 0, 0, 0, 0, 0, 0,
    0, 0, 0, 0, 0, 0, 0, 0,
    0, 0, 0, 0, 0, 5, 0, 0,
    0, 0, 0, 0, 0, 0, 0, 0,
    0, 0, 0, 0, 0, 0, 0, 0,
    0, 0, 0, 0, 0, 0, 0, 0,
    0, 0, 0, 0, 0, 0, 0, 0,
    0, 0, 0, 0, 0, 0, 0, 0,
    0, 2, 0, 2, 0, 0, 0, 0,
    0, 0, 0, 0, 0, 0, 0, 0,
    0, 0, 0, 0, 0, 0, 0, 0,
    0, 0, 0, 0, 0, 0, 0, 0,
    -4, 0, 0, 2, -1, -2, 0, -2,
    -1, 8, 0, 0, 0, -2, 0, -2,
    0, 0, 0, -2, 0, 0, 0, 0,
    0, 0, 0, 0, 2, 2, 2, -2,
    -1, -1, -1, -2, -2, -2, 0, 2,
    2, -1, -1, -1, 0, 0, 2, -4,
    0, -10, 1, -4, 0, -10, -10, -10,
    -10, 0, 0, 0, 0, 0, 0, 0,
    0, 0, 0, -2, -2, 0, -9, 0,
    0, 0, 0, 0, 0, 0, 0, 0,
    0, 0, 0, 0, 6, 1, -9, -7,
    0, -10, -2, -8, -1, 0, -4, -2,
    -8, -1, -5, -1, -2, -5, 0, -10,
    6, -10, 0, 0, -10, -10, 0, 0,
    -7, -7, -7, -10, -1, -1, -1, -10,
    -10, -10, 0, -7, -7, 0, -1, -1,
    0, 0, 2, 0, 0, 0, 0, 0,
    0, 0, -2, 0, 0, 0, 0, 0,
    0, 0, 0, 0, 0, 0, 0, 0,
    0, -2, -1, 0, 0, 0, 0, 0,
    0, 0, 0, 0, 0, 0, 0, 0,
    0, 0, 0, 0, 0, -2, 0, 0,
    1, 9, 0, 0, 0, 0, 0, 1,
    0, -1, 0, -2, 0, 0, 0, 0,
    0, 0, 0, 0, 0, 0, 0, -2,
    1, 1, 1, -2, -2, -2, 0, 0,
    0, 0, 1, 1, 0, 0, 2, 0,
    0, 0, 0, 0, 0, 0, -2, 0,
    0, 0, 0, 0, 0, 0, 0, 0,
    0, 0, 0, 0, 0, -2, -1, 0,
    0, 0, 0, 0, 0, 0, 0, 0,
    0, 0, 0, 0, 2, 1, 0, 0,
    0, -2, 0, 0, 1, 0, 0, 0,
    0, 0, 0, 1, 0, -1, 0, -2,
    0, 0, 0, 0, 0, 0, 0, 0,
    0, 0, 0, -2, 1, 1, 1, -2,
    -2, -2, 0, 0, 0, 0, 1, 1
};


/*Collect the kern class' data in one place*/
static const lv_font_fmt_txt_kern_classes_t kern_classes =
{
    .class_pair_values   = kern_class_values,
    .left_class_mapping  = kern_left_class_mapping,
    .right_class_mapping = kern_right_class_mapping,
    .left_class_cnt      = 90,
    .right_class_cnt     = 84,
};

/*--------------------
 *  ALL CUSTOM DATA
 *--------------------*/

#if LVGL_VERSION_MAJOR == 8
/*Store all the custom data of the font*/
static  lv_font_fmt_txt_glyph_cache_t cache;
#endif

#if LVGL_VERSION_MAJOR >= 8
static const lv_font_fmt_txt_dsc_t font_dsc = {
#else
static lv_font_fmt_txt_dsc_t font_dsc = {
#endif
    .glyph_bitmap = glyph_bitmap,
    .glyph_dsc = glyph_dsc,
    .cmaps = cmaps,
    .kern_dsc = &kern_classes,
    .kern_scale = 16,
    .cmap_num = 7,
    .bpp = 4,
    .kern_classes = 1,
    .bitmap_format = 0,
#if LVGL_VERSION_MAJOR == 8
    .cache = &cache
#endif
};



/*-----------------
 *  PUBLIC FONT
 *----------------*/

/*Initialize a public general font descriptor*/
#if LVGL_VERSION_MAJOR >= 8
const lv_font_t lv_font_ratdeck_12 = {
#else
lv_font_t lv_font_ratdeck_12 = {
#endif
    .get_glyph_dsc = lv_font_get_glyph_dsc_fmt_txt,    /*Function pointer to get glyph's data*/
    .get_glyph_bitmap = lv_font_get_bitmap_fmt_txt,    /*Function pointer to get glyph's bitmap*/
    .line_height = 14,          /*The maximum line height required by the font*/
    .base_line = 3,             /*Baseline measured from the bottom of the line*/
#if !(LVGL_VERSION_MAJOR == 6 && LVGL_VERSION_MINOR == 0)
    .subpx = LV_FONT_SUBPX_NONE,
#endif
#if LV_VERSION_CHECK(7, 4, 0) || LVGL_VERSION_MAJOR >= 8
    .underline_position = -1,
    .underline_thickness = 1,
#endif
    .dsc = &font_dsc,          /*The custom font data. Will be accessed by `get_glyph_bitmap/dsc` */
#if LV_VERSION_CHECK(8, 2, 0) || LVGL_VERSION_MAJOR >= 9
    .fallback = NULL,
#endif
    .user_data = NULL,
};



#endif /*#if LV_FONT_RATDECK_12*/

